VBELN;POSNR;FKART;FKDAT;RFBSK;FKSTO;VBTYP;ERDAT;MATNR;NETWR;MWSBP;MATKL;FKIMG;SELLER_ID;SELLER_NOMBRE;SELLER_APELLIDO
0900417764;000010;ZNCN;20260302;C;;O;20260302;NC01;4302.76;817.52;0180;1.000;;;
0900417845;000010;ZNCN;20260302;C;;O;20260302;000000000000775003;445.36;84.62;0103;1.000;;;
0900417845;000020;ZNCN;20260302;C;;O;20260302;000000000000775427;97.89;18.60;0103;1.000;;;
0900417996;000010;ZNCA;20260302;C;;O;20260302;;0.00;0.00;;0.000;;;
0900418017;000010;ZNCA;20260302;C;;O;20260302;;0.00;0.00;;0.000;;;
0900418057;000010;ZNCN;20260302;C;;O;20260302;CS54;560.01;106.40;0082;1.400;;;
0900418057;000020;ZNCN;20260302;C;;O;20260302;000000000000897455;976.56;185.55;0083;12.000;;;
0900418057;000030;ZNCN;20260302;C;;O;20260302;000000000000819714;271.75;51.63;0200;1.000;;;
0900418057;000040;ZNCN;20260302;C;;O;20260302;VARIOS_LIVIANO;143.36;27.24;0027;1.000;;;
0900418112;000020;ZNCN;20260302;C;;O;20260302;000000000000155514;170.96;32.48;0103;1.000;;;
0900418118;000010;ZNCN;20260302;C;;O;20260302;000000000000921573;4225.45;802.84;0005;2.000;;;
0900418130;000020;ZNCN;20260302;C;;O;20260302;000000000000838693;512.14;97.31;0103;2.000;;;
0900418130;000030;ZNCN;20260302;C;;O;20260302;000000000000790881;198.02;37.62;0103;4.000;;;
0900418146;000080;ZNCN;20260302;C;;O;20260302;000000000000159780;977.40;185.71;0103;6.000;;;
0900418146;000090;ZNCN;20260302;C;;O;20260302;000000000000155121;1503.36;285.63;0103;6.000;;;
0900418197;000020;ZNCN;20260302;C;;O;20260302;000000000000183246;329.94;62.69;0103;1.000;;;
0900418198;000010;ZNCN;20260302;C;;O;20260302;000000000000744123;3043.33;578.23;0006;1.000;;;
0900418203;000010;ZNCN;20260302;C;;O;20260302;000000000000108013;738.05;140.23;0103;1.000;;;
0900418206;000020;ZNCN;20260302;C;;O;20260302;000000000000736740;228.20;43.36;0001;2.000;;;
0900418213;000010;ZNCN;20260302;C;;O;20260302;000000000000835072;2018.00;383.42;0019;2.000;;;
0900418432;000030;ZNCN;20260302;C;;O;20260302;000000000000704237;1121.76;213.13;0034;1.000;;;
0900418432;000040;ZNCN;20260302;C;;O;20260302;000000000000704208;1121.76;213.14;0034;1.000;;;
0900418488;000010;ZNCA;20260302;C;;O;20260302;000000000000016540;1015977.60;193035.74;0002;1.000;;;
0900418526;000010;ZNCN;20260302;C;;O;20260302;000000000000877621;4574.36;869.12;0019;4.000;;;
0900418526;000020;ZNCN;20260302;C;;O;20260302;000000000000822443;2251.29;427.75;0019;3.000;;;
0900418526;000030;ZNCN;20260302;C;;O;20260302;000000000000852189;2302.56;437.49;0019;3.000;;;
0900418526;000040;ZNCN;20260302;C;;O;20260302;000000000000852189;2302.56;437.49;0019;3.000;;;
0900418526;000050;ZNCN;20260302;C;;O;20260302;000000000000754788;1943.58;369.28;0019;3.000;;;
0900418526;000060;ZNCN;20260302;C;;O;20260302;000000000000113415;2456.40;466.72;0019;3.000;;;
0900418526;000070;ZNCN;20260302;C;;O;20260302;000000000000835071;2218.80;421.57;0019;2.000;;;
0900418526;000080;ZNCN;20260302;C;;O;20260302;000000000000863504;2389.74;454.05;0019;2.000;;;
0900418578;000010;ZNCN;20260302;C;;O;20260302;000000000000729491;4197.23;797.47;0103;2.000;;;
0900418652;000010;ZNCN;20260302;C;;O;20260302;NC01;2100.00;399.00;0180;1.000;;;
0900418730;000060;ZNCN;20260302;C;;O;20260302;000000000000912035;4550.53;864.60;0103;1.000;;;
0900418731;000010;ZNCN;20260302;C;;O;20260302;VARIOS_LIVIANO;210.08;39.92;0027;1.000;;;
0900418772;000010;ZNCN;20260302;C;;O;20260302;CS54;1739.99;330.60;0082;3.000;;;
0900418772;000020;ZNCN;20260302;C;;O;20260302;N450390_SL;200.00;38.00;0027;1.000;;;
0900418772;000030;ZNCN;20260302;C;;O;20260302;000000000000900748;1336.80;253.99;0083;8.000;;;
0900418772;000040;ZNCN;20260302;C;;O;20260302;000000000000867953;92.09;17.50;0118;1.000;;;
0900418799;000010;ZNCN;20260302;C;;O;20260302;000000000000125752;20356.13;3867.66;0103;1.000;;;
0900418799;000020;ZNCN;20260302;C;;O;20260302;000000000000157277;334.10;63.48;0103;8.000;;;
0900418802;000010;ZNCN;20260302;C;;O;20260302;000000000000156431;744.53;141.46;0103;3.000;;;
0900418802;000020;ZNCN;20260302;C;;O;20260302;000000000000122824;149.31;28.37;0103;3.000;;;
0900418802;000030;ZNCN;20260302;C;;O;20260302;000000000000188936;814.59;154.77;0103;3.000;;;
0900418802;000040;ZNCN;20260302;C;;O;20260302;000000000000188937;1111.68;211.22;0103;3.000;;;
0900418802;000050;ZNCN;20260302;C;;O;20260302;000000000000990819;1905.96;362.13;0001;3.000;;;
0900418802;000060;ZNCN;20260302;C;;O;20260302;000000000000101616;383.71;72.90;0001;3.000;;;
0900418802;000070;ZNCN;20260302;C;;O;20260302;000000000000109259;1263.42;240.05;0001;3.000;;;
0900418802;000080;ZNCN;20260302;C;;O;20260302;000000000000895711;4865.61;924.47;0001;3.000;;;
0900418802;000090;ZNCN;20260302;C;;O;20260302;000000000000978661;1758.85;334.18;0001;3.000;;;
0900418802;000100;ZNCN;20260302;C;;O;20260302;000000000000735983;9250.70;1757.64;0005;1.000;;;
0900418808;000010;ZNCA;20260302;C;X;O;20260302;000000000000003260;1800.00;342.00;0028;0.000;;;
0900418851;000010;ZNCN;20260302;C;;O;20260302;000000000000996447;695.45;132.14;0083;5.200;;;
0900418851;000020;ZNCN;20260302;C;;O;20260302;000000000000826462;977.55;185.73;0083;7.500;;;
0900418851;000030;ZNCN;20260302;C;;O;20260302;000000000000837738;362.04;68.79;0010;1.000;;;
0900418851;000040;ZNCN;20260302;C;;O;20260302;000000000000896006;461.65;87.71;0010;1.000;;;
0900418851;000050;ZNCN;20260302;C;;O;20260302;000000000000207950;17.04;3.24;0010;1.000;;;
0900418851;000060;ZNCN;20260302;C;;O;20260302;000000000000136271;132.63;25.20;0010;1.000;;;
0900418851;000070;ZNCN;20260302;C;;O;20260302;CS51;1375.02;261.25;0082;2.500;;;
0900418851;000080;ZNCN;20260302;C;;O;20260302;VARIOS_LIVIANO;1860.88;353.57;0027;1.000;;;
0900418853;000010;ZNCA;20260302;C;;O;20260302;000000000000003260;1800.00;342.00;0028;0.000;;;
0900418905;000010;ZNCA;20260302;C;;O;20260302;000000000000003260;1800.01;342.00;0028;1.000;;;
0900418922;000010;ZNCN;20260302;C;;O;20260302;000000000000107813;846.20;160.78;0001;1.000;;;
0900418923;000010;ZNCN;20260302;C;;O;20260302;CS54;2030.00;385.69;0082;3.500;;;
0900418923;000020;ZNCN;20260302;C;;O;20260302;000000000000874008;1150.00;218.50;0083;8.000;;;
0900418923;000030;ZNCN;20260302;C;;O;20260302;000000000000870097;381.19;72.43;0119;1.000;;;
0900418923;000040;ZNCN;20260302;C;;O;20260302;000000000000870947;208.31;39.58;0119;1.000;;;
0900418923;000050;ZNCN;20260302;C;;O;20260302;000000000000870016;291.52;55.39;0119;1.000;;;
0900418923;000060;ZNCN;20260302;C;;O;20260302;000000000000871454;46.30;8.80;0119;1.000;;;
0900418977;000010;ZNCN;20260302;C;;O;20260302;000000000001057682;1527.85;290.29;0024;15.000;;;
0900418993;000050;ZNCN;20260302;C;;O;20260302;000000000000793828;2094.50;397.96;0103;2.000;;;
0900418996;000020;ZNCN;20260302;C;;O;20260302;000000000000921569;8871.61;1685.61;0103;2.000;;;
0900419000;000070;ZNCN;20260302;C;;O;20260302;000000000000751382;978.68;185.95;0034;2.000;;;
0900419000;000080;ZNCN;20260302;C;;O;20260302;000000000000862001;1200.60;228.11;0034;2.000;;;
0900419002;000070;ZNCN;20260302;C;;O;20260302;000000000000784427;265.64;50.47;0013;4.000;;;
0900419002;000080;ZNCN;20260302;C;;O;20260302;000000000001020509;200.99;38.19;0013;1.000;;;
0900419004;000090;ZNCN;20260302;C;;O;20260302;000000000000700884;655.14;124.48;0034;4.000;;;
0900419004;000100;ZNCN;20260302;C;;O;20260302;000000000000702529;376.88;71.61;0034;2.000;;;
0900419004;000110;ZNCN;20260302;C;;O;20260302;000000000000713481;141.34;26.85;0034;2.000;;;
0900419004;000120;ZNCN;20260302;C;;O;20260302;000000000000700940;701.62;133.31;0034;2.000;;;
0900419004;000130;ZNCN;20260302;C;;O;20260302;000000000000700936;840.80;159.75;0034;2.000;;;
0900419004;000140;ZNCN;20260302;C;;O;20260302;000000000000742716;269.33;51.17;0034;1.000;;;
0900419004;000150;ZNCN;20260302;C;;O;20260302;000000000000130347;4165.28;791.40;0129;4.000;;;
0900419004;000160;ZNCN;20260302;C;;O;20260302;000000000000862001;615.31;116.91;0034;1.000;;;
0900419058;000010;ZNCN;20260302;C;;O;20260302;000000000001032943;1166.20;221.58;0024;1.000;;;
0900419058;000020;ZNCN;20260302;C;;O;20260302;000000000001018548;1309.00;248.71;0024;1.000;;;
0900419058;000030;ZNCN;20260302;C;;O;20260302;000000000000852710;201.51;38.29;0003;1.000;;;
0900419058;000040;ZNCN;20260302;C;;O;20260302;000000000001046774;131.44;24.97;0003;1.000;;;
0900419058;000050;ZNCN;20260302;C;;O;20260302;000000000000006478;200.00;38.00;0027;1.000;;;
0900419058;000060;ZNCN;20260302;C;;O;20260302;000000000001033702;79.27;15.06;0083;1.000;;;
0900419058;000070;ZNCN;20260302;C;;O;20260302;000000000000999250;27.34;5.19;0083;1.000;;;
0900419058;000080;ZNCN;20260302;C;;O;20260302;000000000000956201;1156.00;219.64;0083;8.000;;;
0900419058;000090;ZNCN;20260302;C;;O;20260302;CS51;1600.00;304.01;0082;4.000;;;
0900419058;000100;ZNCN;20260302;C;;O;20260302;CS54;1275.00;242.25;0082;3.000;;;
0900419058;000110;ZNCN;20260302;C;;O;20260302;VARIOS_LIVIANO;23.28;4.42;0027;1.000;;;
0900419064;000010;ZNCN;20260302;C;;O;20260302;000000000001057682;104.43;19.84;0024;1.000;;;
0900419139;000010;ZNCN;20260302;C;;O;20260302;MV11;0.02;0.00;0055;2.000;;;
0900419139;000020;ZNCN;20260302;C;;O;20260302;CS84;2318.82;440.56;0082;5.900;;;
0900419139;000030;ZNCN;20260302;C;;O;20260302;000000000000947909;117.24;22.28;0103;1.000;;;
0900419139;000040;ZNCN;20260302;C;;O;20260302;000000000000733264;645.49;122.64;0103;1.000;;;
0900419139;000050;ZNCN;20260302;C;;O;20260302;000000000000155443;476.92;90.61;0103;1.000;;;
0900419139;000060;ZNCN;20260302;C;;O;20260302;000000000000122824;49.77;9.46;0103;1.000;;;
0900419139;000070;ZNCN;20260302;C;;O;20260302;000000000000156431;248.18;47.15;0103;1.000;;;
0900419139;000080;ZNCN;20260302;C;;O;20260302;000000000000188937;370.56;70.41;0103;1.000;;;
0900419139;000090;ZNCN;20260302;C;;O;20260302;000000000000188936;258.93;49.20;0103;1.000;;;
0900419139;000100;ZNCN;20260302;C;;O;20260302;000000000000778890;88.24;16.77;0005;1.000;;;
0900419139;000110;ZNCN;20260302;C;;O;20260302;000000000000778838;80.46;15.29;0103;1.000;;;
0900419139;000120;ZNCN;20260302;C;;O;20260302;000000000000161922;190.22;36.14;0005;1.000;;;
0900419139;000130;ZNCN;20260302;C;;O;20260302;000000000000735982;899.37;170.88;0005;1.000;;;
0900419139;000140;ZNCN;20260302;C;;O;20260302;000000000000735981;578.82;109.98;0005;3.000;;;
0900419139;000150;ZNCN;20260302;C;;O;20260302;000000000000156141;886.14;168.37;0005;1.000;;;
0900419139;000160;ZNCN;20260302;C;;O;20260302;KMAGR2;558.40;106.10;0084;80.000;;;
0900419139;000170;ZNCN;20260302;C;;O;20260302;MOV0004;177.24;33.68;0055;1.000;;;
0900419169;000010;ZNCN;20260302;C;;O;20260302;CS54;1483.86;281.93;0082;2.500;;;
0900419169;000020;ZNCN;20260302;C;;O;20260302;SERV.EXTERNO;9621.36;1828.06;0086;2.000;;;
0900419169;000030;ZNCN;20260302;C;;O;20260302;000000000000969811;55.08;10.47;0029;1.000;;;
0900419169;000040;ZNCN;20260302;C;;O;20260302;000000000000874008;1150.00;218.50;0083;8.000;;;
0900419169;000050;ZNCN;20260302;C;;O;20260302;000000000001025784;254.57;48.37;0120;1.000;;;
0900419169;000060;ZNCN;20260302;C;;O;20260302;000000000000934483;113.80;21.62;0120;1.000;;;
0900419169;000070;ZNCN;20260302;C;;O;20260302;000000000001012995;161.86;30.75;0120;1.000;;;
0900419349;000010;ZNCN;20260302;C;;O;20260302;000000000000702424;369.19;70.15;0103;6.000;;;
0900419374;000090;ZNCN;20260302;C;;O;20260302;000000000000842732;19875.60;3776.36;0103;1.000;;;
0900419450;000010;ZNCN;20260302;C;;O;20260302;000000000000113994;11385.23;2163.19;0013;2.000;;;
0900419450;000020;ZNCN;20260302;C;;O;20260302;000000000000103362;3451.08;655.71;0013;1.000;;;
0900419450;000030;ZNCN;20260302;C;;O;20260302;000000000000104915;6878.86;1306.98;0013;2.000;;;
0900419450;000040;ZNCN;20260302;C;;O;20260302;000000000000162690;1275.62;242.37;0013;8.000;;;
0900419450;000050;ZNCN;20260302;C;;O;20260302;000000000000120292;18.65;3.54;0310;1.000;;;
0900419450;000060;ZNCN;20260302;C;;O;20260302;000000000000116325;370.41;70.38;0013;1.000;;;
0900419450;000070;ZNCN;20260302;C;;O;20260302;000000000000743695;6122.80;1163.33;0013;1.000;;;
0900419450;000080;ZNCN;20260302;C;;O;20260302;000000000000138644;89.63;17.03;0013;1.000;;;
0900419450;000100;ZNCN;20260302;C;;O;20260302;000000000000127214;1316.79;250.19;0013;2.000;;;
0900419450;000110;ZNCN;20260302;C;;O;20260302;000000000000153383;5430.77;1031.85;0013;8.000;;;
0900419450;000120;ZNCN;20260302;C;;O;20260302;000000000000176833;1519.56;288.72;0310;20.000;;;
0900419450;000130;ZNCN;20260302;C;;O;20260302;000000000000117461;3362.43;638.86;0013;20.000;;;
0900419450;000140;ZNCN;20260302;C;;O;20260302;000000000000713746;3473.35;659.94;0013;1.000;;;
0900419450;000150;ZNCN;20260302;C;;O;20260302;000000000000701153;16192.33;3076.54;0013;1.000;;;
0900419450;000160;ZNCN;20260302;C;;O;20260302;000000000000198592;5759.85;1094.37;0276;10.000;;;
0900419450;000170;ZNCN;20260302;C;;O;20260302;000000000000743919;1332.97;253.26;0013;1.000;;;
0900419450;000190;ZNCN;20260302;C;;O;20260302;000000000000720664;3315.69;629.98;0013;2.000;;;
0900419450;000200;ZNCN;20260302;C;;O;20260302;000000000000138645;85.82;16.31;0013;1.000;;;
0900419452;000010;ZNCN;20260302;C;;O;20260302;000000000000101616;255.81;48.60;0001;2.000;;;
0900419452;000020;ZNCN;20260302;C;;O;20260302;000000000000109259;1684.56;320.06;0001;4.000;;;
0900419452;000030;ZNCN;20260302;C;;O;20260302;000000000000978661;1172.57;222.79;0001;2.000;;;
0900419452;000040;ZNCN;20260302;C;;O;20260302;000000000000978662;869.68;165.24;0001;2.000;;;
0900419452;000050;ZNCN;20260302;C;;O;20260302;000000000000895711;1621.87;308.16;0001;1.000;;;
0900419452;000080;ZNCN;20260302;C;;O;20260302;000000000000923508;1552.39;294.95;0001;3.000;;;
0900419452;000090;ZNCN;20260302;C;;O;20260302;000000000000978663;383.72;72.91;0001;1.000;;;
0900419454;000010;ZNCN;20260302;C;;O;20260302;000000000000743851;5329.41;1012.59;0013;2.000;;;
0900419456;000010;ZNCN;20260302;C;;O;20260302;000000000000113994;5692.62;1081.60;0013;1.000;;;
0900419456;000020;ZNCN;20260302;C;;O;20260302;000000000000162691;671.52;127.59;0013;4.000;;;
0900419456;000030;ZNCN;20260302;C;;O;20260302;000000000000181774;2750.10;522.52;0013;1.000;;;
0900419456;000040;ZNCN;20260302;C;;O;20260302;000000000000743695;6122.80;1163.33;0013;1.000;;;
0900419456;000050;ZNCN;20260302;C;;O;20260302;000000000000138644;179.26;34.06;0013;2.000;;;
0900419456;000060;ZNCN;20260302;C;;O;20260302;000000000000127214;1316.79;250.19;0013;2.000;;;
0900419456;000070;ZNCN;20260302;C;;O;20260302;000000000000178276;2484.37;472.03;0013;1.000;;;
0900419456;000080;ZNCN;20260302;C;;O;20260302;000000000000197174;8150.99;1548.69;0310;1.000;;;
0900419456;000090;ZNCN;20260302;C;;O;20260302;000000000000198592;12095.68;2298.17;0276;21.000;;;
0900419456;000100;ZNCN;20260302;C;;O;20260302;000000000000743919;5331.90;1013.06;0013;4.000;;;
0900419456;000110;ZNCN;20260302;C;;O;20260302;000000000000713795;627.65;119.25;0013;3.000;;;
0900419456;000120;ZNCN;20260302;C;;O;20260302;000000000000720664;1657.84;314.99;0013;1.000;;;
0900419456;000130;ZNCN;20260302;C;;O;20260302;000000000000120292;93.24;17.72;0310;5.000;;;
0900419456;000140;ZNCN;20260302;C;;O;20260302;000000000000927707;1951.41;370.77;0310;6.000;;;
0900419456;000150;ZNCN;20260302;C;;O;20260302;000000000000124153;3181.10;604.41;0013;9.000;;;
0900419462;000040;ZNCN;20260302;C;;O;20260302;000000000000704169;1559.38;296.28;0034;1.000;;;
0900419556;000010;ZNCA;20260302;C;;O;20260302;000000000001018580;855000.00;162450.00;0101;1.000;;;
0900419562;000030;ZNCN;20260302;C;;O;20260302;000000000000192855;93.92;17.84;0103;1.000;;;
0900419646;000010;ZNCN;20260303;C;;O;20260303;000000000000750694;1600.53;304.10;0103;1.000;;;
0900419683;000010;ZNFD;20260303;C;;O;20260303;000000000000765309;2414.37;458.73;0024;25.000;;;
0900419688;000010;ZNCA;20260303;C;;O;20260303;;0.00;0.00;;1.000;;;
0900419691;000010;ZNFD;20260303;C;;O;20260303;000000000000765309;3380.09;642.22;0024;35.000;;;
0900419695;000010;ZNFD;20260303;C;;O;20260303;000000000000111157;976.56;185.55;0013;1.000;;;
0900419695;000020;ZNFD;20260303;C;;O;20260303;000000000000111149;998.71;189.75;0013;1.000;;;
0900419709;000010;ZNCN;20260303;C;;O;20260303;000000000001038203;1725511.08;327847.11;0009;7776.000;;;
0900419788;000010;ZNCN;20260303;C;;O;20260303;000000000000873674;4214.64;800.78;0016;4.000;;;
0900419794;000010;ZNCN;20260303;C;;O;20260303;000000000000873674;4214.64;800.78;0016;4.000;;;
0900419850;000140;ZNCN;20260303;C;;O;20260303;000000000000133473;1155.80;219.60;0103;2.000;;;
0900419901;000010;ZNCN;20260303;C;;O;20260303;000000000001041434;271512.00;51587.28;0100;400.000;;;
0900419940;000010;ZNCN;20260303;C;;O;20260303;000000000000982105;1014751.92;192802.86;0009;240.000;;;
0900419940;000020;ZNCN;20260303;C;;O;20260303;000000000000982105;1014468.00;192748.92;0009;240.000;;;
0900419976;000010;ZNFD;20260303;C;;O;20260303;000000000000781854;10038.29;1907.28;0016;5.000;;;
0900419976;000020;ZNFD;20260303;C;;O;20260303;000000000000191883;1965.32;373.41;0016;1.000;;;
0900419986;000010;ZNFD;20260303;C;;O;20260303;000000000000708033;2121.93;403.17;0016;2.000;;;
0900419986;000020;ZNFD;20260303;C;;O;20260303;000000000000916465;2403.95;456.75;0016;2.000;;;
0900419992;000010;ZNFD;20260303;C;;O;20260303;000000000000842870;933.62;177.39;0016;1.000;;;
0900419995;000010;ZNFD;20260303;C;;O;20260303;000000000000842870;1960.61;372.52;0016;2.000;;;
0900419997;000020;ZNCN;20260303;C;;O;20260303;000000000000006102;4432.56;842.19;0027;1.000;;;
0900420012;000010;ZNFD;20260303;C;;O;20260303;000000000000797490;4441.49;843.88;0016;4.000;;;
0900420012;000020;ZNFD;20260303;C;;O;20260303;000000000000842870;3921.22;745.03;0016;4.000;;;
0900420032;000010;ZNCN;20260303;C;;O;20260303;000000000000190379;2627.02;499.13;0005;3.000;;;
0900420086;000010;ZNCN;20260303;C;;O;20260303;000000000000735982;899.37;170.88;0005;1.000;;;
0900420086;000020;ZNCN;20260303;C;;O;20260303;000000000000156141;886.14;168.37;0005;1.000;;;
0900420086;000030;ZNCN;20260303;C;;O;20260303;000000000000122824;49.77;9.46;0103;1.000;;;
0900420086;000040;ZNCN;20260303;C;;O;20260303;000000000000156431;248.18;47.15;0103;1.000;;;
0900420086;000050;ZNCN;20260303;C;;O;20260303;000000000000155377;203.01;38.57;0103;1.000;;;
0900420086;000060;ZNCN;20260303;C;;O;20260303;000000000000903097;700.55;133.10;0103;1.000;;;
0900420086;000070;ZNCN;20260303;C;;O;20260303;000000000000113892;508.62;96.64;0103;1.000;;;
0900420086;000080;ZNCN;20260303;C;;O;20260303;000000000000113893;241.02;45.79;0103;1.000;;;
0900420086;000090;ZNCN;20260303;C;;O;20260303;000000000000154788;942.42;179.06;0103;1.000;;;
0900420086;000100;ZNCN;20260303;C;;O;20260303;000000000000739713;1001.57;190.30;0103;1.000;;;
0900420086;000110;ZNCN;20260303;C;;O;20260303;000000000000732095;68.31;12.98;0103;1.000;;;
0900420086;000120;ZNCN;20260303;C;;O;20260303;000000000000159466;99.20;18.85;0103;1.000;;;
0900420086;000130;ZNCN;20260303;C;;O;20260303;000000000000154453;421.50;80.09;0103;1.000;;;
0900420119;000010;ZNFD;20260303;C;;O;20260303;000000000000782093;569.70;108.24;0103;50.000;;;
0900420119;000020;ZNFD;20260303;C;;O;20260303;000000000000782265;333.50;63.37;0103;8.000;;;
0900420119;000030;ZNFD;20260303;C;;O;20260303;000000000000782760;441.79;83.94;0103;8.000;;;
0900420119;000040;ZNFD;20260303;C;;O;20260303;000000000000782181;536.47;101.93;0103;8.000;;;
0900420119;000050;ZNFD;20260303;C;;O;20260303;000000000000780063;440.46;83.69;0103;10.000;;;
0900420119;000060;ZNFD;20260303;C;;O;20260303;000000000000780111;788.96;149.90;0103;10.000;;;
0900420119;000070;ZNFD;20260303;C;;O;20260303;000000000000780103;268.80;51.07;0103;10.000;;;
0900420119;000080;ZNFD;20260303;C;;O;20260303;000000000000780107;35.10;6.67;0103;10.000;;;
0900420119;000090;ZNFD;20260303;C;;O;20260303;000000000000774557;594.16;112.89;0103;10.000;;;
0900420119;000100;ZNFD;20260303;C;;O;20260303;000000000000774069;57.24;10.88;0103;10.000;;;
0900420119;000110;ZNFD;20260303;C;;O;20260303;000000000000780135;119.07;22.62;0103;10.000;;;
0900420119;000130;ZNFD;20260303;C;;O;20260303;000000000000780471;1696.88;322.41;0103;1.000;;;
0900420119;000180;ZNFD;20260303;C;;O;20260303;000000000000779694;512.84;97.44;0103;6.000;;;
0900420119;000190;ZNFD;20260303;C;;O;20260303;000000000000779694;1025.68;194.88;0103;12.000;;;
0900420119;000200;ZNFD;20260303;C;;O;20260303;000000000000833167;3593.70;682.79;0103;100.000;;;
0900420119;000210;ZNFD;20260303;C;;O;20260303;000000000000777072;2677.57;508.74;0103;1.000;;;
0900420119;000220;ZNFD;20260303;C;;O;20260303;000000000000780402;940.14;178.63;0103;10.000;;;
0900420119;000230;ZNFD;20260303;C;;O;20260303;000000000000780406;918.27;174.47;0103;10.000;;;
0900420119;000240;ZNFD;20260303;C;;O;20260303;000000000000779694;683.78;129.92;0103;8.000;;;
0900420119;000250;ZNFD;20260303;C;;O;20260303;000000000000779694;341.89;64.96;0103;4.000;;;
0900420123;000010;ZNF1;20260303;C;;O;20260303;SERV.EXTERNO;4281.00;813.39;0086;1.000;;;
0900420123;000060;ZNF1;20260303;C;;O;20260303;000000000000154616;497.06;94.44;0103;4.000;;;
0900420123;000070;ZNF1;20260303;C;;O;20260303;000000000000154740;379.26;72.06;0103;4.000;;;
0900420123;000100;ZNF1;20260303;C;;O;20260303;000000000000155708;207.94;39.51;0103;8.000;;;
0900420123;000130;ZNF1;20260303;C;;O;20260303;000000000000159780;529.09;100.53;0005;4.000;;;
0900420123;000210;ZNF1;20260303;C;;O;20260303;CS06;19955.52;3791.54;0082;24.600;;;
0900420123;000220;ZNF1;20260303;C;;O;20260303;000000000000155121;813.77;154.62;0005;4.000;;;
0900420123;000230;ZNF1;20260303;C;;O;20260303;000000000000114969;15546.82;2953.90;0005;1.000;;;
0900420127;000010;ZNFD;20260303;C;;O;20260303;000000000001047681;365.07;69.36;0112;1.000;;;
0900420138;000010;ZNCN;20260303;C;;O;20260303;NC01;3500.00;665.00;0180;1.000;;;
0900420197;000010;ZNCN;20260303;C;;O;20260303;000000000000790666;604.17;114.79;0103;3.000;;;
0900420210;000010;ZNCA;20260303;C;;O;20260303;000000000000917105;165000.00;31350.00;0005;1.000;;;
0900420234;000010;ZNF1;20260303;C;X;O;20260303;000000000000852710;225.22;42.79;0003;1.000;;;
0900420234;000020;ZNF1;20260303;C;X;O;20260303;000000000000936548;183.05;34.78;0003;1.000;;;
0900420234;000030;ZNF1;20260303;C;X;O;20260303;000000000000999250;32.17;6.11;0083;1.000;;;
0900420234;000040;ZNF1;20260303;C;X;O;20260303;000000000001033702;93.26;17.72;0083;1.000;;;
0900420234;000050;ZNF1;20260303;C;X;O;20260303;000000000000897419;649.60;123.42;0083;4.000;;;
0900420234;000060;ZNF1;20260303;C;X;O;20260303;CS51;961.54;182.69;0082;2.000;;;
0900420234;000070;ZNF1;20260303;C;X;O;20260303;000000000000911999;55.12;10.47;0083;1.000;;;
0900420234;000080;ZNF1;20260303;C;X;O;20260303;000000000000936548;183.05;34.78;0003;1.000;;;
0900420234;000090;ZNF1;20260303;C;X;O;20260303;000000000000936549;173.37;32.94;0003;1.000;;;
0900420234;000100;ZNF1;20260303;C;X;O;20260303;000000000000999250;32.17;6.11;0083;1.000;;;
0900420234;000110;ZNF1;20260303;C;X;O;20260303;000000000001033702;93.26;17.72;0083;1.000;;;
0900420234;000120;ZNF1;20260303;C;X;O;20260303;000000000000897419;487.20;92.57;0083;4.000;;;
0900420234;000130;ZNF1;20260303;C;X;O;20260303;CS51;782.69;148.71;0082;2.200;;;
0900420234;000140;ZNF1;20260303;C;X;O;20260303;000000000000884389;517.84;98.39;0083;2.200;;;
0900420234;000150;ZNF1;20260303;C;X;O;20260303;000000000000751914;54.98;10.45;0251;1.000;;;
0900420234;000160;ZNF1;20260303;C;X;O;20260303;000000000000897419;487.20;92.57;0083;4.000;;;
0900420234;000170;ZNF1;20260303;C;X;O;20260303;000000000000969811;55.08;10.47;0029;1.000;;;
0900420234;000180;ZNF1;20260303;C;X;O;20260303;000000000000999250;32.17;6.11;0083;1.000;;;
0900420234;000190;ZNF1;20260303;C;X;O;20260303;CS51;177.89;33.80;0082;0.500;;;
0900420234;000200;ZNF1;20260303;C;X;O;20260303;000000000000884389;470.76;89.44;0083;2.000;;;
0900420234;000210;ZNF1;20260303;C;X;O;20260303;000000000000929924;274.95;52.24;0003;1.000;;;
0900420234;000220;ZNF1;20260303;C;X;O;20260303;000000000000929923;262.03;49.79;0003;1.000;;;
0900420234;000230;ZNF1;20260303;C;X;O;20260303;000000000000741499;62.58;11.89;0003;1.000;;;
0900420234;000240;ZNF1;20260303;C;X;O;20260303;000000000000969811;55.08;10.47;0029;1.000;;;
0900420234;000250;ZNF1;20260303;C;X;O;20260303;000000000000999250;32.17;6.11;0083;1.000;;;
0900420234;000260;ZNF1;20260303;C;X;O;20260303;000000000000897419;487.20;92.57;0083;4.000;;;
0900420234;000270;ZNF1;20260303;C;X;O;20260303;CS51;721.15;137.02;0082;2.000;;;
0900420234;000280;ZNF1;20260303;C;X;O;20260303;000000000000927327;34.65;6.58;0251;1.000;;;
0900420234;000290;ZNF1;20260303;C;X;O;20260303;000000000000969811;55.08;10.47;0029;1.000;;;
0900420234;000300;ZNF1;20260303;C;X;O;20260303;000000000000999250;32.17;6.11;0083;1.000;;;
0900420234;000310;ZNF1;20260303;C;X;O;20260303;000000000000897419;487.20;92.57;0083;4.000;;;
0900420234;000320;ZNF1;20260303;C;X;O;20260303;CS51;640.39;121.67;0082;1.800;;;
0900420234;000330;ZNF1;20260303;C;X;O;20260303;000000000000853837;238.68;45.35;0003;1.000;;;
0900420234;000340;ZNF1;20260303;C;X;O;20260303;000000000001046774;154.63;29.38;0003;1.000;;;
0900420234;000350;ZNF1;20260303;C;X;O;20260303;000000000000006478;184.79;35.11;0027;1.000;;;
0900420234;000360;ZNF1;20260303;C;X;O;20260303;000000000000969811;55.08;10.47;0029;1.000;;;
0900420234;000370;ZNF1;20260303;C;X;O;20260303;000000000000999250;32.17;6.11;0083;1.000;;;
0900420234;000380;ZNF1;20260303;C;X;O;20260303;000000000000925645;1016.16;193.07;0083;8.000;;;
0900420234;000390;ZNF1;20260303;C;X;O;20260303;CS51;1636.54;310.94;0082;4.600;;;
0900420234;000400;ZNF1;20260303;C;X;O;20260303;000000000001031525;383.25;72.82;0251;1.000;;;
0900420234;000410;ZNF1;20260303;C;X;O;20260303;000000000001046774;154.63;29.38;0003;1.000;;;
0900420234;000420;ZNF1;20260303;C;X;O;20260303;000000000000006478;184.79;35.11;0027;1.000;;;
0900420234;000430;ZNF1;20260303;C;X;O;20260303;000000000000925645;1016.16;193.07;0083;8.000;;;
0900420234;000440;ZNF1;20260303;C;X;O;20260303;000000000000969811;55.08;10.47;0029;1.000;;;
0900420234;000450;ZNF1;20260303;C;X;O;20260303;000000000000999250;32.17;6.11;0083;1.000;;;
0900420234;000460;ZNF1;20260303;C;X;O;20260303;CS51;1458.66;277.15;0082;4.100;;;
0900420234;000470;ZNF1;20260303;C;X;O;20260303;000000000000911996;63.50;12.07;0083;1.000;;;
0900420234;000480;ZNF1;20260303;C;X;O;20260303;000000000000763984;342.75;65.12;0251;1.000;;;
0900420234;000490;ZNF1;20260303;C;X;O;20260303;000000000000933909;213.97;40.65;0003;1.000;;;
0900420234;000500;ZNF1;20260303;C;X;O;20260303;000000000000006478;184.79;35.11;0027;1.000;;;
0900420234;000510;ZNF1;20260303;C;X;O;20260303;000000000000943801;1942.50;369.08;0083;7.000;;;
0900420234;000520;ZNF1;20260303;C;X;O;20260303;000000000000969811;46.82;8.90;0029;1.000;;;
0900420234;000530;ZNF1;20260303;C;X;O;20260303;000000000000999250;27.35;5.20;0083;1.000;;;
0900420234;000540;ZNF1;20260303;C;X;O;20260303;CS51;1209.62;229.83;0082;3.400;;;
0900420234;000550;ZNF1;20260303;C;X;O;20260303;000000000000884389;517.84;98.39;0083;2.200;;;
0900420234;000560;ZNF1;20260303;C;X;O;20260303;000000000000751914;54.98;10.45;0251;1.000;;;
0900420234;000570;ZNF1;20260303;C;X;O;20260303;000000000000969811;55.08;10.47;0029;1.000;;;
0900420234;000580;ZNF1;20260303;C;X;O;20260303;000000000000999250;32.17;6.11;0083;1.000;;;
0900420234;000590;ZNF1;20260303;C;X;O;20260303;000000000000897419;649.60;123.42;0083;4.000;;;
0900420234;000600;ZNF1;20260303;C;X;O;20260303;CS51;384.62;73.08;0082;0.800;;;
0900420234;000610;ZNF1;20260303;C;X;O;20260303;VARIOS_LIVIANO;57.74;10.97;0027;1.000;;;
0900420234;000620;ZNF1;20260303;C;X;O;20260303;000000000000853837;238.68;45.35;0003;1.000;;;
0900420234;000630;ZNF1;20260303;C;X;O;20260303;000000000000936548;183.05;34.78;0003;1.000;;;
0900420234;000640;ZNF1;20260303;C;X;O;20260303;000000000000969811;55.08;10.47;0029;1.000;;;
0900420234;000650;ZNF1;20260303;C;X;O;20260303;000000000000999250;32.17;6.11;0083;1.000;;;
0900420234;000660;ZNF1;20260303;C;X;O;20260303;000000000000897419;649.60;123.42;0083;4.000;;;
0900420234;000670;ZNF1;20260303;C;X;O;20260303;CS51;826.92;157.11;0082;2.000;;;
0900420234;000770;ZNF1;20260303;C;X;O;20260303;000000000000763984;291.34;55.35;0251;1.000;;;
0900420234;000780;ZNF1;20260303;C;X;O;20260303;000000000001046774;154.63;29.38;0003;1.000;;;
0900420234;000790;ZNF1;20260303;C;X;O;20260303;000000000000006478;184.79;35.11;0027;1.000;;;
0900420234;000800;ZNF1;20260303;C;X;O;20260303;000000000000969811;55.08;10.47;0029;1.000;;;
0900420234;000810;ZNF1;20260303;C;X;O;20260303;000000000000999250;32.17;6.11;0083;1.000;;;
0900420234;000820;ZNF1;20260303;C;X;O;20260303;000000000000925645;1354.88;257.43;0083;8.000;;;
0900420234;000830;ZNF1;20260303;C;X;O;20260303;CS51;2019.23;383.61;0082;4.200;;;
0900420234;000840;ZNF1;20260303;C;X;O;20260303;VARIOS_LIVIANO;60.00;11.40;0027;1.000;;;
0900420234;000850;ZNF1;20260303;C;X;O;20260303;000000000001031525;383.25;72.82;0251;1.000;;;
0900420234;000860;ZNF1;20260303;C;X;O;20260303;000000000000806839;207.27;39.38;0251;1.000;;;
0900420234;000870;ZNF1;20260303;C;X;O;20260303;000000000000006478;184.79;35.11;0027;1.000;;;
0900420234;000880;ZNF1;20260303;C;X;O;20260303;000000000000925645;1354.88;257.43;0083;8.000;;;
0900420234;000890;ZNF1;20260303;C;X;O;20260303;000000000000969811;55.08;10.47;0029;1.000;;;
0900420234;000900;ZNF1;20260303;C;X;O;20260303;000000000000999250;32.17;6.11;0083;1.000;;;
0900420234;000910;ZNF1;20260303;C;X;O;20260303;CS51;1826.93;347.12;0082;3.800;;;
0900420234;000920;ZNF1;20260303;C;X;O;20260303;000000000000936548;183.05;34.78;0003;1.000;;;
0900420234;000930;ZNF1;20260303;C;X;O;20260303;000000000000969811;55.08;10.47;0029;1.000;;;
0900420234;000940;ZNF1;20260303;C;X;O;20260303;000000000000999250;32.17;6.11;0083;1.000;;;
0900420234;000950;ZNF1;20260303;C;X;O;20260303;000000000000897419;649.60;123.42;0083;4.000;;;
0900420234;000960;ZNF1;20260303;C;X;O;20260303;CS51;961.54;182.69;0082;2.000;;;
0900420234;000970;ZNF1;20260303;C;X;O;20260303;000000000000942452;142.92;27.15;0003;1.000;;;
0900420234;000980;ZNF1;20260303;C;X;O;20260303;000000000001051150;75.00;14.25;0029;1.000;;;
0900420234;000990;ZNF1;20260303;C;X;O;20260303;000000000000751914;54.98;10.45;0251;1.000;;;
0900420234;001000;ZNF1;20260303;C;X;O;20260303;000000000000897419;649.60;123.42;0083;4.000;;;
0900420234;001010;ZNF1;20260303;C;X;O;20260303;000000000000969811;55.08;10.47;0029;1.000;;;
0900420234;001020;ZNF1;20260303;C;X;O;20260303;000000000000999250;32.17;6.11;0083;1.000;;;
0900420234;001030;ZNF1;20260303;C;X;O;20260303;CS51;913.46;173.56;0082;1.900;;;
0900420234;001040;ZNF1;20260303;C;X;O;20260303;VARIOS_LIVIANO;98.99;18.81;0027;1.000;;;
0900420234;001120;ZNF1;20260303;C;X;O;20260303;000000000000751914;54.98;10.45;0251;1.000;;;
0900420234;001130;ZNF1;20260303;C;X;O;20260303;000000000000897419;649.60;123.42;0083;4.000;;;
0900420234;001140;ZNF1;20260303;C;X;O;20260303;000000000000969811;55.08;10.47;0029;1.000;;;
0900420234;001150;ZNF1;20260303;C;X;O;20260303;000000000000999250;32.17;6.11;0083;1.000;;;
0900420234;001160;ZNF1;20260303;C;X;O;20260303;CS51;480.77;91.35;0082;1.000;;;
0900420234;001170;ZNF1;20260303;C;X;O;20260303;VARIOS_LIVIANO;300.00;57.00;0027;1.000;;;
0900420234;001180;ZNF1;20260303;C;X;O;20260303;000000000000751914;54.98;10.45;0251;1.000;;;
0900420234;001190;ZNF1;20260303;C;X;O;20260303;000000000000897419;649.60;123.42;0083;4.000;;;
0900420234;001200;ZNF1;20260303;C;X;O;20260303;000000000000969811;55.08;10.47;0029;1.000;;;
0900420234;001210;ZNF1;20260303;C;X;O;20260303;000000000000999250;32.17;6.11;0083;1.000;;;
0900420234;001220;ZNF1;20260303;C;X;O;20260303;CS51;913.46;173.56;0082;1.900;;;
0900420234;001230;ZNF1;20260303;C;X;O;20260303;VARIOS_LIVIANO;22.79;4.33;0027;1.000;;;
0900420235;000680;ZNF1;20260303;C;;O;20260303;000000000001040983;292.86;55.64;0083;1.000;;;
0900420235;000690;ZNF1;20260303;C;;O;20260303;000000000000765309;128.49;24.41;0051;1.000;;;
0900420235;000700;ZNF1;20260303;C;;O;20260303;000000000000853837;226.75;43.08;0003;1.000;;;
0900420235;000710;ZNF1;20260303;C;;O;20260303;000000000000933909;203.27;38.62;0003;1.000;;;
0900420235;000720;ZNF1;20260303;C;;O;20260303;000000000000006478;184.79;35.11;0027;1.000;;;
0900420235;000730;ZNF1;20260303;C;;O;20260303;000000000000969811;52.33;9.94;0029;1.000;;;
0900420235;000740;ZNF1;20260303;C;;O;20260303;000000000000999250;30.56;5.81;0083;1.000;;;
0900420235;000750;ZNF1;20260303;C;;O;20260303;000000000000943801;2521.26;479.05;0083;7.000;;;
0900420235;000760;ZNF1;20260303;C;;O;20260303;CS51;1234.62;234.58;0082;3.400;;;
0900420235;001050;ZNF1;20260303;C;;O;20260303;000000000000911136;136.60;25.95;0003;1.000;;;
0900420235;001060;ZNF1;20260303;C;;O;20260303;000000000000006478;184.79;35.11;0027;1.000;;;
0900420235;001070;ZNF1;20260303;C;;O;20260303;000000000000897419;649.60;123.42;0083;4.000;;;
0900420235;001080;ZNF1;20260303;C;;O;20260303;000000000000969811;55.08;10.47;0029;1.000;;;
0900420235;001090;ZNF1;20260303;C;;O;20260303;000000000000999250;32.17;6.11;0083;1.000;;;
0900420235;001100;ZNF1;20260303;C;;O;20260303;CS51;961.54;182.69;0082;2.000;;;
0900420235;001110;ZNF1;20260303;C;;O;20260303;VARIOS_LIVIANO;42.52;8.08;0027;1.000;;;
0900420238;000020;ZNCN;20260303;C;;O;20260303;000000000000110098;5062.18;961.81;0103;2.000;;;
0900420238;000070;ZNCN;20260303;C;;O;20260303;000000000000155772;58.78;11.17;0103;4.000;;;
0900420238;000090;ZNCN;20260303;C;;O;20260303;000000000000158449;86.51;16.44;0103;2.000;;;
0900420238;000100;ZNCN;20260303;C;;O;20260303;000000000000159230;70.38;13.37;0103;2.000;;;
0900420238;000110;ZNCN;20260303;C;;O;20260303;000000000000159255;194.14;36.89;0103;1.000;;;
0900420238;000120;ZNCN;20260303;C;;O;20260303;000000000000159252;157.49;29.92;0103;1.000;;;
0900420238;000130;ZNCN;20260303;C;;O;20260303;000000000000154771;14.07;2.67;0103;2.000;;;
0900420256;000050;ZNCN;20260303;C;;O;20260303;000000000000176893;871.78;165.64;0103;2.000;;;
0900420266;000010;ZNCN;20260303;C;;O;20260303;000000000000140729;866.75;164.68;0003;9.000;;;
0900420273;000020;ZNCN;20260303;C;;O;20260303;000000000000138358;3001.22;570.23;0013;1.000;;;
0900420279;000010;ZNCN;20260303;C;;O;20260303;000000000000713647;4449.83;845.47;0013;1.000;;;
0900420360;000020;ZNCN;20260303;C;;O;20260303;000000000000780426;707.83;134.49;0103;12.000;;;
0900420430;000010;ZNCN;20260303;C;;O;20260303;000000000000898417;4919.18;934.64;0014;4.000;;;
0900420432;000030;ZNCN;20260303;C;;O;20260303;000000000001034381;920.58;174.91;0016;4.000;;;
0900420440;000020;ZNFD;20260303;C;;O;20260303;000000000000735261;10847.63;2061.05;0013;1.000;;;
0900420496;000010;ZNCN;20260303;C;;O;20260303;000000000000163183;4227.43;803.21;0103;4.000;;;
0900420496;000020;ZNCN;20260303;C;;O;20260303;000000000001004359;169.23;32.15;0024;3.000;;;
0900420496;000030;ZNCN;20260303;C;;O;20260303;000000000001004986;340.20;64.64;0024;5.000;;;
0900420496;000040;ZNCN;20260303;C;;O;20260303;000000000001002896;503.80;95.72;0027;11.000;;;
0900420496;000050;ZNCN;20260303;C;;O;20260303;000000000000816466;29.16;5.54;0103;2.000;;;
0900420496;000060;ZNCN;20260303;C;;O;20260303;000000000000767934;107.75;20.47;0103;1.000;;;
0900420496;000070;ZNCN;20260303;C;;O;20260303;000000000000747511;528.32;100.38;0103;2.000;;;
0900420496;000080;ZNCN;20260303;C;;O;20260303;000000000000747500;370.99;70.49;0103;2.000;;;
0900420496;000090;ZNCN;20260303;C;;O;20260303;000000000000747481;401.34;76.25;0103;2.000;;;
0900420496;000100;ZNCN;20260303;C;;O;20260303;000000000000743842;3725.85;707.91;0103;2.000;;;
0900420496;000110;ZNCN;20260303;C;;O;20260303;000000000000735982;899.37;170.88;0005;1.000;;;
0900420496;000120;ZNCN;20260303;C;;O;20260303;000000000000735981;385.88;73.32;0005;2.000;;;
0900420496;000130;ZNCN;20260303;C;;O;20260303;000000000000733752;1191.96;226.47;0103;1.000;;;
0900420496;000140;ZNCN;20260303;C;;O;20260303;000000000000728202;307.15;58.36;0103;1.000;;;
0900420496;000150;ZNCN;20260303;C;;O;20260303;000000000000188937;370.56;70.41;0103;1.000;;;
0900420496;000160;ZNCN;20260303;C;;O;20260303;000000000000188936;271.53;51.59;0103;1.000;;;
0900420496;000170;ZNCN;20260303;C;;O;20260303;000000000000180624;154.08;29.28;0103;1.000;;;
0900420496;000180;ZNCN;20260303;C;;O;20260303;000000000000163176;3134.83;595.62;0103;4.000;;;
0900420496;000190;ZNCN;20260303;C;;O;20260303;000000000000160256;40.74;7.74;0103;12.000;;;
0900420496;000200;ZNCN;20260303;C;;O;20260303;000000000000159466;99.20;18.85;0103;1.000;;;
0900420496;000210;ZNCN;20260303;C;;O;20260303;000000000000159242;165.31;31.41;0103;12.000;;;
0900420496;000220;ZNCN;20260303;C;;O;20260303;000000000000156141;1772.29;336.74;0005;2.000;;;
0900420496;000230;ZNCN;20260303;C;;O;20260303;000000000000155709;955.63;181.57;0103;2.000;;;
0900420496;000240;ZNCN;20260303;C;;O;20260303;000000000000154784;883.75;167.91;0103;2.000;;;
0900420496;000250;ZNCN;20260303;C;;O;20260303;000000000000152604;414.71;78.79;0103;1.000;;;
0900420496;000260;ZNCN;20260303;C;;O;20260303;000000000000148663;632.37;120.15;0103;1.000;;;
0900420496;000270;ZNCN;20260303;C;;O;20260303;000000000000156431;248.18;47.15;0103;1.000;;;
0900420496;000280;ZNCN;20260303;C;;O;20260303;000000000000122824;49.77;9.46;0103;1.000;;;
0900420496;000290;ZNCN;20260303;C;;O;20260303;CS06;9303.84;1767.74;0082;12.000;;;
0900420496;000300;ZNCN;20260303;C;;O;20260303;000000000000861219;197.60;37.54;0027;1.000;;;
0900420496;000310;ZNCN;20260303;C;;O;20260303;000000000000861218;395.20;75.09;0027;2.000;;;
0900420496;000320;ZNCN;20260303;C;;O;20260303;000000000000856101;197.60;37.54;0027;1.000;;;
0900420496;000330;ZNCN;20260303;C;;O;20260303;MOV0002;210.48;39.99;0070;2.000;;;
0900420496;000340;ZNCN;20260303;C;;O;20260303;KMMAQ;717.26;136.28;0084;71.000;;;
0900420498;000010;ZNFD;20260303;C;;O;20260303;000000000000195268;581.87;110.56;0024;1.000;;;
0900420501;000010;ZNFD;20260303;C;;O;20260303;000000000000789437;360.13;68.42;0103;1.000;;;
0900420531;000020;ZNCN;20260303;C;;O;20260303;000000000001055783;2937.90;558.20;0002;1.000;;;
0900420531;000030;ZNCN;20260303;C;;O;20260303;MV03;1953.00;371.07;0055;2.000;;;
0900420531;000040;ZNCN;20260303;C;;O;20260303;CS06;8124.48;1543.66;0082;8.000;;;
0900420531;000050;ZNCN;20260303;C;;O;20260303;MOV0002;529.92;100.68;0070;2.000;;;
0900420576;000010;ZNCN;20260303;C;;O;20260303;000000000001035932;150.98;28.69;0027;1.000;;;
0900420576;000020;ZNCN;20260303;C;;O;20260303;000000000001035932;150.98;28.68;0027;1.000;;;
0900420603;000010;ZNCA;20260303;C;;O;20260303;;0.00;0.00;;0.000;;;
0900420639;000010;ZNCA;20260303;C;;O;20260303;NC_DIF_GM;2531.93;481.07;0027;1.000;;;
0900420797;000010;ZNCA;20260303;C;;O;20260303;;0.00;0.00;;0.000;;;
0900420889;000010;ZNCN;20260303;C;;O;20260303;000000000001008146;35673.60;6777.98;0016;20.000;;;
0900420889;000020;ZNCN;20260303;C;;O;20260303;000000000001026590;164290.40;31215.18;0016;80.000;;;
0900420948;000010;ZNCN;20260303;C;;O;20260303;000000000000121577;2890.79;549.25;0016;2.000;;;
0900420951;000010;ZNCN;20260303;C;;O;20260303;000000000001057682;1566.39;297.61;0024;15.000;;;
0900420987;000010;ZNCA;20260303;C;;O;20260303;;0.00;0.00;;0.000;;;
0900421013;000050;ZNCN;20260303;C;;O;20260303;000000000000780370;3520.04;668.81;0103;1.000;;;
0900421026;000050;ZNCN;20260303;C;;O;20260303;000000000000732713;557.37;105.90;0103;1.000;;;
0900421069;000010;ZNFD;20260303;C;;O;20260303;000000000000827082;5927.74;1126.27;0014;2.000;;;
0900421072;000010;ZNFD;20260303;C;;O;20260303;000000000000832561;3319.08;630.63;0019;2.000;;;
0900421075;000010;ZNFD;20260303;C;;O;20260303;000000000000708033;2254.57;428.37;0016;2.000;;;
0900421081;000010;ZNFD;20260303;C;;O;20260303;000000000000817428;5336.29;1013.90;0016;3.000;;;
0900421081;000020;ZNFD;20260303;C;;O;20260303;000000000000917186;21766.02;4135.54;0016;10.000;;;
0900421085;000010;ZNFD;20260303;C;;O;20260303;000000000000781854;69317.28;13170.28;0016;36.000;;;
0900421093;000010;ZNFD;20260303;C;;O;20260303;000000000000769220;5057.19;960.87;0016;4.000;;;
0900421120;000010;ZNFD;20260303;C;;O;20260303;000000000000160674;4288.15;814.75;0005;1.000;;;
0900421149;000010;ZNCN;20260303;C;;O;20260303;000000000001051283;1837.50;349.13;0024;1.000;;;
0900421189;000010;ZNCN;20260303;C;;O;20260303;000000000000191615;4824.15;916.59;0013;1.000;;;
0900421189;000020;ZNCN;20260303;C;;O;20260303;000000000000124153;1359.60;258.32;0013;4.000;;;
0900421189;000030;ZNCN;20260303;C;;O;20260303;000000000000756691;366.16;69.57;0013;8.000;;;
0900421189;000040;ZNCN;20260303;C;;O;20260303;000000000000112911;176.16;33.47;0013;16.000;;;
0900421189;000050;ZNCN;20260303;C;;O;20260303;000000000000125996;1049.36;199.38;0013;8.000;;;
0900421189;000060;ZNCN;20260303;C;;O;20260303;000000000000756389;1796.96;341.42;0013;8.000;;;
0900421189;000070;ZNCN;20260303;C;;O;20260303;000000000000713647;4421.73;840.13;0013;1.000;;;
0900421189;000080;ZNCN;20260303;C;;O;20260303;000000000000743950;247.94;47.11;0013;1.000;;;
0900421189;000090;ZNCN;20260303;C;;O;20260303;000000000000743919;1332.97;253.26;0013;1.000;;;
0900421189;000100;ZNCN;20260303;C;;O;20260303;000000000000717240;726.38;138.01;0013;1.000;;;
0900421189;000110;ZNCN;20260303;C;;O;20260303;000000000000701123;1042.57;198.09;0013;1.000;;;
0900421189;000120;ZNCN;20260303;C;;O;20260303;000000000000107897;497.64;94.55;0013;1.000;;;
0900421189;000130;ZNCN;20260303;C;;O;20260303;000000000000191615;4824.15;916.59;0013;1.000;;;
0900421189;000140;ZNCN;20260303;C;;O;20260303;000000000000191615;4824.15;916.59;0013;1.000;;;
0900421189;000150;ZNCN;20260303;C;;O;20260303;000000000000191615;4824.15;916.59;0013;1.000;;;
0900421193;000020;ZNCN;20260303;C;;O;20260303;000000000000782951;16574.58;3149.17;0016;1.000;;;
0900421204;000010;ZNCN;20260303;C;;O;20260303;000000000000763079;2843.68;540.30;0013;1.000;;;
0900421204;000020;ZNCN;20260303;C;;O;20260303;000000000000124153;339.90;64.58;0013;1.000;;;
0900421204;000030;ZNCN;20260303;C;;O;20260303;000000000000756691;183.08;34.79;0013;2.000;;;
0900421204;000050;ZNCN;20260303;C;;O;20260303;000000000000125996;524.68;99.69;0013;2.000;;;
0900421204;000060;ZNCN;20260303;C;;O;20260303;000000000000756389;898.48;170.71;0013;2.000;;;
0900421204;000080;ZNCN;20260303;C;;O;20260303;000000000000112911;176.16;33.47;0013;4.000;;;
0900421204;000090;ZNCN;20260303;C;;O;20260303;000000000000713647;4421.73;840.12;0013;1.000;;;
0900421225;000010;ZNCN;20260303;C;;O;20260303;000000000000197231;4933.04;937.28;0103;1.000;;;
0900421231;000010;ZNCN;20260303;C;;O;20260303;000000000000159815;1400.86;266.16;0103;1.000;;;
0900421236;000020;ZNCN;20260303;C;;O;20260303;000000000000737554;4580.54;870.30;0013;2.000;;;
0900421242;000020;ZNCN;20260303;C;;O;20260303;000000000000155305;2275.28;432.30;0103;10.000;;;
0900421242;000050;ZNCN;20260303;C;;O;20260303;000000000000747521;2377.80;451.79;0103;10.000;;;
0900421245;000010;ZNCN;20260303;C;;O;20260303;000000000000155305;2275.28;432.30;0103;10.000;;;
0900421245;000040;ZNCN;20260303;C;;O;20260303;000000000000747521;2377.80;451.79;0103;10.000;;;
0900421250;000010;ZNCN;20260303;C;;O;20260303;000000000000856535;4260.30;809.46;0016;4.000;;;
0900421251;000010;ZNCN;20260303;C;;O;20260303;000000000000842870;3221.86;612.15;0016;4.000;;;
0900421255;000010;ZNCN;20260303;C;;O;20260303;000000000001003663;1453.62;276.19;0016;2.000;;;
0900421256;000010;ZNCN;20260303;C;;O;20260303;000000000000846234;2839.71;539.54;0016;4.000;;;
0900421324;000010;ZNCN;20260304;C;;O;20260304;NC01;70.01;13.30;0180;1.000;;;
0900421373;000020;ZNCN;20260304;C;;O;20260304;000000000000860973;393.79;74.82;0034;1.000;;;
0900421374;000030;ZNCN;20260304;C;;O;20260304;000000000000188937;370.56;70.41;0103;1.000;;;
0900421415;000010;ZNCA;20260304;C;;O;20260304;;0.00;0.00;;0.000;;;
0900421471;000010;ZNCN;20260304;C;;O;20260304;000000000000926145;2174.44;413.14;0034;1.000;;;
0900421502;000060;ZNCN;20260304;C;;O;20260304;000000000000777020;1105.37;210.02;0103;1.000;;;
0900421532;000010;ZNCN;20260304;C;;O;20260304;000000000000135531;85.16;16.19;0200;4.000;;;
0900421532;000020;ZNCN;20260304;C;;O;20260304;000000000000139722;62.07;11.79;0200;2.000;;;
0900421532;000030;ZNCN;20260304;C;;O;20260304;000000000000115491;49.34;9.37;0200;2.000;;;
0900421592;000010;ZNCN;20260304;C;;O;20260304;000000000000713792;2508.53;476.62;0013;1.000;;;
0900421609;000010;ZNCA;20260304;C;;O;20260304;;0.00;0.00;;0.000;;;
0900421618;000010;ZNCA;20260304;C;;O;20260304;;0.00;0.00;;0.000;;;
0900421630;000010;ZNCN;20260304;C;;O;20260304;000000000000814961;6433.31;1222.33;0019;10.000;;;
0900421632;000010;ZNCA;20260304;C;;O;20260304;;0.00;0.00;;0.000;;;
0900421652;000080;ZNCN;20260304;C;;O;20260304;000000000000188937;1111.68;211.22;0103;3.000;;;
0900421767;000010;ZNCN;20260304;C;;O;20260304;000000000000952240;36770.50;6986.40;0261;32.000;;;
0900421872;000020;ZNCN;20260304;C;;O;20260304;000000000000949015;7784.57;1479.07;0114;1.000;;;
0900421882;000010;ZNCA;20260304;C;;O;20260304;000000000000916826;6851.99;1301.88;0003;1.000;;;
0900422019;000010;ZNCN;20260304;C;;O;20260304;000000000000853027;597.59;113.54;0003;1.000;;;
0900422034;000010;ZNCN;20260304;C;;O;20260304;000000000000156141;2658.43;505.10;0005;3.000;;;
0900422049;000010;ZNCN;20260304;C;;O;20260304;000000000000852710;237.07;45.04;0003;1.000;;;
0900422168;000020;ZNCN;20260304;C;;O;20260304;000000000000172849;243.89;46.34;0103;2.000;;;
0900422169;000010;ZNCN;20260304;C;;O;20260304;000000000000770504;4369.48;830.20;0013;4.000;;;
0900422169;000020;ZNCN;20260304;C;;O;20260304;000000000000715127;586.97;111.52;0013;5.000;;;
0900422169;000030;ZNCN;20260304;C;;O;20260304;000000000000771308;17579.63;3340.14;0013;4.000;;;
0900422169;000040;ZNCN;20260304;C;;O;20260304;000000000000717233;2151.90;408.86;0013;5.000;;;
0900422169;000050;ZNCN;20260304;C;;O;20260304;000000000000729856;4300.98;817.19;0013;3.000;;;
0900422169;000060;ZNCN;20260304;C;;O;20260304;000000000000889619;1148.11;218.14;0013;7.000;;;
0900422169;000080;ZNCN;20260304;C;;O;20260304;000000000000115647;906.10;172.16;0013;4.000;;;
0900422169;000090;ZNCN;20260304;C;;O;20260304;000000000000162632;1617.26;307.28;0310;3.000;;;
0900422169;000100;ZNCN;20260304;C;;O;20260304;000000000000794586;1977.07;375.64;0013;6.000;;;
0900422169;000110;ZNCN;20260304;C;;O;20260304;000000000000715130;496.91;94.41;0013;5.000;;;
0900422169;000120;ZNCN;20260304;C;;O;20260304;000000000000770504;1092.37;207.55;0013;1.000;;;
0900422169;000140;ZNCN;20260304;C;;O;20260304;000000000000889619;164.02;31.16;0013;1.000;;;
0900422181;000010;ZNCN;20260304;C;;O;20260304;000000000000154949;504.75;95.90;0103;1.000;;;
0900422190;000040;ZNCN;20260304;C;;O;20260304;000000000000124213;142.18;27.01;0013;1.000;;;
0900422195;000010;ZNCN;20260304;C;;O;20260304;000000000000866505;5323.21;1011.41;0034;1.000;;;
0900422195;000020;ZNCN;20260304;C;;O;20260304;000000000000866508;5323.21;1011.41;0034;1.000;;;
0900422195;000040;ZNCN;20260304;C;;O;20260304;000000000000882177;7839.79;1489.56;0034;2.000;;;
0900422195;000050;ZNCN;20260304;C;;O;20260304;000000000000882177;11759.68;2234.34;0034;3.000;;;
0900422196;000030;ZNCN;20260304;C;;O;20260304;000000000000866508;15969.63;3034.23;0034;3.000;;;
0900422202;000010;ZNCA;20260304;C;;O;20260304;;0.00;0.00;;0.000;;;
0900422206;000010;ZNCN;20260304;C;;O;20260304;000000000000139456;15547.14;2953.96;0103;1.000;;;
0900422206;000020;ZNCN;20260304;C;;O;20260304;000000000000153469;30223.31;5742.43;0103;1.000;;;
0900422352;000010;ZNCA;20260304;C;;O;20260304;;0.00;0.00;;0.000;;;
0900422398;000010;ZNCN;20260304;C;;O;20260304;000000000000772096;2020.52;383.90;0013;1.000;;;
0900422421;000010;ZNCN;20260304;C;;O;20260304;000000000000156420;6713.30;1275.53;0103;1.000;;;
0900422519;000001;ZNCN;20260304;C;;O;20260304;000000000000977530;252.02;47.88;0102;1.000;;;
0900422537;000010;ZNCN;20260304;C;;O;20260304;000000000000925921;4455.50;846.55;0013;2.000;;;
0900422547;000010;ZNCN;20260304;C;;O;20260304;000000000001027641;2896.59;550.35;0296;1.000;;;
0900422645;000010;ZNCN;20260304;C;;O;20260304;000000000000898399;149.14;28.34;0024;3.000;;;
0900422645;000020;ZNCN;20260304;C;;O;20260304;000000000000771169;280.55;53.30;0051;3.000;;;
0900422645;000030;ZNCN;20260304;C;;O;20260304;000000000000897478;448.39;85.20;0051;3.000;;;
0900422645;000040;ZNCN;20260304;C;;O;20260304;000000000000209822;295.92;56.22;0051;3.000;;;
0900422655;000001;ZNCN;20260304;C;;O;20260304;000000000000976437;4379.16;832.04;0016;4.000;;;
0900422693;000020;ZNCN;20260304;C;;O;20260304;000000000000850633;2916.89;554.21;0176;1.000;;;
0900422749;000010;ZNCN;20260304;C;;O;20260304;000000000001009611;164.72;31.30;0051;29.000;;;
0900422754;000010;ZNCN;20260304;C;;O;20260304;000000000000138644;105.45;20.04;0013;1.000;;;
0900422757;000020;ZNCN;20260304;C;;O;20260304;000000000000791213;1084.55;206.06;0103;1.000;;;
0900422760;000030;ZNCN;20260304;C;;O;20260304;000000000000724785;476.05;90.45;0034;1.000;;;
0900422814;000010;ZNCN;20260304;C;;O;20260304;000000000000776708;552.26;104.93;0103;1.000;;;
0900422821;000030;ZNCN;20260304;C;;O;20260304;000000000001015676;198.50;37.72;0272;1.000;;;
0900422824;000020;ZNCN;20260304;C;;O;20260304;000000000000187417;850.03;161.51;0001;1.000;;;
0900422827;000010;ZNCN;20260304;C;;O;20260304;000000000001057682;1018.57;193.53;0024;10.000;;;
0900422836;000010;ZNCN;20260304;C;;O;20260304;000000000001003662;607.84;115.49;0016;1.000;;;
0900422853;000010;ZNCN;20260304;C;;O;20260304;000000000000782951;33149.17;6298.34;0016;2.000;;;
0096159524;000010;ZNCN;20240102;C;;O;20240102;000000000000170833;642.27;122.03;0103;1.000;;;
0096159527;000010;ZNCN;20240102;C;;O;20240102;000000000000155443;447.34;84.99;0103;1.000;;;
0096159527;000020;ZNCN;20240102;C;;O;20240102;000000000000155441;481.72;91.53;0103;1.000;;;
0096159534;000020;ZNCN;20240102;C;;O;20240102;000000000000782265;234.62;44.58;0103;6.000;;;
0096159597;000010;ZNCN;20240102;C;;O;20240102;000000000000825590;8154.88;1549.43;0016;8.000;;;
0096159600;000010;ZNCA;20240102;C;;O;20240102;000000000000901669;158588.95;30131.90;0005;1.000;;;
0096159620;000010;ZNCA;20240102;C;;O;20240102;000000000000873124;49500.00;9405.00;0005;1.000;;;
0096159721;000020;ZNCN;20240102;C;;O;20240102;VARIOS_CAM;40247.25;7646.98;0027;1.000;;;
0096159784;000010;ZNCA;20240102;C;;O;20240102;;0.00;0.00;;0.000;;;
0096159808;000040;ZNCN;20240102;C;;O;20240102;000000000000944911;2781.32;528.45;0013;2.000;;;
0096159808;000010;ZNCN;20240102;C;;O;20240102;000000000000944911;6605.63;1255.07;0013;5.000;;;
0096159927;000010;ZNCN;20240102;C;;O;20240102;000000000000826202;4056.85;770.80;0110;1.000;;;
0096160004;000010;ZNCN;20240102;C;;O;20240102;000000000000740185;4177.29;793.69;0176;2.000;;;
0096160037;000020;ZNCN;20240102;C;;O;20240102;000000000000171739;269.93;51.29;0103;1.000;;;
0096160037;000050;ZNCN;20240102;C;;O;20240102;000000000000162956;944.25;179.41;0103;1.000;;;
0096160037;000060;ZNCN;20240102;C;;O;20240102;000000000000159466;177.15;33.66;0103;1.000;;;
0096160037;000010;ZNCN;20240102;C;;O;20240102;000000000000115884;553.99;105.26;0103;1.000;;;
0096160037;000030;ZNCN;20240102;C;;O;20240102;000000000000728202;288.11;54.74;0103;1.000;;;
0096160037;000070;ZNCN;20240102;C;;O;20240102;000000000000180624;137.65;26.15;0103;1.000;;;
0096160037;000040;ZNCN;20240102;C;;O;20240102;000000000000164951;1260.31;239.45;0005;1.000;;;
0096160038;000010;ZNCA;20240102;C;;O;20240102;;0.00;0.00;;1.000;;;
0096160043;000070;ZNCN;20240102;C;;O;20240102;000000000000194051;796.97;151.42;0103;1.000;;;
0096160043;000050;ZNCN;20240102;C;;O;20240102;000000000000170833;676.45;128.53;0103;1.000;;;
0096160043;000060;ZNCN;20240102;C;;O;20240102;000000000000170834;473.89;90.04;0103;1.000;;;
0096160043;000030;ZNCN;20240102;C;;O;20240102;000000000000188936;231.50;43.99;0103;1.000;;;
0096160043;000040;ZNCN;20240102;C;;O;20240102;000000000000737333;422.09;80.20;0103;1.000;;;
0096160043;000010;ZNCN;20240102;C;;O;20240102;000000000000757981;216.18;41.07;0103;1.000;;;
0096160043;000080;ZNCN;20240102;C;;O;20240102;000000000000761875;430.53;81.80;0103;1.000;;;
0096160043;000020;ZNCN;20240102;C;;O;20240102;000000000000188937;386.27;73.39;0103;1.000;;;
0096160047;000020;ZNCN;20240102;C;;O;20240102;000000000000171739;269.93;51.29;0103;1.000;;;
0096160047;000050;ZNCN;20240102;C;;O;20240102;000000000000162956;944.25;179.41;0103;1.000;;;
0096160047;000060;ZNCN;20240102;C;;O;20240102;000000000000159466;177.15;33.66;0103;1.000;;;
0096160047;000010;ZNCN;20240102;C;;O;20240102;000000000000115884;553.99;105.26;0103;1.000;;;
0096160047;000030;ZNCN;20240102;C;;O;20240102;000000000000728202;288.11;54.74;0103;1.000;;;
0096160047;000070;ZNCN;20240102;C;;O;20240102;000000000000180624;137.65;26.15;0103;1.000;;;
0096160047;000040;ZNCN;20240102;C;;O;20240102;000000000000164951;1260.31;239.45;0005;1.000;;;
0096160050;000010;ZNCN;20240102;C;;O;20240102;000000000000112257;404.52;76.86;0001;1.000;;;
0096160050;000020;ZNCN;20240102;C;;O;20240102;000000000000707706;1422.86;270.35;0001;2.000;;;
0096160050;000050;ZNCN;20240102;C;;O;20240102;000000000000112263;502.22;95.42;0001;1.000;;;
0096160050;000040;ZNCN;20240102;C;;O;20240102;000000000000112254;585.21;111.19;0001;2.000;;;
0096160050;000030;ZNCN;20240102;C;;O;20240102;000000000000112259;126.17;23.97;0001;1.000;;;
0096160062;000010;ZNCN;20240102;C;;O;20240102;000000000000104245;1079.50;205.10;0103;20.000;;;
0096160062;000020;ZNCN;20240102;C;;O;20240102;000000000000104245;917.57;174.34;0103;17.000;;;
0096160062;000050;ZNCN;20240102;C;;O;20240102;000000000000106162;863.04;163.98;0005;15.000;;;
0096160062;000060;ZNCN;20240102;C;;O;20240102;000000000000106162;172.61;32.80;0005;3.000;;;
0096160192;000010;ZNCN;20240102;C;;O;20240102;000000000000813131;214.38;40.73;0103;2.000;;;
0096160293;000020;ZNCN;20240102;C;;O;20240102;000000000000156431;445.10;84.57;0103;2.000;;;
0096160293;000060;ZNCN;20240102;C;;O;20240102;000000000000737333;844.17;160.39;0103;2.000;;;
0096160293;000030;ZNCN;20240102;C;;O;20240102;000000000000159823;347.26;65.98;0103;2.000;;;
0096160302;000010;ZNFD;20240102;C;;O;20240102;000000000000992188;395126.05;75073.95;0003;1.000;;;
0096160399;000010;ZNCN;20240102;C;;O;20240102;000000000000782085;404.45;76.85;0103;1.000;;;
0096160443;000010;ZNCN;20240102;C;;O;20240102;000000000000774885;655.34;124.51;0015;1.000;;;
0096160498;000010;ZNCA;20240102;C;;O;20240102;000000000000969075;138100.00;26239.00;0127;1.000;;;
0096160533;000010;ZNCN;20240102;C;;O;20240102;000000000000792562;3764.17;715.19;0015;4.000;;;
0096160546;000010;ZNCN;20240102;C;;O;20240102;SERV.EXTERNO;1620.00;307.79;0086;1.000;;;
0096160546;000020;ZNCN;20240102;C;;O;20240102;000000000000982370;575.82;109.41;0120;1.000;;;
0096160546;000030;ZNCN;20240102;C;;O;20240102;000000000000982391;575.82;109.41;0120;1.000;;;
0096160556;000010;ZNCN;20240102;C;;O;20240102;000000000000839102;1978.76;375.96;0016;4.000;;;
0096160649;000010;ZNCN;20240102;C;;O;20240102;SN136;150.00;28.50;0016;1.000;;;
0096160667;000020;ZNCN;20240102;C;;O;20240102;000000000000852229;769.26;146.16;0176;1.000;;;
0096160701;000040;ZNCN;20240102;C;;O;20240102;000000000000773865;25.60;4.86;0103;8.000;;;
0096160708;000020;ZNCN;20240102;C;;O;20240102;000000000000154559;94.66;17.99;0103;2.000;;;
0096160708;000010;ZNCN;20240102;C;;O;20240102;000000000000154559;283.97;53.95;0103;6.000;;;
0096160713;000020;ZNCN;20240102;C;;O;20240102;000000000000914733;374.68;71.19;0005;1.000;;;
0096160713;000040;ZNCN;20240102;C;;O;20240102;000000000000154843;23.64;4.49;0005;1.000;;;
0096160713;000010;ZNCN;20240102;C;;O;20240102;000000000000944116;947.42;180.01;0005;1.000;;;
0096160722;000010;ZNCN;20240102;C;;O;20240102;000000000000155709;451.53;85.79;0103;1.000;;;
0096160722;000020;ZNCN;20240102;C;;O;20240102;000000000000154784;443.84;84.33;0005;1.000;;;
0096160724;000010;ZNCA;20240102;C;;O;20240102;;0.00;0.00;;0.000;;;
0096160739;000010;ZNCN;20240102;C;;O;20240102;000000000000172531;2801.42;532.27;0013;1.000;;;
0096160768;000010;ZNCN;20240102;C;;O;20240102;000000000000169028;3653.68;694.20;0005;1.000;;;
0096160805;000010;ZNCN;20240102;C;;O;20240102;000000000000760278;1892.85;359.64;0019;2.000;;;
0096160824;000010;ZNCN;20240102;C;;O;20240102;000000000000907871;210.00;39.90;0102;1.000;;;
0096160835;000010;ZNCN;20240102;C;;O;20240102;000000000000154858;951.41;180.77;0005;6.000;;;
0096160835;000020;ZNCN;20240102;C;;O;20240102;000000000000158211;5238.49;995.31;0005;6.000;;;
0096160840;000010;ZNCA;20240102;C;;O;20240102;000000000000994874;210840.34;40059.66;0253;1.000;;;
0096160842;000010;ZNCN;20240102;C;;O;20240102;000000000000910072;81.77;15.54;0051;1.000;;;
0096160842;000040;ZNCN;20240102;C;;O;20240102;000000000000871454;44.35;8.43;0119;1.000;;;
0096160842;000030;ZNCN;20240102;C;;O;20240102;000000000000845054;87.48;16.62;0251;1.000;;;
0096160842;000020;ZNCN;20240102;C;;O;20240102;000000000000850981;88.06;16.73;0251;1.000;;;
0096160842;000050;ZNCN;20240102;C;;O;20240102;000000000000744373;107.44;20.41;0051;1.000;;;
0096161036;000020;ZNCN;20240103;C;;O;20240103;I320082_SL;700.00;133.00;0036;1.000;;;
0096161036;000010;ZNCN;20240103;C;;O;20240103;I330082_SL;1100.00;209.00;0035;1.000;;;
0096161036;000040;ZNCN;20240103;C;;O;20240103;VARIOS_TAPIDE;877.49;166.72;0027;1.000;;;
0096161036;000030;ZNCN;20240103;C;;O;20240103;DEDUCIBLE;-1801.52;-342.29;0085;1.000;;;
0096161126;000020;ZNCN;20240103;C;;O;20240103;000000000000154765;429.76;81.65;0005;1.000;;;
0096161156;000010;ZNCA;20240103;C;;O;20240103;000000000000000083;58764.00;11165.16;0028;1.000;;;
0096161213;000010;ZNCN;20240103;C;;O;20240103;000000000000864051;905.62;172.07;0034;1.000;;;
0096161239;000010;ZNCA;20240103;C;;O;20240103;;0.00;0.00;;0.000;;;
0096161267;000010;ZNCA;20240103;C;;O;20240103;;0.00;0.00;;0.000;;;
0096161314;000020;ZNCN;20240103;C;;O;20240103;000000000000894681;344.44;65.44;0251;2.000;;;
0096161348;000010;ZNCN;20240103;C;;O;20240103;000000000000109344;380.04;72.21;0013;1.000;;;
0096161357;000020;ZNCN;20240103;C;;O;20240103;000000000000120228;218.01;41.42;0013;1.000;;;
0096161357;000010;ZNCN;20240103;C;;O;20240103;000000000000940681;429.81;81.67;0252;3.000;;;
0096161368;000010;ZNCN;20240103;C;;O;20240103;NC01;0.00;0.00;0180;0.000;;;
0096161393;000010;ZNCN;20240103;C;;O;20240103;NC01;4311.93;819.27;0180;1.000;;;
0096161443;000070;ZNCN;20240103;C;;O;20240103;N450390_SL;151.26;28.74;0027;1.000;;;
0096161443;000080;ZNCN;20240103;C;;O;20240103;000000000000002525;126.05;23.95;0027;1.000;;;
0096161443;000010;ZNCN;20240103;C;;O;20240103;000000000000907895;3.36;0.64;0024;1.000;;;
0096161443;000050;ZNCN;20240103;C;;O;20240103;CS54;900.00;171.00;0082;2.000;;;
0096161443;000040;ZNCN;20240103;C;;O;20240103;000000000000953374;173.75;33.01;0120;1.000;;;
0096161443;000030;ZNCN;20240103;C;;O;20240103;000000000000953373;197.26;37.48;0120;1.000;;;
0096161443;000060;ZNCN;20240103;C;;O;20240103;000000000000874000;1534.00;291.46;0083;8.000;;;
0096161443;000020;ZNCN;20240103;C;;O;20240103;000000000000934485;531.56;101.00;0120;1.000;;;
0096161489;000010;ZNCN;20240103;C;;O;20240103;NC01;2629.21;499.55;0180;1.000;;;
0096161495;000050;ZNCN;20240103;C;;O;20240103;000000000000926861;345.73;65.69;0015;1.000;;;
0096161505;000060;ZNCN;20240103;C;;O;20240103;000000000000106205;3592.54;682.58;0005;1.000;;;
0096161509;000010;ZNCN;20240103;C;;O;20240103;000000000000858760;13915.99;2644.04;0005;1.000;;;
0096161542;000030;ZNCN;20240103;C;;O;20240103;000000000000717207;3656.00;694.64;0013;1.000;;;
0096161542;000050;ZNCN;20240103;C;;O;20240103;000000000000112483;1037.01;197.03;0013;1.000;;;
0096161575;000010;ZNCN;20240103;C;;O;20240103;000000000000853388;901.62;171.31;0016;1.000;;;
0096161610;000010;ZNCN;20240103;C;;O;20240103;000000000001001770;1807.14;343.36;0014;2.000;;;
0096161612;000010;ZNCN;20240103;C;;O;20240103;000000000000982356;3762.25;714.83;0270;1.000;;;
0096161677;000010;ZNFD;20240103;C;;O;20240103;000000000000117567;16481.80;3131.54;0005;1.000;;;
0096161695;000010;ZNCN;20240103;C;;O;20240103;000000000000180184;15542.91;2953.15;0016;8.000;;;
0096161711;000010;ZNCA;20240103;C;;O;20240103;A526;0.00;0.00;0027;1.000;;;
0096161732;000010;ZNCA;20240103;C;;O;20240103;A526;0.00;0.00;0027;1.000;;;
0096161744;000010;ZNCA;20240103;C;;O;20240103;A526;0.00;0.00;0027;1.000;;;
0096161756;000010;ZNCA;20240103;C;;O;20240103;A526;0.00;0.00;0027;1.000;;;
0096161763;000010;ZNCA;20240103;C;;O;20240103;A526;0.00;0.00;0027;1.000;;;
0096161896;000010;ZNCN;20240103;C;;O;20240103;000000000000161922;443.06;84.18;0005;2.000;;;
0096161898;000010;ZNCN;20240103;C;;O;20240103;000000000000719244;793.89;150.84;0013;1.000;;;
0096161899;000010;ZNCN;20240103;C;;O;20240103;000000000000003872;639.30;121.47;0013;1.000;;;
0096161899;000030;ZNCN;20240103;C;;O;20240103;000000000000107764;0.00;0.00;0013;1.000;;;
0096161899;000050;ZNCN;20240103;C;;O;20240103;000000000000134133;0.00;0.00;0013;1.000;;;
0096161899;000040;ZNCN;20240103;C;;O;20240103;000000000000107823;0.00;0.00;0013;1.000;;;
0096161899;000020;ZNCN;20240103;C;;O;20240103;000000000000107772;0.00;0.00;0013;2.000;;;
0096161900;000010;ZNCN;20240103;C;;O;20240103;000000000000107832;209.47;39.80;0013;1.000;;;
0096161901;000010;ZNCN;20240103;C;;O;20240103;000000000000914709;1317.96;250.41;0003;1.000;;;
0096161917;000010;ZNCN;20240103;C;;O;20240103;CS54;1500.00;285.00;0082;3.000;;;
0096162022;000010;ZNCA;20240103;C;;O;20240103;;0.00;0.00;;0.000;;;
0096162044;000060;ZNCN;20240103;C;;O;20240103;000000000000198389;215.22;40.89;0005;1.000;;;
0096162076;000010;ZNCN;20240103;C;;O;20240103;NC01;3329.53;632.61;0180;1.000;;;
0096162184;000020;ZNCN;20240103;C;;O;20240103;000000000000965007;632.38;120.15;0016;2.000;;;
0096162187;000090;ZNCN;20240103;C;;O;20240103;000000000000966691;4218.23;801.46;0016;4.000;;;
0096162243;000010;ZNCN;20240103;C;;O;20240103;000000000000809196;1544.06;293.37;0016;2.000;;;
0096162259;000010;ZNCN;20240103;C;;O;20240103;NC01;1018.00;193.42;0180;1.000;;;
0096162271;000090;ZNCN;20240103;C;;O;20240103;000000000000737333;422.09;80.20;0103;1.000;;;
0096162273;000060;ZNCN;20240103;C;;O;20240103;000000000000134133;159.31;30.27;0013;1.000;;;
0096162273;000030;ZNCN;20240103;C;;O;20240103;000000000000835318;252.12;47.90;0013;1.000;;;
0096162273;000090;ZNCN;20240103;C;;O;20240103;000000000000107764;91.55;17.39;0013;1.000;;;
0096162273;000070;ZNCN;20240103;C;;O;20240103;000000000000107823;152.07;28.89;0013;1.000;;;
0096162273;000040;ZNCN;20240103;C;;O;20240103;000000000000717038;74.42;14.14;0013;1.000;;;
0096162273;000080;ZNCN;20240103;C;;O;20240103;000000000000107772;177.17;33.66;0013;2.000;;;
0096162273;000010;ZNCN;20240103;C;;O;20240103;CS40;1946.21;369.79;0082;4.000;;;
0096162273;000050;ZNCN;20240103;C;;O;20240103;000000000000130347;1067.04;202.74;0013;1.000;;;
0096162273;000110;ZNCN;20240103;C;;O;20240103;CS40;973.10;184.89;0082;2.000;;;
0096162273;000100;ZNCN;20240103;C;;O;20240103;VARIOS_CAM;405.87;77.12;0027;1.000;;;
0096162273;000020;ZNCN;20240103;C;;O;20240103;000000000000754274;1573.97;299.05;0013;2.000;;;
0096162317;000010;ZNCN;20240103;C;;O;20240103;NC01;4344.92;825.53;0180;1.000;;;
0096162327;000010;ZNCA;20240103;C;;O;20240103;000000000000885161;1236739.20;234980.45;0013;1.000;;;
0096162332;000010;ZNCN;20240103;C;;O;20240103;NC01;1641.95;311.97;0180;1.000;;;
0096162346;000010;ZNCN;20240103;C;;O;20240103;NC01;1125.86;213.91;0180;1.000;;;
0096162349;000020;ZNCN;20240103;C;;O;20240103;CS38;2432.76;462.23;0082;5.000;;;
0096162349;000010;ZNCN;20240103;C;;O;20240103;000000000000106224;209.22;39.75;0013;1.000;;;
0096162353;000010;ZNCN;20240103;C;;O;20240103;NC01;1521.96;289.17;0180;1.000;;;
0096162355;000010;ZNCA;20240103;C;;O;20240103;000000000000885161;1236739.20;234980.45;0013;1.000;;;
0096162371;000010;ZNCN;20240103;C;;O;20240103;000000000000794297;3476.35;660.51;0016;4.000;;;
0096162374;000010;ZNCN;20240103;C;;O;20240103;000000000000713770;32.30;6.14;0013;2.000;;;
0096162374;000020;ZNCN;20240103;C;;O;20240103;000000000000713768;75.73;14.39;0013;2.000;;;
0096162381;000010;ZNCA;20240103;C;;O;20240103;000000000000885161;1236739.20;234980.45;0013;1.000;;;
0096162389;000110;ZNF1;20240103;C;;O;20240103;KMAGR2;1396.00;265.24;0084;200.000;;;
0096162389;000120;ZNF1;20240103;C;;O;20240103;MOV0004;1080.00;205.20;0055;1.000;;;
0096162389;000060;ZNF1;20240103;C;;O;20240103;000000000000156141;2932.52;557.18;0005;3.000;;;
0096162389;000070;ZNF1;20240103;C;;O;20240103;000000000000191766;143.32;27.23;0005;1.000;;;
0096162389;000030;ZNF1;20240103;C;;O;20240103;MV11;0.14;0.03;0055;14.000;;;
0096162389;000130;ZNF1;20240103;C;;O;20240103;CS88;6157.09;1169.84;0082;16.500;;;
0096162389;000050;ZNF1;20240103;C;;O;20240103;000000000000155567;70.71;13.43;0005;3.000;;;
0096162389;000040;ZNF1;20240103;C;;O;20240103;000000000000154842;25.26;4.80;0103;3.000;;;
0096162389;000010;ZNF1;20240103;C;;O;20240103;SERV.EXTERNO;3972.15;754.71;0086;1.000;;;
0096162389;000090;ZNF1;20240103;C;;O;20240103;000000000000774140;1128.82;214.48;0005;3.000;;;
0096162389;000100;ZNF1;20240103;C;;O;20240103;000000000000936461;1465.65;278.47;0205;1.000;;;
0096162389;000080;ZNF1;20240103;C;;O;20240103;000000000000193964;162.87;30.95;0005;3.000;;;
0096162390;000010;ZNCN;20240103;C;;O;20240103;000000000000940333;693.67;131.80;0095;1.000;;;
0096162400;000020;ZNCN;20240103;C;;O;20240103;000000000000159397;1373.35;260.94;0005;2.000;;;
0096162413;000010;ZNCN;20240103;C;;O;20240103;000000000000871054;2675.93;508.43;0119;1.000;;;
0096162413;000020;ZNCN;20240103;C;;O;20240103;000000000000871056;2790.70;530.23;0119;1.000;;;
0096162414;000030;ZNF1;20240103;C;;O;20240103;000000000000154643;322.42;61.26;0103;2.000;;;
0096162414;000070;ZNF1;20240103;C;;O;20240103;000000000000802046;116.09;22.06;0005;1.000;;;
0096162414;000050;ZNF1;20240103;C;;O;20240103;000000000000157237;22.94;4.36;0005;1.000;;;
0096162414;000060;ZNF1;20240103;C;;O;20240103;000000000000157341;85.54;16.25;0103;6.000;;;
0096162414;000020;ZNF1;20240103;C;;O;20240103;CS88;7018.68;1333.55;0082;20.000;;;
0096162414;000040;ZNF1;20240103;C;;O;20240103;000000000000155860;52.61;10.00;0103;9.000;;;
0096162414;000010;ZNF1;20240103;C;;O;20240103;SERV.EXTERNO;11198.38;2127.69;0086;1.000;;;
0096162433;000010;ZNCA;20240103;C;;O;20240103;000000000000885161;1236739.20;234980.45;0013;1.000;;;
0096162476;000010;ZNCA;20240103;C;;O;20240103;000000000000885161;1236739.20;234980.45;0013;1.000;;;
0096162488;000010;ZNCA;20240103;C;;O;20240103;000000000000980827;1242879.04;236147.02;0034;1.000;;;
0096162492;000010;ZNCN;20240103;C;;O;20240103;000000000000841512;2726.64;518.06;0016;4.000;;;
0096162553;000010;ZNCN;20240103;C;;O;20240103;000000000000770251;951.84;180.85;0013;1.000;;;
0096162593;000010;ZNCN;20240103;C;;O;20240103;000000000000113438;2327.65;442.25;0019;5.000;;;
0096162593;000040;ZNCN;20240103;C;;O;20240103;000000000000822443;931.06;176.90;0019;2.000;;;
0096162593;000020;ZNCN;20240103;C;;O;20240103;000000000000835071;7211.10;1370.11;0019;10.000;;;
0096162593;000030;ZNCN;20240103;C;;O;20240103;000000000000835072;7211.10;1370.12;0019;10.000;;;
0096162593;000050;ZNCN;20240103;C;;O;20240103;000000000000863504;1506.44;286.22;0019;2.000;;;
0096162593;000060;ZNCN;20240103;C;;O;20240103;000000000000754789;621.14;118.02;0019;1.000;;;
0096162593;000070;ZNCN;20240103;C;;O;20240103;000000000000863883;976.69;185.57;0019;1.000;;;
0096162593;000080;ZNCN;20240103;C;;O;20240103;000000000000760278;820.23;155.84;0019;1.000;;;
0096162607;000110;ZNF1;20240103;C;;O;20240103;KMAGR2;1396.00;265.24;0084;200.000;;;
0096162607;000060;ZNF1;20240103;C;;O;20240103;000000000000156141;2932.52;557.18;0005;3.000;;;
0096162607;000030;ZNF1;20240103;C;;O;20240103;MV11;0.14;0.03;0055;14.000;;;
0096162607;000130;ZNF1;20240103;C;;O;20240103;CS88;5735.55;1089.74;0082;16.500;;;
0096162607;000120;ZNF1;20240103;C;;O;20240103;MOV0004;770.51;146.40;0055;1.000;;;
0096162607;000050;ZNF1;20240103;C;;O;20240103;000000000000155567;70.71;13.43;0005;3.000;;;
0096162607;000040;ZNF1;20240103;C;;O;20240103;000000000000154842;25.26;4.80;0103;3.000;;;
0096162607;000010;ZNF1;20240103;C;;O;20240103;SERV.EXTERNO;3972.15;754.71;0086;1.000;;;
0096162607;000100;ZNF1;20240103;C;;O;20240103;000000000000944992;1196.21;227.28;0005;1.000;;;
0096162607;000080;ZNF1;20240103;C;;O;20240103;000000000000774140;1128.82;214.48;0005;3.000;;;
0096162607;000070;ZNF1;20240103;C;;O;20240103;000000000000193964;162.87;30.95;0005;3.000;;;
0096162607;000090;ZNF1;20240103;C;;O;20240103;000000000000911619;2253.68;428.20;0205;2.000;;;
0096162608;000050;ZNCN;20240103;C;;O;20240103;000000000000731828;124.74;23.70;0051;1.000;;;
0096162608;000020;ZNCN;20240103;C;;O;20240103;000000000000193012;171.86;32.65;0051;1.000;;;
0096162608;000010;ZNCN;20240103;C;;O;20240103;000000000000785294;335.51;63.75;0051;1.000;;;
0096162608;000030;ZNCN;20240103;C;;O;20240103;000000000000977710;145.48;27.64;0024;1.000;;;
0096162608;000040;ZNCN;20240103;C;;O;20240103;000000000000994822;229.97;43.69;0024;1.000;;;
0096162608;000060;ZNCN;20240103;C;;O;20240103;000000000000903032;102.06;19.39;0051;1.000;;;
0096162608;000070;ZNCN;20240103;C;;O;20240103;000000000000102850;755.74;143.60;0051;2.000;;;
0096162610;000030;ZNCN;20240103;C;;O;20240103;000000000000913292;553.79;105.22;0003;1.000;;;
0096162611;000010;ZNCA;20240103;C;X;O;20240103;000000000000822227;6166440.00;1171623.60;0005;1.000;;;
0096162696;000010;ZNCA;20240103;C;;O;20240103;;0.00;0.00;;1.000;;;
0096162697;000010;ZNCA;20240103;C;;O;20240103;;0.00;0.00;;1.000;;;
0096162702;000010;ZNF1;20240103;C;;O;20240103;N450390_SL;151.26;28.74;0027;1.000;;;
0096162702;000050;ZNF1;20240103;C;;O;20240103;000000000000803884;45.00;8.55;0083;1.000;;;
0096162702;000030;ZNF1;20240103;C;;O;20240103;000000000000806839;154.56;29.37;0251;1.000;;;
0096162702;000040;ZNF1;20240103;C;;O;20240103;000000000000956201;1152.94;219.06;0083;8.000;;;
0096162702;000060;ZNF1;20240103;C;;O;20240103;CS51;1550.34;294.56;0082;4.700;;;
0096162702;000020;ZNF1;20240103;C;;O;20240103;000000000000910932;445.83;84.71;0003;1.000;;;
0096162708;000010;ZNFD;20240103;C;;O;20240103;000000000000155437;5075.14;964.28;0005;1.000;;;
0096162735;000010;ZNCN;20240104;C;;O;20240104;SERV.EXTERNO;31453.20;5976.11;0086;1.000;;;
0096162773;000010;ZNCN;20240104;C;;O;20240104;000000000000154789;749.17;142.34;0005;2.000;;;
0096162777;000010;ZNCN;20240104;C;;O;20240104;000000000000854576;13601.67;2584.32;0005;1.000;;;
0096162792;000010;ZNCA;20240104;C;;O;20240104;;0.00;0.00;;0.000;;;
0096162824;000010;ZNCN;20240104;C;;O;20240104;000000000000752762;1857.49;352.92;0103;2.000;;;
0096162832;000020;ZNCN;20240104;C;;O;20240104;000000000000730438;1316.13;250.06;0103;2.000;;;
0096162837;000020;ZNCN;20240104;C;;O;20240104;000000000000752762;1857.49;352.92;0103;2.000;;;
0096162858;000010;ZNCN;20240104;C;;O;20240104;000000000000914465;210.00;39.90;0102;1.000;;;
0096162871;000010;ZNCN;20240104;C;;O;20240104;DEDUCIBLE;5371.98;1020.68;0085;1.000;;;
0096163006;000030;ZNFD;20240104;C;;O;20240104;000000000000883964;4969.47;944.20;0114;2.000;;;
0096163006;000020;ZNFD;20240104;C;;O;20240104;000000000000713655;839.12;159.43;0013;1.000;;;
0096163006;000010;ZNFD;20240104;C;;O;20240104;000000000000718551;3427.45;651.22;0013;1.000;;;
0096163016;000010;ZNFD;20240104;C;;O;20240104;000000000000187454;4946.21;939.78;0013;6.000;;;
0096163097;000010;ZNCN;20240104;C;;O;20240104;000000000000713746;3125.88;593.92;0013;1.000;;;
0096163142;000010;ZNCN;20240104;C;;O;20240104;000000000000121625;405.36;77.02;0013;8.000;;;
0096163203;000010;ZNCN;20240104;C;;O;20240104;NC01;420.00;79.80;0180;1.000;;;
0096163259;000010;ZNCN;20240104;C;;O;20240104;000000000000005525;2999.90;569.98;0027;1.000;;;
0096163274;000010;ZNCN;20240104;C;;O;20240104;000000000000781854;15020.41;2853.88;0016;8.000;;;
0096163289;000010;ZNCN;20240104;C;;O;20240104;000000000000101571;5495.86;1044.21;0005;1.000;;;
0096163296;000010;ZNCN;20240104;C;;O;20240104;000000000000882140;922.89;175.35;0034;1.000;;;
0096163299;000040;ZNCN;20240104;C;;O;20240104;000000000000003255;780.11;148.22;0110;1.000;;;
0096163299;000080;ZNCN;20240104;C;;O;20240104;000000000000850981;97.84;18.59;0251;1.000;;;
0096163299;000050;ZNCN;20240104;C;;O;20240104;000000000000818254;0.00;0.00;0003;1.000;;;
0096163299;000060;ZNCN;20240104;C;;O;20240104;000000000000818253;0.00;0.00;0003;1.000;;;
0096163299;000070;ZNCN;20240104;C;;O;20240104;000000000000818252;0.00;0.00;0003;1.000;;;
0096163301;000070;ZNCN;20240104;C;;O;20240104;000000000000714674;103.67;19.70;0009;22.000;;;
0096163301;000050;ZNCN;20240104;C;;O;20240104;000000000000714672;89.01;16.91;0009;22.000;;;
0096163301;000060;ZNCN;20240104;C;;O;20240104;000000000000725245;103.67;19.70;0009;22.000;;;
0096163301;000010;ZNCN;20240104;C;;O;20240104;000000000000714758;3798.28;721.67;0009;2.000;;;
0096163301;000020;ZNCN;20240104;C;;O;20240104;000000000000714759;4564.33;867.22;0009;2.000;;;
0096163301;000030;ZNCN;20240104;C;;O;20240104;000000000000714760;4564.33;867.23;0009;2.000;;;
0096163301;000040;ZNCN;20240104;C;;O;20240104;000000000000714761;3065.97;582.53;0009;2.000;;;
0096163303;000010;ZNCN;20240104;C;;O;20240104;000000000000163173;1448.28;275.17;0005;2.000;;;
0096163303;000030;ZNCN;20240104;C;;O;20240104;000000000000179925;1001.29;190.25;0005;3.000;;;
0096163304;000010;ZNCN;20240104;C;;O;20240104;000000000000163173;724.14;137.59;0005;1.000;;;
0096163305;000020;ZNCN;20240104;C;;O;20240104;000000000000904064;120.30;22.86;0251;1.000;;;
0096163310;000010;ZNCN;20240104;C;;O;20240104;000000000000135565;177.42;33.71;0013;1.000;;;
0096163315;000010;ZNCN;20240104;C;;O;20240104;000000000000848978;6872.07;1305.69;0013;1.000;;;
0096163316;000010;ZNCN;20240104;C;;O;20240104;000000000000180047;2113.99;401.66;0005;1.000;;;
0096163317;000020;ZNFD;20240104;C;;O;20240104;000000000000793828;1247.06;236.94;0103;1.000;;;
0096163317;000010;ZNFD;20240104;C;;O;20240104;000000000000159826;2499.62;474.93;0005;1.000;;;
0096163321;000010;ZNFD;20240104;C;;O;20240104;000000000000777066;4425.28;840.80;0005;1.000;;;
0096163331;000010;ZNCN;20240104;C;;O;20240104;000000000000701511;7090.46;1347.19;0016;4.000;;;
0096163336;000010;ZNCN;20240104;C;;O;20240104;000000000000756115;3995.00;759.05;0016;4.000;;;
0096163342;000050;ZNCN;20240104;C;;O;20240104;000000000000745260;73.18;13.90;0003;1.000;;;
0096163342;000020;ZNCN;20240104;C;;O;20240104;000000000000745259;200.67;38.13;0251;1.000;;;
0096163342;000030;ZNCN;20240104;C;;O;20240104;000000000000741500;251.08;47.71;0003;4.000;;;
0096163344;000010;ZNCN;20240104;C;;O;20240104;000000000000846234;3453.38;656.14;0016;4.000;;;
0096163376;000040;ZNCN;20240104;C;;O;20240104;000000000000113892;445.91;84.72;0103;1.000;;;
0096163376;000050;ZNCN;20240104;C;;O;20240104;000000000000113893;215.20;40.89;0103;1.000;;;
0096163452;000010;ZNFD;20240104;C;;O;20240104;000000000000928352;17890.48;3399.19;0002;1.000;;;
0096163456;000010;ZNCN;20240104;C;;O;20240104;000000000000917158;2278.55;432.92;0176;2.000;;;
0096163463;000010;ZNCN;20240104;C;;O;20240104;000000000000155514;145.17;27.58;0103;1.000;;;
0096163526;000070;ZNCN;20240104;C;;O;20240104;000000000000834909;1958.62;372.14;0013;1.000;;;
0096163602;000010;ZNCN;20240104;C;;O;20240104;000000000000814961;668.92;127.09;0019;1.000;;;
0096163615;000330;ZNCN;20240104;C;;O;20240104;VARIOS_MAQ;1.68;0.32;0027;1.000;;;
0096163615;000300;ZNCN;20240104;C;;O;20240104;CS40;2379.73;452.15;0082;4.891;;;
0096163615;000020;ZNCN;20240104;C;;O;20240104;000000000000110135;90.54;17.20;0013;0.489;;;
0096163615;000230;ZNCN;20240104;C;;O;20240104;000000000000821160;20.78;3.95;0034;0.489;;;
0096163615;000310;ZNCN;20240104;C;;O;20240104;CS40;19561.08;3716.59;0082;35.000;;;
0096163615;000250;ZNCN;20240104;C;;O;20240104;000000000000849263;7.26;1.38;0034;0.489;;;
0096163615;000320;ZNCN;20240104;C;;O;20240104;000000000000821202;19.56;3.72;0034;1.000;;;
0096163615;000130;ZNCN;20240104;C;;O;20240104;000000000000706591;43.40;8.25;0034;0.978;;;
0096163615;000160;ZNCN;20240104;C;;O;20240104;000000000000706645;36.69;6.97;0034;0.489;;;
0096163615;000040;ZNCN;20240104;C;;O;20240104;000000000000700884;137.60;26.14;0034;0.978;;;
0096163615;000180;ZNCN;20240104;C;;O;20240104;000000000000717291;21.17;4.02;0034;0.979;;;
0096163615;000270;ZNCN;20240104;C;;O;20240104;000000000000860639;39.35;7.48;0034;0.978;;;
0096163615;000120;ZNCN;20240104;C;;O;20240104;000000000000706509;40.82;7.76;0034;0.978;;;
0096163615;000240;ZNCN;20240104;C;;O;20240104;000000000000821202;153.06;29.08;0034;7.826;;;
0096163615;000170;ZNCN;20240104;C;;O;20240104;000000000000710002;43.77;8.32;0034;0.489;;;
0096163615;000030;ZNCN;20240104;C;;O;20240104;000000000000700862;243.89;46.34;0034;0.489;;;
0096163615;000280;ZNCN;20240104;C;;O;20240104;000000000000916371;150.15;28.53;0034;0.489;;;
0096163615;000090;ZNCN;20240104;C;;O;20240104;000000000000700926;547.97;104.11;0034;0.489;;;
0096163615;000050;ZNCN;20240104;C;;O;20240104;000000000000700904;152.65;29.00;0034;0.489;;;
0096163615;000100;ZNCN;20240104;C;;O;20240104;000000000000702529;79.15;15.04;0034;0.489;;;
0096163615;000110;ZNCN;20240104;C;;O;20240104;000000000000704990;74.49;14.15;0034;14.673;;;
0096163615;000290;ZNCN;20240104;C;;O;20240104;000000000000959209;888.13;168.74;0034;0.978;;;
0096163615;000010;ZNCN;20240104;C;;O;20240104;000000000000102298;5.42;1.03;0005;0.489;;;
0096163615;000060;ZNCN;20240104;C;;O;20240104;000000000000700910;2487.58;472.64;0034;0.489;;;
0096163615;000070;ZNCN;20240104;C;;O;20240104;000000000000700912;806.04;153.15;0034;2.935;;;
0096163615;000080;ZNCN;20240104;C;;O;20240104;000000000000700920;550.57;104.61;0034;3.424;;;
0096163615;000140;ZNCN;20240104;C;;O;20240104;000000000000706640;486.30;92.40;0034;0.489;;;
0096163615;000150;ZNCN;20240104;C;;O;20240104;000000000000706644;91.03;17.30;0034;0.978;;;
0096163615;000190;ZNCN;20240104;C;;O;20240104;000000000000724581;199.53;37.91;0034;0.489;;;
0096163615;000200;ZNCN;20240104;C;;O;20240104;000000000000724582;740.26;140.65;0034;2.935;;;
0096163615;000210;ZNCN;20240104;C;;O;20240104;000000000000746464;22.08;4.20;0034;9.781;;;
0096163615;000220;ZNCN;20240104;C;;O;20240104;000000000000819234;1682.11;319.60;0034;0.489;;;
0096163615;000260;ZNCN;20240104;C;;O;20240104;000000000000858966;744.42;141.44;0034;0.489;;;
0096163632;000050;ZNCN;20240104;C;;O;20240104;000000000000192909;840.56;159.71;0005;1.000;;;
0096163832;000020;ZNCN;20240104;C;;O;20240104;000000000000809681;596.25;113.29;0005;3.000;;;
0096163832;000010;ZNCN;20240104;C;;O;20240104;000000000000828148;1254.04;238.27;0005;3.000;;;
0096163875;000020;ZNCN;20240104;C;;O;20240104;000000000000888478;1167.85;221.89;0005;2.000;;;
0096163875;000010;ZNCN;20240104;C;;O;20240104;000000000000111237;446.19;84.78;0005;1.000;;;
0096163923;000060;ZNCN;20240104;C;;O;20240104;000000000000171739;269.93;51.29;0103;1.000;;;
0096163923;000020;ZNCN;20240104;C;;O;20240104;000000000000159466;177.15;33.66;0103;1.000;;;
0096163923;000070;ZNCN;20240104;C;;O;20240104;000000000000115884;553.99;105.26;0103;1.000;;;
0096163923;000040;ZNCN;20240104;C;;O;20240104;000000000000170833;676.45;128.53;0103;1.000;;;
0096163923;000030;ZNCN;20240104;C;;O;20240104;000000000000728202;288.11;54.74;0103;1.000;;;
0096163923;000050;ZNCN;20240104;C;;O;20240104;000000000000170834;473.89;90.04;0103;1.000;;;
0096163923;000010;ZNCN;20240104;C;;O;20240104;000000000000176738;768.77;146.06;0005;1.000;;;
0096163941;000010;ZNCN;20240104;C;;O;20240104;000000000000866002;16582.69;3150.71;0013;1.000;;;
0096163950;000020;ZNCN;20240104;C;;O;20240104;000000000000905354;1137.28;216.08;0034;1.000;;;
0096163970;000030;ZNCN;20240104;C;;O;20240104;000000000000107764;91.55;17.39;0013;1.000;;;
0096163970;000040;ZNCN;20240104;C;;O;20240104;000000000000107823;152.07;28.89;0013;1.000;;;
0096163970;000060;ZNCN;20240104;C;;O;20240104;000000000000969579;217.06;41.24;0013;1.000;;;
0096163970;000050;ZNCN;20240104;C;;O;20240104;000000000000119242;125.56;23.86;0103;1.000;;;
0096163970;000020;ZNCN;20240104;C;;O;20240104;000000000000107772;177.17;33.66;0013;2.000;;;
0096163970;000010;ZNCN;20240104;C;;O;20240104;000000000000893391;749.34;142.37;0013;1.000;;;
0096163970;000070;ZNCN;20240104;C;;O;20240104;000000000000911497;535.32;101.71;0034;1.000;;;
0096163970;000080;ZNCN;20240104;C;;O;20240104;000000000000858954;787.07;149.56;0034;1.000;;;
0096163993;000010;ZNCN;20240104;C;;O;20240104;000000000000785888;3571.17;678.52;0005;1.000;;;
0096163998;000010;ZNCN;20240104;C;;O;20240104;000000000000850395;2412.60;458.39;0005;1.000;;;
0096163999;000030;ZNCN;20240104;C;;O;20240104;000000000000905353;708.72;134.66;0034;1.000;;;
0096164033;000010;ZNCN;20240104;C;;O;20240104;000000000000735982;1709.46;324.80;0005;2.000;;;
0096164046;000010;ZNCN;20240104;C;;O;20240104;000000000000984322;962.50;182.88;0024;1.000;;;
0096164046;000020;ZNCN;20240104;C;;O;20240104;CS54;320.01;60.80;0082;0.800;;;
0096164107;000010;ZNCN;20240104;C;;O;20240104;000000000000984842;3067.31;582.79;0014;5.000;;;
0096164108;000010;ZNCN;20240104;C;;O;20240104;000000000000917185;6537.23;1242.07;0016;4.000;;;
0096164109;000020;ZNCN;20240104;C;;O;20240104;000000000000745290;22200.00;4218.00;0016;20.000;;;
0096164109;000160;ZNCN;20240104;C;;O;20240104;000000000000701511;18600.00;3534.00;0016;10.000;;;
0096164109;000030;ZNCN;20240104;C;;O;20240104;000000000000747835;6880.00;1307.20;0016;8.000;;;
0096164109;000040;ZNCN;20240104;C;;O;20240104;000000000000850193;9960.00;1892.40;0016;12.000;;;
0096164109;000050;ZNCN;20240104;C;;O;20240104;000000000000753473;6560.00;1246.40;0016;8.000;;;
0096164109;000060;ZNCN;20240104;C;;O;20240104;000000000000873675;69200.00;13148.00;0016;4.000;;;
0096164109;000070;ZNCN;20240104;C;;O;20240104;000000000000840492;9840.00;1869.60;0016;4.000;;;
0096164109;000080;ZNCN;20240104;C;;O;20240104;000000000000864224;3600.00;684.00;0016;10.000;;;
0096164109;000090;ZNCN;20240104;C;;O;20240104;000000000000771263;116400.00;22116.00;0016;60.000;;;
0096164109;000100;ZNCN;20240104;C;;O;20240104;000000000000836103;89520.00;17008.80;0016;4.000;;;
0096164109;000120;ZNCN;20240104;C;;O;20240104;000000000000851761;5920.00;1124.80;0016;16.000;;;
0096164109;000130;ZNCN;20240104;C;;O;20240104;000000000000965001;4000.00;760.00;0016;10.000;;;
0096164109;000140;ZNCN;20240104;C;;O;20240104;000000000000863888;16200.00;3078.00;0016;20.000;;;
0096164109;000150;ZNCN;20240104;C;;O;20240104;000000000000965014;1920.00;364.80;0016;4.000;;;
0096164109;000010;ZNCN;20240104;C;;O;20240104;000000000000180184;10000.00;1900.00;0016;4.000;;;
0096164109;000110;ZNCN;20240104;C;;O;20240104;000000000000153384;18920.00;3594.80;0016;4.000;;;
0096164137;000010;ZNCN;20240104;C;;O;20240104;NC01;3630.95;689.88;0180;1.000;;;
0096164228;000010;ZNCN;20240104;C;;O;20240104;NC01;2644.91;502.53;0180;1.000;;;
0096164261;000010;ZNCN;20240104;C;;O;20240104;000000000000701510;2709.93;514.89;0016;1.000;;;
0096164264;000010;ZNCN;20240104;C;;O;20240104;NC01;3070.52;583.40;0180;1.000;;;
0096164267;000010;ZNCN;20240104;C;;O;20240104;000000000000208824;4429.50;841.61;0186;11.000;;;
0096164299;000010;ZNCN;20240104;C;;O;20240104;000000000000004471;757.37;143.90;0251;1.000;;;
0096164299;000050;ZNCN;20240104;C;;O;20240104;000000000000894677;0.00;0.00;0251;1.000;;;
0096164299;000030;ZNCN;20240104;C;;O;20240104;000000000000894678;0.00;0.00;0251;1.000;;;
0096164299;000040;ZNCN;20240104;C;;O;20240104;000000000000894679;0.00;0.00;0251;1.000;;;
0096164299;000060;ZNCN;20240104;C;;O;20240104;000000000000904064;0.00;0.00;0251;1.000;;;
0096164299;000020;ZNCN;20240104;C;;O;20240104;000000000000921721;0.00;0.00;0251;1.000;;;
0096164419;000010;ZNCN;20240104;C;;O;20240104;NC01;36557.82;6945.99;0180;1.000;;;
0096164422;000010;ZNCA;20240104;C;;O;20240104;;0.00;0.00;;1.000;;;
0096164458;000010;ZNCA;20240104;C;;O;20240104;000000000000000081;0.00;0.00;0027;1.000;;;
0096164495;000010;ZNCA;20240104;C;;O;20240104;;0.00;0.00;;0.000;;;
0096164502;000010;ZNCN;20240104;C;;O;20240104;000000000000748323;8597.52;1633.53;0016;4.000;;;
0096164504;000010;ZNCN;20240104;C;;O;20240104;000000000000109559;33.98;6.46;0005;2.000;;;
0096164523;000050;ZNCN;20240104;C;;O;20240104;000000000000106719;1057.90;201.00;0005;1.000;;;
0096164524;000010;ZNCA;20240104;C;;O;20240104;;0.00;0.00;;0.000;;;
0096164560;000010;ZNCN;20240105;C;;O;20240105;000000000000800619;338.69;64.36;0001;1.000;;;
0096164560;000020;ZNCN;20240105;C;;O;20240105;000000000000801122;206.92;39.31;0001;2.000;;;
0096164570;000020;ZNCN;20240105;C;;O;20240105;000000000000872397;2558.82;486.18;0013;2.000;;;
0096164596;000010;ZNCN;20240105;C;;O;20240105;000000000000978842;326.78;62.09;0104;1.000;;;
0096164601;000020;ZNCN;20240105;C;;O;20240105;000000000000136925;481.45;91.48;0013;1.000;;;
0096164601;000030;ZNCN;20240105;C;;O;20240105;000000000000917646;205.10;38.97;0013;1.000;;;
0096164601;000010;ZNCN;20240105;C;;O;20240105;000000000000940235;1156.72;219.77;0013;1.000;;;
0096164632;000020;ZNCN;20240105;C;;O;20240105;000000000000155217;243.26;46.22;0005;1.000;;;
0096164665;000010;ZNF1;20240105;C;;O;20240105;SERV.EXTERNO;1725.50;327.85;0086;1.000;;;
0096164691;000010;ZNCA;20240105;C;;O;20240105;;0.00;0.00;;0.000;;;
0096164708;000010;ZNCA;20240105;C;;O;20240105;;0.00;0.00;;0.000;;;
0096164769;000020;ZNCN;20240105;C;;O;20240105;000000000000154722;1293.63;245.79;0103;1.000;;;
0096164770;000010;ZNCN;20240105;C;;O;20240105;000000000000154486;423.91;80.54;0103;1.000;;;
0096164812;000040;ZNCN;20240105;C;;O;20240105;000000000000903097;555.53;105.55;0005;1.000;;;
0096165045;000040;ZNCN;20240105;C;;O;20240105;000000000000154823;28.03;5.33;0005;1.000;;;
0096165109;000010;ZNCN;20240105;C;;O;20240105;000000000000849206;581.41;110.47;0005;7.000;;;
0096165109;000030;ZNCN;20240105;C;;O;20240105;000000000000849205;331.83;63.05;0005;7.000;;;
0096165109;000020;ZNCN;20240105;C;;O;20240105;000000000000156568;86.97;16.52;0103;7.000;;;
0096165128;000010;ZNCN;20240105;C;;O;20240105;000000000000863883;2013.48;382.56;0019;2.000;;;
0096165137;000010;ZNCN;20240105;C;;O;20240105;000000000000154667;90.44;17.19;0103;2.000;;;
0096165137;000050;ZNCN;20240105;C;;O;20240105;000000000000157278;52.81;10.03;0103;1.000;;;
0096165306;000010;ZNCA;20240105;C;;O;20240105;;0.00;0.00;;0.000;;;
0096165312;000010;ZNCA;20240105;C;;O;20240105;;0.00;0.00;;0.000;;;
0096165347;000010;ZNCN;20240105;C;;O;20240105;000000000000766622;6403.32;1216.63;0034;1.000;;;
0096165358;000010;ZNCN;20240105;C;;O;20240105;000000000000156747;974.80;185.21;0005;2.000;;;
0096165440;000010;ZNCN;20240105;C;;O;20240105;000000000000193154;499.65;94.94;0013;1.000;;;
0096165440;000020;ZNCN;20240105;C;;O;20240105;000000000000193153;482.96;91.76;0013;1.000;;;
0096165454;000030;ZNCN;20240105;C;;O;20240105;000000000000156562;377.76;71.77;0005;4.000;;;
0096165501;000030;ZNCN;20240105;C;;O;20240105;SN115;120.00;22.80;0016;1.000;;;
0096165507;000010;ZNCN;20240105;C;;O;20240105;000000000000965019;1152.72;219.02;0016;2.000;;;
0096165532;000010;ZNCN;20240105;C;;O;20240105;000000000000865041;2276.12;432.46;0016;4.000;;;
0096165593;000070;ZNCN;20240105;C;;O;20240105;N450390_SL;151.26;28.74;0027;1.000;;;
0096165593;000080;ZNCN;20240105;C;;O;20240105;000000000000002525;126.05;23.95;0027;1.000;;;
0096165593;000030;ZNCN;20240105;C;;O;20240105;000000000000871454;50.00;9.50;0119;1.000;;;
0096165593;000040;ZNCN;20240105;C;;O;20240105;000000000000907895;3.36;0.64;0024;1.000;;;
0096165593;000050;ZNCN;20240105;C;;O;20240105;CS54;939.99;178.60;0082;2.000;;;
0096165593;000060;ZNCN;20240105;C;;O;20240105;000000000000874008;1063.75;202.11;0083;7.400;;;
0096165593;000010;ZNCN;20240105;C;;O;20240105;000000000000870016;274.28;52.11;0119;1.000;;;
0096165593;000020;ZNCN;20240105;C;;O;20240105;000000000000870947;274.85;52.22;0119;1.000;;;
0096165703;000440;ZNCN;20240105;C;;O;20240105;000000000000935124;77.06;14.64;0003;1.000;;;
0096165703;000090;ZNCN;20240105;C;;O;20240105;000000000000963569;76.80;14.59;0003;1.000;;;
0096165703;000040;ZNCN;20240105;C;;O;20240105;000000000000965417;82.27;15.63;0003;1.000;;;
0096165703;000520;ZNCN;20240105;C;;O;20240105;000000000000143045;303.78;57.72;0251;2.000;;;
0096165703;000150;ZNCN;20240105;C;;O;20240105;000000000000913894;338.66;64.35;0003;1.000;;;
0096165703;000210;ZNCN;20240105;C;;O;20240105;000000000000976064;293.38;55.74;0003;1.000;;;
0096165703;000130;ZNCN;20240105;C;;O;20240105;000000000000948443;109.37;20.78;0003;1.000;;;
0096165703;000230;ZNCN;20240105;C;;O;20240105;000000000000937205;24.70;4.69;0003;1.000;;;
0096165703;000580;ZNCN;20240105;C;;O;20240105;CS54;9449.95;1795.49;0082;21.000;;;
0096165703;000650;ZNCN;20240105;C;;O;20240105;DEDUCIBLE;-3629.82;-689.67;0085;1.000;;;
0096165703;000600;ZNCN;20240105;C;;O;20240105;I330082_SL;10145.06;1927.58;0035;1.000;;;
0096165703;000640;ZNCN;20240105;C;;O;20240105;I320082_SL;4104.00;779.76;0036;2.000;;;
0096165703;000480;ZNCN;20240105;C;;O;20240105;000000000000967037;82.68;15.71;0003;1.000;;;
0096165703;000490;ZNCN;20240105;C;;O;20240105;000000000000946678;78.34;14.88;0003;1.000;;;
0096165703;000500;ZNCN;20240105;C;;O;20240105;000000000000946516;78.34;14.88;0003;1.000;;;
0096165703;000390;ZNCN;20240105;C;;O;20240105;000000000000898052;169.79;32.26;0003;1.000;;;
0096165703;000170;ZNCN;20240105;C;;O;20240105;000000000000970742;120.46;22.89;0003;1.000;;;
0096165703;000530;ZNCN;20240105;C;;O;20240105;000000000000875325;282.73;53.72;0003;1.000;;;
0096165703;000140;ZNCN;20240105;C;;O;20240105;000000000000959537;3822.74;726.32;0003;1.000;;;
0096165703;000290;ZNCN;20240105;C;;O;20240105;000000000000948415;2650.07;503.51;0003;1.000;;;
0096165703;000300;ZNCN;20240105;C;;O;20240105;000000000000948417;2339.29;444.47;0003;1.000;;;
0096165703;000220;ZNCN;20240105;C;;O;20240105;000000000000898081;4596.86;873.40;0003;1.000;;;
0096165703;000120;ZNCN;20240105;C;;O;20240105;000000000000898037;6366.46;1209.63;0003;1.000;;;
0096165703;000400;ZNCN;20240105;C;;O;20240105;000000000000898091;2059.37;391.28;0003;1.000;;;
0096165703;000110;ZNCN;20240105;C;;O;20240105;000000000000904809;1468.53;279.02;0003;1.000;;;
0096165703;000620;ZNCN;20240105;C;;O;20240105;000000000000910962;1574.89;299.23;0003;1.000;;;
0096165703;000010;ZNCN;20240105;C;;O;20240105;000000000000948441;871.62;165.61;0003;1.000;;;
0096165703;000020;ZNCN;20240105;C;;O;20240105;000000000000948420;871.62;165.61;0003;1.000;;;
0096165703;000050;ZNCN;20240105;C;;O;20240105;000000000000965416;128.60;24.43;0003;1.000;;;
0096165703;000060;ZNCN;20240105;C;;O;20240105;000000000000898112;4874.85;926.22;0003;1.000;;;
0096165703;000070;ZNCN;20240105;C;;O;20240105;000000000000967363;810.12;153.92;0003;1.000;;;
0096165703;000080;ZNCN;20240105;C;;O;20240105;000000000000958811;646.47;122.83;0003;1.000;;;
0096165703;000100;ZNCN;20240105;C;;O;20240105;000000000000941881;2121.44;403.07;0003;1.000;;;
0096165703;000160;ZNCN;20240105;C;;O;20240105;000000000000904810;1288.49;244.81;0003;1.000;;;
0096165703;000180;ZNCN;20240105;C;;O;20240105;000000000000898075;1307.43;248.41;0003;1.000;;;
0096165703;000190;ZNCN;20240105;C;;O;20240105;000000000000898087;2414.73;458.80;0003;1.000;;;
0096165703;000200;ZNCN;20240105;C;;O;20240105;000000000000918904;5313.39;1009.54;0003;1.000;;;
0096165703;000240;ZNCN;20240105;C;;O;20240105;000000000000948464;1147.87;218.10;0003;1.000;;;
0096165703;000250;ZNCN;20240105;C;;O;20240105;000000000000953501;2047.10;388.95;0003;1.000;;;
0096165703;000260;ZNCN;20240105;C;;O;20240105;000000000000953503;87.78;16.68;0003;1.000;;;
0096165703;000270;ZNCN;20240105;C;;O;20240105;000000000000948419;1349.92;256.48;0003;1.000;;;
0096165703;000280;ZNCN;20240105;C;;O;20240105;000000000000953488;928.65;176.44;0003;1.000;;;
0096165703;000310;ZNCN;20240105;C;;O;20240105;000000000000954187;1287.05;244.54;0003;1.000;;;
0096165703;000330;ZNCN;20240105;C;;O;20240105;000000000000910704;396.73;75.38;0003;1.000;;;
0096165703;000340;ZNCN;20240105;C;;O;20240105;000000000000976069;114.45;21.75;0003;1.000;;;
0096165703;000350;ZNCN;20240105;C;;O;20240105;000000000000976067;405.72;77.09;0003;1.000;;;
0096165703;000360;ZNCN;20240105;C;;O;20240105;000000000000976068;265.54;50.45;0003;1.000;;;
0096165703;000370;ZNCN;20240105;C;;O;20240105;000000000000913327;1101.71;209.32;0003;1.000;;;
