EQUNR;SERNR;MATNR;HERST;WERK;INBDT;BAUJJ;CHARGE;LVORM;EQKTX
9BGKS48T0KG189225;9BGKS48T0KG189225;000000000000890445;;;00000000;2019;;;CHEVROLET ONIX
9BGKS48T0HG132449;9BGKS48T0HG132449;000000000000890445;;;00000000;2017;;;CHEVROLET ONIX
9BGKT69T0H6248059;9BGKT69T0H6248059;000000000000748927;;;00000000;2017;;;CHEVROLET SAIL
KL1C6MY0CCM012433;KL1C6MY0CCM012433;000000000000748927;;;00000000;2012;;;CHEVROLET SAIL
KL1CM658CD4115004;KL1CM658CD4115004;000000000000748927;;;00000000;2013;;;CHEVROLET SAIL
KL1FC1DV6CB060370;KL1FC1DV6CB060370;000000000000748927;;;00000000;2012;;;CHEVROLET SAIL
KL1JM5CEXEB722320;KL1JM5CEXEB722320;000000000000748927;;;00000000;2014;;;CHEVROLET SONIC
KL1MM6A06BC131272;KL1MM6A06BC131272;000000000000748927;;;00000000;2011;;;CHEVROLET SAIL
KL1TM5C78AB022039;KL1TM5C78AB022039;000000000000748927;;;00000000;2010;;;CHEVROLET SAIL
KLSGS58M6CY310951;KLSGS58M6CY310951;000000000000748927;;;00000000;2012;;;CHEVROLET SAIL
KNAFW411AB5906119;KNAFW411AB5906119;000000000000011112;;;00000000;2011;;;KIA CERATO
KSGSA58M0CY310816;KSGSA58M0CY310816;000000000000748927;;;00000000;2012;;;CHEVROLET SAIL
LS65A58M7BY052325;LS65A58M7BY052325;000000000000748927;;;00000000;2011;;;CHEVROLET SAIL
LS6SA52M2CY261272;LS6SA52M2CY261272;000000000000748927;;;00000000;2012;;;CHEVROLET SAIL
LS6SA52M5DY177674;LS6SA52M5DY177674;000000000000748927;;;00000000;2013;;;CHEVROLET SAIL
LGSA52M1DY201680;LGSA52M1DY201680;000000000000748927;;;00000000;2000;;;CHEVROLET SAIL
LSG5A58M1BY000432;LSG5A58M1BY000432;000000000000748927;;;00000000;2011;;;CHEVROLET SAIL
LSGA52MXBY001782;LSGA52MXBY001782;000000000000748927;;;00000000;2011;;;CHEVROLET SAIL
LSGGD52HXJD030161;LSGGD52HXJD030161;000000000000748927;;;00000000;2018;;;CHEVROLET SAIL
LSGHD52H0GD255911;LSGHD52H0GD255911;000000000000748927;;;00000000;2016;;;CHEVROLET SAIL
LSGHD52H0GD255961;LSGHD52H0GD255961;000000000000748927;;;00000000;2016;;;CHEVROLET SAIL
L5GHD52H7KF039756;L5GHD52H7KF039756;000000000000748927;;;00000000;2019;;;CHEVROLET SAIL
L5GSA52M3FY124894;L5GSA52M3FY124894;000000000000748927;;;00000000;2015;;;CHEVROLET SAIL
LSGHD52H2HD178976;LSGHD52H2HD178976;000000000000748927;;;00000000;2017;;;CHEVROLET SAIL
LSGHD52H3HD312006;LSGHD52H3HD312006;000000000000748927;;;00000000;2017;;;CHEVROLET SAIL
LSGHD52H8JD130792;LSGHD52H8JD130792;000000000000748927;;;00000000;2018;;;CHEVROLET SAIL
LSGHD52H2HD196085;LSGHD52H2HD196085;000000000000748927;;;00000000;2017;;;CHEVROLET SAIL
LSGHD52H4LD152288;LSGHD52H4LD152288;000000000000748927;;;00000000;2020;;;CHEVROLET SAIL
LSGHD52H0HD257370;LSGHD52H0HD257370;000000000000748927;;;00000000;2017;;;CHEVROLET SAIL
LSGHD52H0HD270796;LSGHD52H0HD270796;000000000000748927;;;00000000;2017;;;CHEVROLET SAIL
LSGHD52H0HD290370;LSGHD52H0HD290370;000000000000748927;;;00000000;2017;;;CHEVROLET SAIL
LSGHD52H3JD077581;LSGHD52H3JD077581;000000000000748927;;;00000000;2018;;;CHEVROLET SAIL
LSGHD52H6JD130287;LSGHD52H6JD130287;000000000000748927;;;00000000;2018;;;CHEVROLET SAIL
LSGHD52H6JD196063;LSGHD52H6JD196063;000000000000748927;;;00000000;2018;;;CHEVROLET SAIL
LSGHD52H5JD110385;LSGHD52H5JD110385;000000000000748927;;;00000000;2018;;;CHEVROLET SAIL
LSGHD52H0MD146991;LSGHD52H0MD146991;000000000000748927;;;00000000;2021;;;CHEVROLET SAIL
LSGHD52H1LD196104;LSGHD52H1LD196104;000000000000748927;;;00000000;2020;;;CHEVROLET SAIL
LSGHD52H3MD153904;LSGHD52H3MD153904;000000000000748927;;;00000000;2021;;;CHEVROLET SAIL
LSGHD52H76D253010;LSGHD52H76D253010;000000000000748927;;;00000000;2006;;;CHEVROLET SAIL
LSGHD52H7F0267892;LSGHD52H7F0267892;000000000000748927;;;00000000;2015;;;CHEVROLET SAIL
LSGHD52H0JD195717;LSGHD52H0JD195717;000000000000748927;;;00000000;2018;;;CHEVROLET SAIL
LSGHD52H3KD015843;LSGHD52H3KD015843;000000000000748927;;;00000000;2019;;;CHEVROLET SAIL
LSGHD52H5MD149675;LSGHD52H5MD149675;000000000000748927;;;00000000;2021;;;CHEVROLET SAIL
LSGHD52H5MD151863;LSGHD52H5MD151863;000000000000748927;;;00000000;2021;;;CHEVROLET SAIL
LSGHD52H7KD076404;LSGHD52H7KD076404;000000000000748927;;;00000000;2019;;;CHEVROLET SAIL
LSGHD52H1JD220589;LSGHD52H1JD220589;000000000000748927;;;00000000;2018;;;CHEVROLET SAIL
LSGHD52H6FD268385;LSGHD52H6FD268385;000000000000748927;;;00000000;2015;;;CHEVROLET SAIL
LSGHD52H6KD058511;LSGHD52H6KD058511;000000000000748927;;;00000000;2019;;;CHEVROLET SAIL
LSGHD52H8GD250956;LSGHD52H8GD250956;000000000000748927;;;00000000;2016;;;CHEVROLET SAIL
LSGHD52H1KD023908;LSGHD52H1KD023908;000000000000748927;;;00000000;2019;;;CHEVROLET SAIL
LSGHD52H3FD268411;LSGHD52H3FD268411;000000000000748927;;;00000000;2015;;;CHEVROLET SAIL
LSGHD52H4FD268191;LSGHD52H4FD268191;000000000000748927;;;00000000;2015;;;CHEVROLET SAIL
LSGHD52H5FD298400;LSGHD52H5FD298400;000000000000748927;;;00000000;2015;;;CHEVROLET SAIL
LSGHD52H5GD212651;LSGHD52H5GD212651;000000000000748927;;;00000000;2016;;;CHEVROLET SAIL
LSGHD52H7GD253119;LSGHD52H7GD253119;000000000000748927;;;00000000;2016;;;CHEVROLET SAIL
LSGHD52H0KD024919;LSGHD52H0KD024919;000000000000748927;;;00000000;2019;;;CHEVROLET SAIL
LSGHD52H1KD027568;LSGHD52H1KD027568;000000000000748927;;;00000000;2019;;;CHEVROLET SAIL
LSGHD52H3GD252890;LSGHD52H3GD252890;000000000000748927;;;00000000;2016;;;CHEVROLET SAIL
LSGHD52H2GD249334;LSGHD52H2GD249334;000000000000748927;;;00000000;2016;;;CHEVROLET SAIL
LSGHD52H4KD118818;LSGHD52H4KD118818;000000000000748927;;;00000000;2019;;;CHEVROLET SAIL
LSGHD52H5GD253006;LSGHD52H5GD253006;000000000000748927;;;00000000;2016;;;CHEVROLET SAIL
LSGHD52H8HD176228;LSGHD52H8HD176228;000000000000748927;;;00000000;2017;;;CHEVROLET SAIL
LSGHD52H1GD251351;LSGHD52H1GD251351;000000000000748927;;;00000000;2016;;;CHEVROLET SAIL
LSGHD52H4LD029462;LSGHD52H4LD029462;000000000000748927;;;00000000;2020;;;CHEVROLET SAIL
LSGHD52H5GD254804;LSGHD52H5GD254804;000000000000748927;;;00000000;2016;;;CHEVROLET SAIL
LSGHD52H5GD254950;LSGHD52H5GD254950;000000000000748927;;;00000000;2016;;;CHEVROLET SAIL
LSGHD52H0LD012318;LSGHD52H0LD012318;000000000000748927;;;00000000;2020;;;CHEVROLET SAIL
LSGHD52H4LD060212;LSGHD52H4LD060212;000000000000748927;;;00000000;2020;;;CHEVROLET SAIL
LSGHD52H7HD276028;LSGHD52H7HD276028;000000000000748927;;;00000000;2017;;;CHEVROLET SAIL
LSGHD52H7HD290706;LSGHD52H7HD290706;000000000000748927;;;00000000;2017;;;CHEVROLET SAIL
LSGHD52H1LD013137;LSGHD52H1LD013137;000000000000748927;;;00000000;2020;;;CHEVROLET SAIL
LSGHD52H2HD143970;LSGHD52H2HD143970;000000000000748927;;;00000000;2017;;;CHEVROLET SAIL
LSGHD52H3HD218711;LSGHD52H3HD218711;000000000000748927;;;00000000;2017;;;CHEVROLET SAIL
LSGHD52H3LD110145;LSGHD52H3LD110145;000000000000748927;;;00000000;2020;;;CHEVROLET SAIL
LSGHD52H4HD216644;LSGHD52H4HD216644;000000000000748927;;;00000000;2017;;;CHEVROLET SAIL
LSGHD52H5HD175201;LSGHD52H5HD175201;000000000000748927;;;00000000;2017;;;CHEVROLET SAIL
LSGHD52H2HD172756;LSGHD52H2HD172756;000000000000748927;;;00000000;2017;;;CHEVROLET SAIL
LSGHD52H4HD237431;LSGHD52H4HD237431;000000000000748927;;;00000000;2017;;;CHEVROLET SAIL
LSGHD52H4LD098104;LSGHD52H4LD098104;000000000000748927;;;00000000;2020;;;CHEVROLET SAIL
LSGHD54HXGD249546;LSGHD54HXGD249546;000000000000748927;;;00000000;2016;;;CHEVROLET SAIL
LSGHD54HXGD249658;LSGHD54HXGD249658;000000000000748927;;;00000000;2016;;;CHEVROLET SAIL
LSGSA52M0BY009549;LSGSA52M0BY009549;000000000000748927;;;00000000;2011;;;CHEVROLET SAIL
LSGSA52M0FY216156;LSGSA52M0FY216156;000000000000748927;;;00000000;2015;;;CHEVROLET SAIL
LSGSA52M1CY044294;LSGSA52M1CY044294;000000000000748927;;;00000000;2012;;;CHEVROLET SAIL
LSGSA52M1CY121164;LSGSA52M1CY121164;000000000000748927;;;00000000;2012;;;CHEVROLET SAIL
LSGSA52M2CY231415;LSGSA52M2CY231415;000000000000748927;;;00000000;2012;;;CHEVROLET SAIL
LSGSA52M2CY262292;LSGSA52M2CY262292;000000000000748927;;;00000000;2012;;;CHEVROLET SAIL
LSGSA52M2CY262616;LSGSA52M2CY262616;000000000000748927;;;00000000;2012;;;CHEVROLET SAIL
LSGSA52M2EY080675;LSGSA52M2EY080675;000000000000748927;;;00000000;2014;;;CHEVROLET SAIL
LSGSA52M2EY088940;LSGSA52M2EY088940;000000000000748927;;;00000000;2014;;;CHEVROLET SAIL
LSGHD52H8MD148973;LSGHD52H8MD148973;000000000000748927;;;00000000;2021;;;CHEVROLET SAIL
LSGHD52HGJD029931;LSGHD52HGJD029931;000000000000748927;;;00000000;2018;;;CHEVROLET SAIL
LSGHD52HXKD085132;LSGHD52HXKD085132;000000000000748927;;;00000000;2019;;;CHEVROLET SAIL
LSGHD54H4FD319153;LSGHD54H4FD319153;000000000000748927;;;00000000;2015;;;CHEVROLET SAIL
LSGSA52M0GY003161;LSGSA52M0GY003161;000000000000748927;;;00000000;2016;;;CHEVROLET SAIL
LSGSA52M0GY003225;LSGSA52M0GY003225;000000000000748927;;;00000000;2016;;;CHEVROLET SAIL
LSGSA52M1CY149308;LSGSA52M1CY149308;000000000000748927;;;00000000;2012;;;CHEVROLET SAIL
LSGSA52M1EY024632;LSGSA52M1EY024632;000000000000748927;;;00000000;2014;;;CHEVROLET SAIL
LSGSA52M1EY025134;LSGSA52M1EY025134;000000000000748927;;;00000000;2014;;;CHEVROLET SAIL
LSGHD52H9KD023168;LSGHD52H9KD023168;000000000000748927;;;00000000;2019;;;CHEVROLET SAIL
LSGHD54H4GD232628;LSGHD54H4GD232628;000000000000748927;;;00000000;2016;;;CHEVROLET SAIL
LSGSA52M1CY202228;LSGSA52M1CY202228;000000000000748927;;;00000000;2012;;;CHEVROLET SAIL
LSGSA52M1EY028910;LSGSA52M1EY028910;000000000000748927;;;00000000;2014;;;CHEVROLET SAIL
LSGSA52M2CY313323;LSGSA52M2CY313323;000000000000748927;;;00000000;2012;;;CHEVROLET SAIL
LSGHD54H1HD148607;LSGHD54H1HD148607;000000000000748927;;;00000000;2017;;;CHEVROLET SAIL
LSGHD54H1HD148977;LSGHD54H1HD148977;000000000000748927;;;00000000;2017;;;CHEVROLET SAIL
LSGHD54H4HD277845;LSGHD54H4HD277845;000000000000748927;;;00000000;2017;;;CHEVROLET SAIL
LSGSA52M0BY118559;LSGSA52M0BY118559;000000000000748927;;;00000000;2011;;;CHEVROLET SAIL
LSGSA52M0DY181065;LSGSA52M0DY181065;000000000000748927;;;00000000;2013;;;CHEVROLET SAIL
LSGSA52M0GY022082;LSGSA52M0GY022082;000000000000748927;;;00000000;2016;;;CHEVROLET SAIL
LSGHD54MSGD065003;LSGHD54MSGD065003;000000000000748927;;;00000000;2016;;;CHEVROLET SAIL
LSGHDS4H5GD166381;LSGHDS4H5GD166381;000000000000748927;;;00000000;2016;;;CHEVROLET SAIL
LSGSA52M0DY214436;LSGSA52M0DY214436;000000000000748927;;;00000000;2013;;;CHEVROLET SAIL
LSGSA52M0DY214534;LSGSA52M0DY214534;000000000000748927;;;00000000;2013;;;CHEVROLET SAIL
LSGSA52M0DY216428;LSGSA52M0DY216428;000000000000748927;;;00000000;2013;;;CHEVROLET SAIL
LSGSA52M0GY025211;LSGSA52M0GY025211;000000000000748927;;;00000000;2016;;;CHEVROLET SAIL
LSGHD52H9GD249587;LSGHD52H9GD249587;000000000000748927;;;00000000;2016;;;CHEVROLET SAIL
LSGHD52HXGD255415;LSGHD52HXGD255415;000000000000748927;;;00000000;2016;;;CHEVROLET SAIL
LSGHD52HXHD144588;LSGHD52HXHD144588;000000000000748927;;;00000000;2017;;;CHEVROLET SAIL
LSGHD54H1KD039264;LSGHD54H1KD039264;000000000000748927;;;00000000;2019;;;CHEVROLET SAIL
LSGHD54H4LD060952;LSGHD54H4LD060952;000000000000748927;;;00000000;2020;;;CHEVROLET SAIL
LSGHD54H5FD260792;LSGHD54H5FD260792;000000000000748927;;;00000000;2015;;;CHEVROLET SAIL
LSGSA52M0EV030289;LSGSA52M0EV030289;000000000000748927;;;00000000;2014;;;CHEVROLET SAIL
LSGSA52M0EY013198;LSGSA52M0EY013198;000000000000748927;;;00000000;2014;;;CHEVROLET SAIL
LSGSA52M1CY310686;LSGSA52M1CY310686;000000000000748927;;;00000000;2012;;;CHEVROLET SAIL
LSGHD52H9LD012172;LSGHD52H9LD012172;000000000000748927;;;00000000;2020;;;CHEVROLET SAIL
LSGSA52M0EY024220;LSGSA52M0EY024220;000000000000748927;;;00000000;2014;;;CHEVROLET SAIL
LSGSA52M0EY024301;LSGSA52M0EY024301;000000000000748927;;;00000000;2014;;;CHEVROLET SAIL
LSGSA52M0EY024430;LSGSA52M0EY024430;000000000000748927;;;00000000;2014;;;CHEVROLET SAIL
LSGSA52M1EY156404;LSGSA52M1EY156404;000000000000748927;;;00000000;2014;;;CHEVROLET SAIL
LSGSA52M1EY174692;LSGSA52M1EY174692;000000000000748927;;;00000000;2014;;;CHEVROLET SAIL
LSGSA52M1H4130646;LSGSA52M1H4130646;000000000000748927;;;00000000;2017;;;CHEVROLET SAIL
LSGHD52H9HD147661;LSGHD52H9HD147661;000000000000748927;;;00000000;2017;;;CHEVROLET SAIL
LSGHD54H8KD039150;LSGHD54H8KD039150;000000000000748927;;;00000000;2019;;;CHEVROLET SAIL
LSGSA52M1DY059024;LSGSA52M1DY059024;000000000000748927;;;00000000;2013;;;CHEVROLET SAIL
LSGSA52M1EY186275;LSGSA52M1EY186275;000000000000748927;;;00000000;2014;;;CHEVROLET SAIL
LSGHD52H9HD174536;LSGHD52H9HD174536;000000000000748927;;;00000000;2017;;;CHEVROLET SAIL
LSGSA52M0CY182697;LSGSA52M0CY182697;000000000000748927;;;00000000;2012;;;CHEVROLET SAIL
LSGSA52M0CY202172;LSGSA52M0CY202172;000000000000748927;;;00000000;2012;;;CHEVROLET SAIL
LSGSA52M1EY233790;LSGSA52M1EY233790;000000000000748927;;;00000000;2014;;;CHEVROLET SAIL
LSGHD52H8LD050329;LSGHD52H8LD050329;000000000000748927;;;00000000;2020;;;CHEVROLET SAIL
LSGHD52H8LD061170;LSGHD52H8LD061170;000000000000748927;;;00000000;1990;;;CHEVROLET SAIL
LSGHD54H2HD175640;LSGHD54H2HD175640;000000000000748927;;;00000000;2017;;;CHEVROLET SAIL
LSGHD54H5KD076236;LSGHD54H5KD076236;000000000000748927;;;00000000;2019;;;CHEVROLET SAIL
LSGHD54H9GD093211;LSGHD54H9GD093211;000000000000748927;;;00000000;2016;;;CHEVROLET SAIL
LSGSA52M0CY231963;LSGSA52M0CY231963;000000000000748927;;;00000000;2012;;;CHEVROLET SAIL
LSGSA52M1BY001556;LSGSA52M1BY001556;000000000000748927;;;00000000;2011;;;CHEVROLET SAIL
LSGSA52M1DY086319;LSGSA52M1DY086319;000000000000748927;;;00000000;2013;;;CHEVROLET SAIL
LSGSA52M1DY103023;LSGSA52M1DY103023;000000000000748927;;;00000000;2013;;;CHEVROLET SAIL
LSGSA52M1EY629992;LSGSA52M1EY629992;000000000000748927;;;00000000;2014;;;CHEVROLET SAIL
LSGSA52M2BY118353;LSGSA52M2BY118353;000000000000748927;;;00000000;2011;;;CHEVROLET SAIL
LSGSA52M2BY118367;LSGSA52M2BY118367;000000000000748927;;;00000000;2011;;;CHEVROLET SAIL
LSGSA52M2BY118398;LSGSA52M2BY118398;000000000000748927;;;00000000;2011;;;CHEVROLET SAIL
LSGHD52HXMD148084;LSGHD52HXMD148084;000000000000748927;;;00000000;2021;;;CHEVROLET SAIL
LSGHD54H6FD319008;LSGHD54H6FD319008;000000000000748927;;;00000000;2015;;;CHEVROLET SAIL
LSGSA52M0CY286428;LSGSA52M0CY286428;000000000000748927;;;00000000;2012;;;CHEVROLET SAIL
LSGSA52M1BY026425;LSGSA52M1BY026425;000000000000748927;;;00000000;2011;;;CHEVROLET SAIL
LSGSA52M1DY105063;LSGSA52M1DY105063;000000000000748927;;;00000000;2013;;;CHEVROLET SAIL
LSGSA52M1DY128598;LSGSA52M1DY128598;000000000000748927;;;00000000;2013;;;CHEVROLET SAIL
LSGHD52H9HD277267;LSGHD52H9HD277267;000000000000748927;;;00000000;2017;;;CHEVROLET SAIL
LSGSA52M0CY310887;LSGSA52M0CY310887;000000000000748927;;;00000000;2012;;;CHEVROLET SAIL
LSGSA52M0DX023986;LSGSA52M0DX023986;000000000000748927;;;00000000;2013;;;CHEVROLET SAIL
LSGSA52M0EY123085;LSGSA52M0EY123085;000000000000748927;;;00000000;2014;;;CHEVROLET SAIL
LSGSA52M0EY137830;LSGSA52M0EY137830;000000000000748927;;;00000000;2014;;;CHEVROLET SAIL
LSGSA52M1BY029874;LSGSA52M1BY029874;000000000000748927;;;00000000;2011;;;CHEVROLET SAIL
LSGSA52M1FY195334;LSGSA52M1FY195334;000000000000748927;;;00000000;2015;;;CHEVROLET SAIL
LSGSA52M2BY188550;LSGSA52M2BY188550;000000000000748927;;;00000000;2011;;;CHEVROLET SAIL
LSGSA52M2CX262907;LSGSA52M2CX262907;000000000000748927;;;00000000;2012;;;CHEVROLET SAIL
LSGSA52M0DY024278;LSGSA52M0DY024278;000000000000748927;;;00000000;2013;;;CHEVROLET SAIL
LSGSA52M1DY177106;LSGSA52M1DY177106;000000000000748927;;;00000000;2013;;;CHEVROLET SAIL
LSGSA52M2CY043669;LSGSA52M2CY043669;000000000000748927;;;00000000;2012;;;CHEVROLET SAIL
LSGSA52M2EY004325;LSGSA52M2EY004325;000000000000748927;;;00000000;2014;;;CHEVROLET SAIL
LSGSA52M0DY058169;LSGSA52M0DY058169;000000000000748927;;;00000000;2013;;;CHEVROLET SAIL
LSGSA52M1DY179759;LSGSA52M1DY179759;000000000000748927;;;00000000;2013;;;CHEVROLET SAIL
LSGSA52M1DY200805;LSGSA52M1DY200805;000000000000748927;;;00000000;2013;;;CHEVROLET SAIL
LSGSA52M1GY003640;LSGSA52M1GY003640;000000000000748927;;;00000000;2016;;;CHEVROLET SAIL
LSGSA52M2CY120489;LSGSA52M2CY120489;000000000000748927;;;00000000;2012;;;CHEVROLET SAIL
LSGSA52M2EY023876;LSGSA52M2EY023876;000000000000748927;;;00000000;2014;;;CHEVROLET SAIL
LSGHD52H8LD165131;LSGHD52H8LD165131;000000000000748927;;;00000000;2020;;;CHEVROLET SAIL
LSGHD54H0GD166160;LSGHD54H0GD166160;000000000000748927;;;00000000;2016;;;CHEVROLET SAIL
LSGHD54H0GD217267;LSGHD54H0GD217267;000000000000748927;;;00000000;2016;;;CHEVROLET SAIL
LSGSA52M0DY103014;LSGSA52M0DY103014;000000000000748927;;;00000000;2013;;;CHEVROLET SAIL
LSGSA52M0FY131432;LSGSA52M0FY131432;000000000000748927;;;00000000;2015;;;CHEVROLET SAIL
LSGSA52M1BY186403;LSGSA52M1BY186403;000000000000748927;;;00000000;2011;;;CHEVROLET SAIL
LSGSA52M1CY019329;LSGSA52M1CY019329;000000000000748927;;;00000000;2012;;;CHEVROLET SAIL
LSGSA52M1DY202831;LSGSA52M1DY202831;000000000000748927;;;00000000;2013;;;CHEVROLET SAIL
LSGSA52M2EY024736;LSGSA52M2EY024736;000000000000748927;;;00000000;2014;;;CHEVROLET SAIL
LSGSA52M2EY024879;LSGSA52M2EY024879;000000000000748927;;;00000000;2014;;;CHEVROLET SAIL
LSGSA52M2EY025062;LSGSA52M2EY025062;000000000000748927;;;00000000;2014;;;CHEVROLET SAIL
LSGHD52HXKD024104;LSGHD52HXKD024104;000000000000748927;;;00000000;2019;;;CHEVROLET SAIL
LSGHD52HXKD025088;LSGHD52HXKD025088;000000000000748927;;;00000000;2019;;;CHEVROLET SAIL
LSGHD52HXKD027634;LSGHD52HXKD027634;000000000000748927;;;00000000;2019;;;CHEVROLET SAIL
LSGHD54H0JD031204;LSGHD54H0JD031204;000000000000748927;;;00000000;2018;;;CHEVROLET SAIL
LSGHD54HXFD319013;LSGHD54HXFD319013;000000000000748927;;;00000000;2015;;;CHEVROLET SAIL
LSGSA52H8DY037764;LSGSA52H8DY037764;000000000000748927;;;00000000;2013;;;CHEVROLET SAIL
LSGSA52M0BY008398;LSGSA52M0BY008398;000000000000748927;;;00000000;2011;;;CHEVROLET SAIL
LSGSA52M0DY104700;LSGSA52M0DY104700;000000000000748927;;;00000000;2013;;;CHEVROLET SAIL
LSGSA52M0DY157252;LSGSA52M0DY157252;000000000000748927;;;00000000;2013;;;CHEVROLET SAIL
LSGSA52M1DY215840;LSGSA52M1DY215840;000000000000748927;;;00000000;2013;;;CHEVROLET SAIL
LSGSA52M1DY216308;LSGSA52M1DY216308;000000000000748927;;;00000000;2013;;;CHEVROLET SAIL
LSGSA52M1EY004106;LSGSA52M1EY004106;000000000000748927;;;00000000;2014;;;CHEVROLET SAIL
LSGSA52M1GY011740;LSGSA52M1GY011740;000000000000748927;;;00000000;2016;;;CHEVROLET SAIL
LSGSA52M2CY182538;LSGSA52M2CY182538;000000000000748927;;;00000000;2012;;;CHEVROLET SAIL
LSGSA52M2CY183186;LSGSA52M2CY183186;000000000000748927;;;00000000;2012;;;CHEVROLET SAIL
LSGSA52M2CY200827;LSGSA52M2CY200827;000000000000748927;;;00000000;2012;;;CHEVROLET SAIL
LSGSA52M2CY230359;LSGSA52M2CY230359;000000000000748927;;;00000000;2012;;;CHEVROLET SAIL
LSGSA52M8EY030170;LSGSA52M8EY030170;000000000000748927;;;00000000;2014;;;CHEVROLET SAIL
LSGSA52M8EY030282;LSGSA52M8EY030282;000000000000748927;;;00000000;2014;;;CHEVROLET SAIL
LSGSA52M8EY030721;LSGSA52M8EY030721;000000000000748927;;;00000000;2014;;;CHEVROLET SAIL
LSGSA52M3DY103556;LSGSA52M3DY103556;000000000000748927;;;00000000;2013;;;CHEVROLET SAIL
LSGSA52M3DY104139;LSGSA52M3DY104139;000000000000748927;;;00000000;2013;;;CHEVROLET SAIL
LSGSA52M4BY163584;LSGSA52M4BY163584;000000000000748927;;;00000000;2011;;;CHEVROLET SAIL
LSGSA52M4DY202189;LSGSA52M4DY202189;000000000000748927;;;00000000;2013;;;CHEVROLET SAIL
LSGSA52M5CY264165;LSGSA52M5CY264165;000000000000748927;;;00000000;2012;;;CHEVROLET SAIL
LSGSA52M5CY285629;LSGSA52M5CY285629;000000000000748927;;;00000000;2012;;;CHEVROLET SAIL
LSGSA52M5CY287056;LSGSA52M5CY287056;000000000000748927;;;00000000;2012;;;CHEVROLET SAIL
LSGSA52M6BY001925;LSGSA52M6BY001925;000000000000748927;;;00000000;2011;;;CHEVROLET SAIL
LSGSA52M6DY160009;LSGSA52M6DY160009;000000000000748927;;;00000000;2013;;;CHEVROLET SAIL
LSGSA52M7CY019917;LSGSA52M7CY019917;000000000000748927;;;00000000;2012;;;CHEVROLET SAIL
LSGSA52M7CY065375;LSGSA52M7CY065375;000000000000748927;;;00000000;2012;;;CHEVROLET SAIL
LSGSA52M8EY080728;LSGSA52M8EY080728;000000000000748927;;;00000000;2014;;;CHEVROLET SAIL
LSGSA52M8EY080812;LSGSA52M8EY080812;000000000000748927;;;00000000;2014;;;CHEVROLET SAIL
LSGSA52M8EY089297;LSGSA52M8EY089297;000000000000748927;;;00000000;2014;;;CHEVROLET SAIL
LSGSA52M3DY105257;LSGSA52M3DY105257;000000000000748927;;;00000000;2013;;;CHEVROLET SAIL
LSGSA52M4BY166856;LSGSA52M4BY166856;000000000000748927;;;00000000;2012;;;CHEVROLET SAIL
LSGSA52M6BY027604;LSGSA52M6BY027604;000000000000748927;;;00000000;2011;;;CHEVROLET SAIL
LSGSA52M2EY122326;LSGSA52M2EY122326;000000000000748927;;;00000000;2014;;;CHEVROLET SAIL
LSGSA52M3DY127016;LSGSA52M3DY127016;000000000000748927;;;00000000;2013;;;CHEVROLET SAIL
LSGSA52M4CY043432;LSGSA52M4CY043432;000000000000748927;;;00000000;2012;;;CHEVROLET SAIL
LSGSA52M4GY077683;LSGSA52M4GY077683;000000000000748927;;;00000000;2016;;;CHEVROLET SAIL
LSGSA52M4GY084388;LSGSA52M4GY084388;000000000000748927;;;00000000;2016;;;CHEVROLET SAIL
LSGSA52M5DY005855;LSGSA52M5DY005855;000000000000748927;;;00000000;2013;;;CHEVROLET SAIL
LSGSA52M5DY024910;LSGSA52M5DY024910;000000000000748927;;;00000000;2013;;;CHEVROLET SAIL
LSGSA52M5EY090813;LSGSA52M5EY090813;000000000000748927;;;00000000;2014;;;CHEVROLET SAIL
LSGSA52M6BY085969;LSGSA52M6BY085969;000000000000748927;;;00000000;2015;;;CHEVROLET SAIL
LSGSA52M6DY179756;LSGSA52M6DY179756;000000000000748927;;;00000000;2013;;;CHEVROLET SAIL
LSGSA52M6GY010440;LSGSA52M6GY010440;000000000000748927;;;00000000;2016;;;CHEVROLET SAIL
LSGSA52M6GY010583;LSGSA52M6GY010583;000000000000748927;;;00000000;2016;;;CHEVROLET SAIL
LSGSA52M7EY029821;LSGSA52M7EY029821;000000000000748927;;;00000000;2014;;;CHEVROLET SAIL
LSGSA52M7GY062109;LSGSA52M7GY062109;000000000000748927;;;00000000;2016;;;CHEVROLET SAIL
LSGSA52M7GY076818;LSGSA52M7GY076818;000000000000748927;;;00000000;2016;;;CHEVROLET SAIL
LSGSA52M8CY312158;LSGSA52M8CY312158;000000000000748927;;;00000000;2012;;;CHEVROLET SAIL
LSGSA52M8CYO641784;LSGSA52M8CYO641784;000000000000748927;;;00000000;2012;;;CHEVROLET SAIL
LSGSA52M3DY159416;LSGSA52M3DY159416;000000000000748927;;;00000000;2013;;;CHEVROLET SAIL
LSGSA52M3DY174742;LSGSA52M3DY174742;000000000000748927;;;00000000;2013;;;CHEVROLET SAIL
LSGSA52M5DY036538;LSGSA52M5DY036538;000000000000748927;;;00000000;2013;;;CHEVROLET SAIL
LSGSA52M5DY037448;LSGSA52M5DY037448;000000000000748927;;;00000000;2013;;;CHEVROLET SAIL
LSGSA52M5DY042177;LSGSA52M5DY042177;000000000000748927;;;00000000;2013;;;CHEVROLET SAIL
LSGSA52M6DY214490;LSGSA52M6DY214490;000000000000748927;;;00000000;2013;;;CHEVROLET SAIL
LSGSA52M7CY202169;LSGSA52M7CY202169;000000000000748927;;;00000000;2012;;;CHEVROLET SAIL
LSGSA52M7EY030550;LSGSA52M7EY030550;000000000000748927;;;00000000;2014;;;CHEVROLET SAIL
LSGSA52M7GY102785;LSGSA52M7GY102785;000000000000748927;;;00000000;2016;;;CHEVROLET SAIL
LSGSA52M8DY023802;LSGSA52M8DY023802;000000000000748927;;;00000000;2013;;;CHEVROLET SAIL
LSGSA52M3DY179620;LSGSA52M3DY179620;000000000000748927;;;00000000;2013;;;CHEVROLET SAIL
LSGSA52M5DY059592;LSGSA52M5DY059592;000000000000748927;;;00000000;2013;;;CHEVROLET SAIL
LSGSA52M6EX013349;LSGSA52M6EX013349;000000000000748927;;;00000000;2014;;;CHEVROLET SAIL
LSGSA52M7EY053942;LSGSA52M7EY053942;000000000000748927;;;00000000;2014;;;CHEVROLET SAIL
LSGSA52M4CY149878;LSGSA52M4CY149878;000000000000748927;;;00000000;2012;;;CHEVROLET SAIL
LSGSA52M52Y288238;LSGSA52M52Y288238;000000000000748927;;;00000000;2002;;;CHEVROLET SAIL
LSGSA52M5B4117777;LSGSA52M5B4117777;000000000000748927;;;00000000;2011;;;CHEVROLET SAIL
LSGSA52M5DY086372;LSGSA52M5DY086372;000000000000748927;;;00000000;2013;;;CHEVROLET SAIL
LSGSA52M6C229232;LSGSA52M6C229232;000000000000748927;;;00000000;2013;;;CHEVROLET SAIL
LSGSA52M6CY042153;LSGSA52M6CY042153;000000000000748927;;;00000000;2012;;;CHEVROLET SAIL
LSGSA52M6EY013223;LSGSA52M6EY013223;000000000000748927;;;00000000;2014;;;CHEVROLET SAIL
LSGSA52M7CY263180;LSGSA52M7CY263180;000000000000748927;;;00000000;2012;;;CHEVROLET SAIL
LSGSA52M7CY282818;LSGSA52M7CY282818;000000000000748927;;;00000000;2012;;;CHEVROLET SAIL
LSGSA52M7EY080722;LSGSA52M7EY080722;000000000000748927;;;00000000;2014;;;CHEVROLET SAIL
LSGSA52M8DY061496;LSGSA52M8DY061496;000000000000748927;;;00000000;2013;;;CHEVROLET SAIL
LSGSA52M2FY156106;LSGSA52M2FY156106;000000000000748927;;;00000000;2015;;;CHEVROLET SAIL
LSGSA52M2FY176470;LSGSA52M2FY176470;000000000000748927;;;00000000;2015;;;CHEVROLET SAIL
LSGSA52M3BY188394;LSGSA52M3BY188394;000000000000748927;;;00000000;2011;;;CHEVROLET SAIL
LSGSA52M3DY215788;LSGSA52M3DY215788;000000000000748927;;;00000000;2013;;;CHEVROLET SAIL
LSGSA52M3DY216076;LSGSA52M3DY216076;000000000000748927;;;00000000;2013;;;CHEVROLET SAIL
LSGSA52M3GY011237;LSGSA52M3GY011237;000000000000748927;;;00000000;2016;;;CHEVROLET SAIL
LSGSA52M3GY011240;LSGSA52M3GY011240;000000000000748927;;;00000000;2016;;;CHEVROLET SAIL
LSGSA52M4EY089300;LSGSA52M4EY089300;000000000000748927;;;00000000;2014;;;CHEVROLET SAIL
LSGSA52M4EY089863;LSGSA52M4EY089863;000000000000748927;;;00000000;2014;;;CHEVROLET SAIL
LSGSA52M4EY091239;LSGSA52M4EY091239;000000000000748927;;;00000000;2014;;;CHEVROLET SAIL
LSGSA52M6CY043853;LSGSA52M6CY043853;000000000000748927;;;00000000;2012;;;CHEVROLET SAIL
LSGSA52M6CY148831;LSGSA52M6CY148831;000000000000748927;;;00000000;2012;;;CHEVROLET SAIL
LSGSA52M7CY311261;LSGSA52M7CY311261;000000000000748927;;;00000000;2012;;;CHEVROLET SAIL
LSGSA52M86Y005725;LSGSA52M86Y005725;000000000000748927;;;00000000;2006;;;CHEVROLET SAIL
LSGSA52M8BY001800;LSGSA52M8BY001800;000000000000748927;;;00000000;2011;;;CHEVROLET SAIL
LSGSA52M3EY004253;LSGSA52M3EY004253;000000000000748927;;;00000000;2014;;;CHEVROLET SAIL
LSGSA52M5DY127762;LSGSA52M5DY127762;000000000000748927;;;00000000;2013;;;CHEVROLET SAIL
LSGSA52M5FY194400;LSGSA52M5FY194400;000000000000748927;;;00000000;2015;;;CHEVROLET SAIL
LSGSA52M6CY149168;LSGSA52M6CY149168;000000000000748927;;;00000000;2012;;;CHEVROLET SAIL
LSGSA52M6CY150286;LSGSA52M6CY150286;000000000000748927;;;00000000;2012;;;CHEVROLET SAIL
LSGSA52M6EY029938;LSGSA52M6EY029938;000000000000748927;;;00000000;2014;;;CHEVROLET SAIL
LSGSA52M6EY030250;LSGSA52M6EY030250;000000000000748927;;;00000000;2014;;;CHEVROLET SAIL
LSGSA52M7DY037366;LSGSA52M7DY037366;000000000000748927;;;00000000;2013;;;CHEVROLET SAIL
LSGSA52M7DY046214;LSGSA52M7DY046214;000000000000748927;;;00000000;2013;;;CHEVROLET SAIL
LSGSA52M8BY028933;LSGSA52M8BY028933;000000000000748927;;;00000000;2011;;;CHEVROLET SAIL
LSGSA52M8DY127979;LSGSA52M8DY127979;000000000000748927;;;00000000;2013;;;CHEVROLET SAIL
LSGSA52M3GY046487;LSGSA52M3GY046487;000000000000748927;;;00000000;2016;;;CHEVROLET SAIL
LSGSA52M4EY155702;LSGSA52M4EY155702;000000000000748927;;;00000000;2014;;;CHEVROLET SAIL
LSGSA52M5BY141173;LSGSA52M5BY141173;000000000000748927;;;00000000;2011;;;CHEVROLET SAIL
LSGSA52M5FY215987;LSGSA52M5FY215987;000000000000748927;;;00000000;2015;;;CHEVROLET SAIL
LSGSA52M5G4062190;LSGSA52M5G4062190;000000000000748927;;;00000000;2016;;;CHEVROLET SAIL
LSGSA52M5GY003116;LSGSA52M5GY003116;000000000000748927;;;00000000;2016;;;CHEVROLET SAIL
LSGSA52M6CY229568;LSGSA52M6CY229568;000000000000748927;;;00000000;2012;;;CHEVROLET SAIL
LSGSA52M7DY047377;LSGSA52M7DY047377;000000000000748927;;;00000000;2013;;;CHEVROLET SAIL
LSGSA52M7EY223782;LSGSA52M7EY223782;000000000000748927;;;00000000;2014;;;CHEVROLET SAIL
LSGSA52M3CY182404;LSGSA52M3CY182404;000000000000748927;;;00000000;2012;;;CHEVROLET SAIL
LSGSA52M3CY202411;LSGSA52M3CY202411;000000000000748927;;;00000000;2012;;;CHEVROLET SAIL
LSGSA52M3CY211127;LSGSA52M3CY211127;000000000000748927;;;00000000;2012;;;CHEVROLET SAIL
LSGSA52M3EY024342;LSGSA52M3EY024342;000000000000748927;;;00000000;2014;;;CHEVROLET SAIL
LSGSA52M3EY025006;LSGSA52M3EY025006;000000000000748927;;;00000000;2014;;;CHEVROLET SAIL
LSGSA52M4EY224601;LSGSA52M4EY224601;000000000000748927;;;00000000;2014;;;CHEVROLET SAIL
LSGSA52M4EY233346;LSGSA52M4EY233346;000000000000748927;;;00000000;2014;;;CHEVROLET SAIL
LSGSA52M5DY175360;LSGSA52M5DY175360;000000000000748927;;;00000000;2013;;;CHEVROLET SAIL
LSGSA52M5GY008535;LSGSA52M5GY008535;000000000000748927;;;00000000;2016;;;CHEVROLET SAIL
LSGSA52M7DY061571;LSGSA52M7DY061571;000000000000748927;;;00000000;2013;;;CHEVROLET SAIL
LSGSA52M7DY084610;LSGSA52M7DY084610;000000000000748927;;;00000000;2013;;;CHEVROLET SAIL
LSGSA52M7EY224687;LSGSA52M7EY224687;000000000000748927;;;00000000;2014;;;CHEVROLET SAIL
LSGSA52M8BY166553;LSGSA52M8BY166553;000000000000748927;;;00000000;2011;;;CHEVROLET SAIL
LSGSA52M3CY230287;LSGSA52M3CY230287;000000000000748927;;;00000000;2012;;;CHEVROLET SAIL
LSGSA52M3CY231245;LSGSA52M3CY231245;000000000000748927;;;00000000;2012;;;CHEVROLET SAIL
LSGSA52M3EY030044;LSGSA52M3EY030044;000000000000748927;;;00000000;2014;;;CHEVROLET SAIL
LSGSA52M3EY030383;LSGSA52M3EY030383;000000000000748927;;;00000000;2014;;;CHEVROLET SAIL
LSGSA52M3GY116943;LSGSA52M3GY116943;000000000000748927;;;00000000;2016;;;CHEVROLET SAIL
LSGSA52M4DY059678;LSGSA52M4DY059678;000000000000748927;;;00000000;2013;;;CHEVROLET SAIL
LSGSA52M4DY084046;LSGSA52M4DY084046;000000000000748927;;;00000000;2013;;;CHEVROLET SAIL
LSGSA52M5CY042130;LSGSA52M5CY042130;000000000000748927;;;00000000;2012;;;CHEVROLET SAIL
LSGSA52M5GY023471;LSGSA52M5GY023471;000000000000748927;;;00000000;2016;;;CHEVROLET SAIL
LSGSA52M6CY310635;LSGSA52M6CY310635;000000000000748927;;;00000000;2012;;;CHEVROLET SAIL
LSGSA52M6CY313034;LSGSA52M6CY313034;000000000000748927;;;00000000;2012;;;CHEVROLET SAIL
LSGSA52M7BY001447;LSGSA52M7BY001447;000000000000748927;;;00000000;2011;;;CHEVROLET SAIL
LSGSA52M8BY185250;LSGSA52M8BY185250;000000000000748927;;;00000000;2011;;;CHEVROLET SAIL
LSGSA52M8BY186155;LSGSA52M8BY186155;000000000000748927;;;00000000;2011;;;CHEVROLET SAIL
LSGSA52M2GY023072;LSGSA52M2GY023072;000000000000748927;;;00000000;2016;;;CHEVROLET SAIL
LSGSA52M3CY287654;LSGSA52M3CY287654;000000000000748927;;;00000000;2012;;;CHEVROLET SAIL
LSGSA52M3GY121365;LSGSA52M3GY121365;000000000000748927;;;00000000;2016;;;CHEVROLET SAIL
LSGSA52M6EY138576;LSGSA52M6EY138576;000000000000748927;;;00000000;2014;;;CHEVROLET SAIL
LSGSA52M7BY030110;LSGSA52M7BY030110;000000000000748927;;;00000000;2011;;;CHEVROLET SAIL
LSGSA52M7DY127018;LSGSA52M7DY127018;000000000000748927;;;00000000;2013;;;CHEVROLET SAIL
LSGSA52M8CY043403;LSGSA52M8CY043403;000000000000748927;;;00000000;2012;;;CHEVROLET SAIL
LSGSA52M8CY064834;LSGSA52M8CY064834;000000000000748927;;;00000000;2012;;;CHEVROLET SAIL
LSGSA52M8DY201532;LSGSA52M8DY201532;000000000000748927;;;00000000;2013;;;CHEVROLET SAIL
LSGSA52M2GY062387;LSGSA52M2GY062387;000000000000748927;;;00000000;2016;;;CHEVROLET SAIL
LSGSA52M3CY310690;LSGSA52M3CY310690;000000000000748927;;;00000000;2012;;;CHEVROLET SAIL
LSGSA52M3CY311256;LSGSA52M3CY311256;000000000000748927;;;00000000;2012;;;CHEVROLET SAIL
LSGSA52M43414232;LSGSA52M43414232;000000000000748927;;;00000000;2011;;;CHEVROLET SAIL
LSGSA52M4FY217701;LSGSA52M4FY217701;000000000000748927;;;00000000;2015;;;CHEVROLET SAIL
LSGSA52M5EY004349;LSGSA52M5EY004349;000000000000748927;;;00000000;2014;;;CHEVROLET SAIL
LSGSA52M5GY061136;LSGSA52M5GY061136;000000000000748927;;;00000000;2016;;;CHEVROLET SAIL
LSGSA52M6EY155863;LSGSA52M6EY155863;000000000000748927;;;00000000;2014;;;CHEVROLET SAIL
LSGSA52M6EY208075;LSGSA52M6EY208075;000000000000748927;;;00000000;2014;;;CHEVROLET SAIL
LSGSA52M8CY065255;LSGSA52M8CY065255;000000000000748927;;;00000000;2012;;;CHEVROLET SAIL
LSGSA52M8CY091709;LSGSA52M8CY091709;000000000000748927;;;00000000;2012;;;CHEVROLET SAIL
LSGSA52M3DY023819;LSGSA52M3DY023819;000000000000748927;;;00000000;2013;;;CHEVROLET SAIL
LSGSA52M3EY091216;LSGSA52M3EY091216;000000000000748927;;;00000000;2014;;;CHEVROLET SAIL
LSGSA52M3EY107611;LSGSA52M3EY107611;000000000000748927;;;00000000;2014;;;CHEVROLET SAIL
LSGSA52M4BY001826;LSGSA52M4BY001826;000000000000748927;;;00000000;2011;;;CHEVROLET SAIL
LSGSA52M4BY009358;LSGSA52M4BY009358;000000000000748927;;;00000000;2011;;;CHEVROLET SAIL
LSGSA52M4BY009392;LSGSA52M4BY009392;000000000000748927;;;00000000;2011;;;CHEVROLET SAIL
LSGSA52M4GY005799;LSGSA52M4GY005799;000000000000748927;;;00000000;2016;;;CHEVROLET SAIL
LSGSA52M5EY024200;LSGSA52M5EY024200;000000000000748927;;;00000000;2014;;;CHEVROLET SAIL
LSGSA52M6EY233770;LSGSA52M6EY233770;000000000000748927;;;00000000;2014;;;CHEVROLET SAIL
LSGSA52M7BY118462;LSGSA52M7BY118462;000000000000748927;;;00000000;2011;;;CHEVROLET SAIL
LSGSA52M7DY177546;LSGSA52M7DY177546;000000000000748927;;;00000000;2013;;;CHEVROLET SAIL
LSGSA52M7FY215974;LSGSA52M7FY215974;000000000000748927;;;00000000;2015;;;CHEVROLET SAIL
LSGSA52M7GY003351;LSGSA52M7GY003351;000000000000748927;;;00000000;2016;;;CHEVROLET SAIL
LSGSA52M8EY003602;LSGSA52M8EY003602;000000000000748927;;;00000000;2014;;;CHEVROLET SAIL
LSGSA52M3EY137854;LSGSA52M3EY137854;000000000000748927;;;00000000;2014;;;CHEVROLET SAIL
LSGSA52M4GY009707;LSGSA52M4GY009707;000000000000748927;;;00000000;2016;;;CHEVROLET SAIL
LSGSA52M5CY201633;LSGSA52M5CY201633;000000000000748927;;;00000000;2012;;;CHEVROLET SAIL
LSGSA52M6DY103258;LSGSA52M6DY103258;000000000000748927;;;00000000;2013;;;CHEVROLET SAIL
LSGSA52M6DY104149;LSGSA52M6DY104149;000000000000748927;;;00000000;2013;;;CHEVROLET SAIL
LSGSA52M6EY237933;LSGSA52M6EY237933;000000000000748927;;;00000000;2014;;;CHEVROLET SAIL
LSGSA52M7DY180298;LSGSA52M7DY180298;000000000000748927;;;00000000;2013;;;CHEVROLET SAIL
LSGSA52M8CY151486;LSGSA52M8CY151486;000000000000748927;;;00000000;2012;;;CHEVROLET SAIL
LSGSA52M8CY182124;LSGSA52M8CY182124;000000000000748927;;;00000000;2012;;;CHEVROLET SAIL
LSGSA52M2GY121423;LSGSA52M2GY121423;000000000000748927;;;00000000;2016;;;CHEVROLET SAIL
LSGSA52M3DY046999;LSGSA52M3DY046999;000000000000748927;;;00000000;2013;;;CHEVROLET SAIL
LSGSA52M4BY052694;LSGSA52M4BY052694;000000000000748927;;;00000000;2011;;;CHEVROLET SAIL
LSGSA52M6FY155735;LSGSA52M6FY155735;000000000000748927;;;00000000;2015;;;CHEVROLET SAIL
LSGSA52M6FY176293;LSGSA52M6FY176293;000000000000748927;;;00000000;2015;;;CHEVROLET SAIL
LSGSA52M7GY011208;LSGSA52M7GY011208;000000000000748927;;;00000000;2016;;;CHEVROLET SAIL
LSGSA52M8CY230267;LSGSA52M8CY230267;000000000000748927;;;00000000;2012;;;CHEVROLET SAIL
LSGSA52M8EY029200;LSGSA52M8EY029200;000000000000748927;;;00000000;2014;;;CHEVROLET SAIL
LSGSA52M8EY029407;LSGSA52M8EY029407;000000000000748927;;;00000000;2014;;;CHEVROLET SAIL
LSGSA58M2EY041124;LSGSA58M2EY041124;000000000000748927;;;00000000;2014;;;CHEVROLET SAIL
LSGSA52M9DY060180;LSGSA52M9DY060180;000000000000748927;;;00000000;2013;;;CHEVROLET SAIL
LSGSA52MXBY141086;LSGSA52MXBY141086;000000000000748927;;;00000000;2011;;;CHEVROLET SAIL
LSGSA52MXEY004153;LSGSA52MXEY004153;000000000000748927;;;00000000;2014;;;CHEVROLET SAIL
LSGSA58M0BY189428;LSGSA58M0BY189428;000000000000748927;;;00000000;2011;;;CHEVROLET SAIL
LSGSA58M0EY052316;LSGSA58M0EY052316;000000000000748927;;;00000000;2014;;;CHEVROLET SAIL
LSGSA58M0EY053465;LSGSA58M0EY053465;000000000000748927;;;00000000;2014;;;CHEVROLET SAIL
LSGSA58M1BY085241;LSGSA58M1BY085241;000000000000748927;;;00000000;2011;;;CHEVROLET SAIL
LSGSA58M1CY287188;LSGSA58M1CY287188;000000000000748927;;;00000000;2012;;;CHEVROLET SAIL
LSGSA58M1CY287790;LSGSA58M1CY287790;000000000000748927;;;00000000;2012;;;CHEVROLET SAIL
LSGSA58M1DY176254;LSGSA58M1DY176254;000000000000748927;;;00000000;2013;;;CHEVROLET SAIL
LSGSA58M2DY045754;LSGSA58M2DY045754;000000000000748927;;;00000000;2013;;;CHEVROLET SAIL
LSGSA58M2EY041561;LSGSA58M2EY041561;000000000000748927;;;00000000;2014;;;CHEVROLET SAIL
LSGSA52M9DY084656;LSGSA52M9DY084656;000000000000748927;;;00000000;2013;;;CHEVROLET SAIL
LSGSA52M9DY085192;LSGSA52M9DY085192;000000000000748927;;;00000000;2013;;;CHEVROLET SAIL
LSGSA52M9DY103075;LSGSA52M9DY103075;000000000000748927;;;00000000;2013;;;CHEVROLET SAIL
LSGSA52MXBY179176;LSGSA52MXBY179176;000000000000748927;;;00000000;2011;;;CHEVROLET SAIL
LSGSA58M0CY020169;LSGSA58M0CY020169;000000000000748927;;;00000000;2012;;;CHEVROLET SAIL
LSGSA58M0CY042401;LSGSA58M0CY042401;000000000000748927;;;00000000;2012;;;CHEVROLET SAIL
LSGSA58M0CY043127;LSGSA58M0CY043127;000000000000748927;;;00000000;2012;;;CHEVROLET SAIL
LSGSA58M0DY084634;LSGSA58M0DY084634;000000000000748927;;;00000000;2013;;;CHEVROLET SAIL
LSGSA58M1BY117668;LSGSA58M1BY117668;000000000000748927;;;00000000;2011;;;CHEVROLET SAIL
LSGSA58M1BY117783;LSGSA58M1BY117783;000000000000748927;;;00000000;2011;;;CHEVROLET SAIL
LSGSA58M1BY141498;LSGSA58M1BY141498;000000000000748927;;;00000000;2011;;;CHEVROLET SAIL
LSGSA58M2CY017242;LSGSA58M2CY017242;000000000000748927;;;00000000;2012;;;CHEVROLET SAIL
LSGSA58M2CY019444;LSGSA58M2CY019444;000000000000748927;;;00000000;2012;;;CHEVROLET SAIL
LSGSA58M2CY019850;LSGSA58M2CY019850;000000000000748927;;;00000000;2012;;;CHEVROLET SAIL
LSGSA52M8EY090241;LSGSA52M8EY090241;000000000000748927;;;00000000;2014;;;CHEVROLET SAIL
LSGSA52MXC4065161;LSGSA52MXC4065161;000000000000748927;;;00000000;2012;;;CHEVROLET SAIL
LSGSA52MXCY019412;LSGSA52MXCY019412;000000000000748927;;;00000000;2012;;;CHEVROLET SAIL
LSGSA52MXEY025035;LSGSA52MXEY025035;000000000000748927;;;00000000;2014;;;CHEVROLET SAIL
LSGSA58M0EY090435;LSGSA58M0EY090435;000000000000748927;;;00000000;2014;;;CHEVROLET SAIL
LSGSA58M1BY156857;LSGSA58M1BY156857;000000000000748927;;;00000000;2011;;;CHEVROLET SAIL
LSGSA58M1DY004468;LSGSA58M1DY004468;000000000000748927;;;00000000;2013;;;CHEVROLET SAIL
LSGSA58M2CY043596;LSGSA58M2CY043596;000000000000748927;;;00000000;2012;;;CHEVROLET SAIL
LSGSA58M2DY084151;LSGSA58M2DY084151;000000000000748927;;;00000000;2013;;;CHEVROLET SAIL
LSGSA58M2DY084246;LSGSA58M2DY084246;000000000000748927;;;00000000;2013;;;CHEVROLET SAIL
LSGSA52M9GY002879;LSGSA52M9GY002879;000000000000748927;;;00000000;2016;;;CHEVROLET SAIL
LSGSA52MXCY043418;LSGSA52MXCY043418;000000000000748927;;;00000000;2012;;;CHEVROLET SAIL
LSGSA58M0CY121101;LSGSA58M0CY121101;000000000000748927;;;00000000;2012;;;CHEVROLET SAIL
LSGSA58M1DY005097;LSGSA58M1DY005097;000000000000748927;;;00000000;2013;;;CHEVROLET SAIL
LSGSA58M1DY024442;LSGSA58M1DY024442;000000000000748927;;;00000000;2013;;;CHEVROLET SAIL
LSGSA58M1DY200715;LSGSA58M1DY200715;000000000000748927;;;00000000;2013;;;CHEVROLET SAIL
LSGSA58M1FY174345;LSGSA58M1FY174345;000000000000748927;;;00000000;2015;;;CHEVROLET SAIL
LSGSA58M2CY120726;LSGSA58M2CY120726;000000000000748927;;;00000000;2012;;;CHEVROLET SAIL
LSGSA52M8EY185334;LSGSA52M8EY185334;000000000000748927;;;00000000;2014;;;CHEVROLET SAIL
LSGSA52M9BY117801;LSGSA52M9BY117801;000000000000748927;;;00000000;2011;;;CHEVROLET SAIL
LSGSA52M9DY159565;LSGSA52M9DY159565;000000000000748927;;;00000000;2013;;;CHEVROLET SAIL
LSGSA52MXCY065340;LSGSA52MXCY065340;000000000000748927;;;00000000;2012;;;CHEVROLET SAIL
LSGSA58M0CY149108;LSGSA58M0CY149108;000000000000748927;;;00000000;2012;;;CHEVROLET SAIL
LSGSA58M1DY024488;LSGSA58M1DY024488;000000000000748927;;;00000000;2013;;;CHEVROLET SAIL
LSGSA58M1EY023178;LSGSA58M1EY023178;000000000000748927;;;00000000;2014;;;CHEVROLET SAIL
LSGSA52M9BY142536;LSGSA52M9BY142536;000000000000748927;;;00000000;2011;;;CHEVROLET SAIL
LSGSA52MXCY149447;LSGSA52MXCY149447;000000000000748927;;;00000000;2012;;;CHEVROLET SAIL
LSGSA52MXEY089432;LSGSA52MXEY089432;000000000000748927;;;00000000;2014;;;CHEVROLET SAIL
LSGSA52MZDY086684;LSGSA52MZDY086684;000000000000748927;;;00000000;2013;;;CHEVROLET SAIL
LSGSA58M0DY154214;LSGSA58M0DY154214;000000000000748927;;;00000000;2013;;;CHEVROLET SAIL
LSGSA58M0EY208127;LSGSA58M0EY208127;000000000000748927;;;00000000;2014;;;CHEVROLET SAIL
LSGSA58M1BY185145;LSGSA58M1BY185145;000000000000748927;;;00000000;2011;;;CHEVROLET SAIL
LSGSA58M1DY036639;LSGSA58M1DY036639;000000000000748927;;;00000000;2013;;;CHEVROLET SAIL
LSGSA58M1DY037337;LSGSA58M1DY037337;000000000000748927;;;00000000;2013;;;CHEVROLET SAIL
LSGSA58M1EY023519;LSGSA58M1EY023519;000000000000748927;;;00000000;2014;;;CHEVROLET SAIL
LSGSA58M20DY176098;LSGSA58M20DY176098;000000000000748927;;;00000000;2015;;;CHEVROLET SAIL
LSGSA58M2CY182272;LSGSA58M2CY182272;000000000000748927;;;00000000;2012;;;CHEVROLET SAIL
LSGSA58M2CY182904;LSGSA58M2CY182904;000000000000748927;;;00000000;2012;;;CHEVROLET SAIL
LSGSA52M8FY091194;LSGSA52M8FY091194;000000000000748927;;;00000000;2015;;;CHEVROLET SAIL
LSGSA52M9BY166576;LSGSA52M9BY166576;000000000000748927;;;00000000;2011;;;CHEVROLET SAIL
LSGSA52M9DY202009;LSGSA52M9DY202009;000000000000748927;;;00000000;2013;;;CHEVROLET SAIL
LSGSA52M9DY202155;LSGSA52M9DY202155;000000000000748927;;;00000000;2013;;;CHEVROLET SAIL
LSGSA52M9GY011212;LSGSA52M9GY011212;000000000000748927;;;00000000;2016;;;CHEVROLET SAIL
LSGSA52M9GY011307;LSGSA52M9GY011307;000000000000748927;;;00000000;2016;;;CHEVROLET SAIL
LSGSA52M9GY022081;LSGSA52M9GY022081;000000000000748927;;;00000000;2016;;;CHEVROLET SAIL
LSGSA52MXCY229489;LSGSA52MXCY229489;000000000000748927;;;00000000;2012;;;CHEVROLET SAIL
LSGSA52MXCY230335;LSGSA52MXCY230335;000000000000748927;;;00000000;2012;;;CHEVROLET SAIL
LSGSA58M0BY000969;LSGSA58M0BY000969;000000000000748927;;;00000000;2011;;;CHEVROLET SAIL
LSGSA58M0CY203948;LSGSA58M0CY203948;000000000000748927;;;00000000;2012;;;CHEVROLET SAIL
LSGSA58M0EY225204;LSGSA58M0EY225204;000000000000748927;;;00000000;2014;;;CHEVROLET SAIL
LSGSA58M1BY189437;LSGSA58M1BY189437;000000000000748927;;;00000000;2011;;;CHEVROLET SAIL
LSGSA58M1DY059306;LSGSA58M1DY059306;000000000000748927;;;00000000;2013;;;CHEVROLET SAIL
LSGSA58M1EY028753;LSGSA58M1EY028753;000000000000748927;;;00000000;2014;;;CHEVROLET SAIL
LSGSA58M1EY028865;LSGSA58M1EY028865;000000000000748927;;;00000000;2014;;;CHEVROLET SAIL
LSGSA58M1EY029840;LSGSA58M1EY029840;000000000000748927;;;00000000;2014;;;CHEVROLET SAIL
LSGSA58M2CY200561;LSGSA58M2CY200561;000000000000748927;;;00000000;2012;;;CHEVROLET SAIL
LSGSA58M2DY127032;LSGSA58M2DY127032;000000000000748927;;;00000000;2013;;;CHEVROLET SAIL
LSGSA58M2DY151704;LSGSA58M2DY151704;000000000000748927;;;00000000;2013;;;CHEVROLET SAIL
LSGSA52M9CY043281;LSGSA52M9CY043281;000000000000748927;;;00000000;2012;;;CHEVROLET SAIL
LSGSA52MXCY288039;LSGSA52MXCY288039;000000000000748927;;;00000000;2012;;;CHEVROLET SAIL
LSGSA52MXEY154974;LSGSA52MXEY154974;000000000000748927;;;00000000;2014;;;CHEVROLET SAIL
LSGSA52MXEY185352;LSGSA52MXEY185352;000000000000748927;;;00000000;2014;;;CHEVROLET SAIL
LSGSA58M0DY173099;LSGSA58M0DY173099;000000000000748927;;;00000000;2013;;;CHEVROLET SAIL
LSGSA58M0DY174186;LSGSA58M0DY174186;000000000000748927;;;00000000;2013;;;CHEVROLET SAIL
LSGSA58M0DY174365;LSGSA58M0DY174365;000000000000748927;;;00000000;2013;;;CHEVROLET SAIL
LSGSA58M0EY237188;LSGSA58M0EY237188;000000000000748927;;;00000000;2014;;;CHEVROLET SAIL
LSGSA58M0EY237787;LSGSA58M0EY237787;000000000000748927;;;00000000;2014;;;CHEVROLET SAIL
LSGSA58M1CY043010;LSGSA58M1CY043010;000000000000748927;;;00000000;2012;;;CHEVROLET SAIL
LSGSA58M2BY009155;LSGSA58M2BY009155;000000000000748927;;;00000000;2011;;;CHEVROLET SAIL
LSGSA58M2BY009933;LSGSA58M2BY009933;000000000000748927;;;00000000;2011;;;CHEVROLET SAIL
LSGSA58M2CY231681;LSGSA58M2CY231681;000000000000748927;;;00000000;2012;;;CHEVROLET SAIL
LSGSA58M2DY152805;LSGSA58M2DY152805;000000000000748927;;;00000000;2013;;;CHEVROLET SAIL
LSGSA52M8FY217197;LSGSA52M8FY217197;000000000000748927;;;00000000;2015;;;CHEVROLET SAIL
LSGSA52M8G4011198;LSGSA52M8G4011198;000000000000748927;;;00000000;2016;;;CHEVROLET SAIL
LSGSA52M9EY004158;LSGSA52M9EY004158;000000000000748927;;;00000000;2014;;;CHEVROLET SAIL
LSGSA52M9EY004225;LSGSA52M9EY004225;000000000000748927;;;00000000;2014;;;CHEVROLET SAIL
LSGSA52M9EY013801;LSGSA52M9EY013801;000000000000748927;;;00000000;2014;;;CHEVROLET SAIL
LSGSA52M9EY013961;LSGSA52M9EY013961;000000000000748927;;;00000000;2014;;;CHEVROLET SAIL
LSGSA52M9GY062340;LSGSA52M9GY062340;000000000000748927;;;00000000;2016;;;CHEVROLET SAIL
LSGSA52M9GY105610;LSGSA52M9GY105610;000000000000748927;;;00000000;2016;;;CHEVROLET SAIL
LSGSA52MXD4179095;LSGSA52MXD4179095;000000000000748927;;;00000000;2013;;;CHEVROLET SAIL
LSGSA52MXEY206930;LSGSA52MXEY206930;000000000000748927;;;00000000;2014;;;CHEVROLET SAIL
LSGSA58M0DY176360;LSGSA58M0DY176360;000000000000748927;;;00000000;2013;;;CHEVROLET SAIL
LSGSA58M1CY043797;LSGSA58M1CY043797;000000000000748927;;;00000000;2012;;;CHEVROLET SAIL
LSGSA58M1DY062271;LSGSA58M1DY062271;000000000000748927;;;00000000;2013;;;CHEVROLET SAIL
LSGSA58M1EY042121;LSGSA58M1EY042121;000000000000748927;;;00000000;2014;;;CHEVROLET SAIL
LSGSA58M2BY027736;LSGSA58M2BY027736;000000000000748927;;;00000000;2011;;;CHEVROLET SAIL
LSGSA58M2CY262879;LSGSA58M2CY262879;000000000000748927;;;00000000;2012;;;CHEVROLET SAIL
LSGSA58M2DY155025;LSGSA58M2DY155025;000000000000748927;;;00000000;2013;;;CHEVROLET SAIL
LSGSA52M9EY024006;LSGSA52M9EY024006;000000000000748927;;;00000000;2014;;;CHEVROLET SAIL
LSGSA52MXDY046448;LSGSA52MXDY046448;000000000000748927;;;00000000;2013;;;CHEVROLET SAIL
LSGSA52MXDY046658;LSGSA52MXDY046658;000000000000748927;;;00000000;2013;;;CHEVROLET SAIL
LSGSA58M0CY263755;LSGSA58M0CY263755;000000000000748927;;;00000000;2012;;;CHEVROLET SAIL
LSGSA58M0CY263819;LSGSA58M0CY263819;000000000000748927;;;00000000;2012;;;CHEVROLET SAIL
LSGSA58M0DY179675;LSGSA58M0DY179675;000000000000748927;;;00000000;2013;;;CHEVROLET SAIL
LSGSA58M1DY101103;LSGSA58M1DY101103;000000000000748927;;;00000000;2013;;;CHEVROLET SAIL
LSGSA58M1EY053295;LSGSA58M1EY053295;000000000000748927;;;00000000;2014;;;CHEVROLET SAIL
LSGSA58M1EY054222;LSGSA58M1EY054222;000000000000748927;;;00000000;2014;;;CHEVROLET SAIL
LSGSA52M8GY010858;LSGSA52M8GY010858;000000000000748927;;;00000000;2016;;;CHEVROLET SAIL
LSGSA52M9CY200937;LSGSA52M9CY200937;000000000000748927;;;00000000;2012;;;CHEVROLET SAIL
LSGSA52M9EY029349;LSGSA52M9EY029349;000000000000748927;;;00000000;2014;;;CHEVROLET SAIL
LSGSA52M9EY029528;LSGSA52M9EY029528;000000000000748927;;;00000000;2014;;;CHEVROLET SAIL
LSGSA52M9EY029920;LSGSA52M9EY029920;000000000000748927;;;00000000;2014;;;CHEVROLET SAIL
LSGSA58M0BY027816;LSGSA58M0BY027816;000000000000748927;;;00000000;2011;;;CHEVROLET SAIL
LSGSA58M0CY286002;LSGSA58M0CY286002;000000000000748927;;;00000000;2012;;;CHEVROLET SAIL
LSGSA58M0CY286534;LSGSA58M0CY286534;000000000000748927;;;00000000;2012;;;CHEVROLET SAIL
LSGSA58M0DY179873;LSGSA58M0DY179873;000000000000748927;;;00000000;2013;;;CHEVROLET SAIL
LSGSA58M0FY194392;LSGSA58M0FY194392;000000000000748927;;;00000000;2015;;;CHEVROLET SAIL
LSGSA58M0FY197003;LSGSA58M0FY197003;000000000000748927;;;00000000;2015;;;CHEVROLET SAIL
LSGSA58M1CY182344;LSGSA58M1CY182344;000000000000748927;;;00000000;2012;;;CHEVROLET SAIL
LSGSA58M1EY088872;LSGSA58M1EY088872;000000000000748927;;;00000000;2014;;;CHEVROLET SAIL
LSGSA58M2CY285756;LSGSA58M2CY285756;000000000000748927;;;00000000;2012;;;CHEVROLET SAIL
LSGSA58M2CY287362;LSGSA58M2CY287362;000000000000748927;;;00000000;2012;;;CHEVROLET SAIL
LSGSA52M9EY030405;LSGSA52M9EY030405;000000000000748927;;;00000000;2014;;;CHEVROLET SAIL
LSGSA52M9EY042792;LSGSA52M9EY042792;000000000000748927;;;00000000;2014;;;CHEVROLET SAIL
LSGSA52MDY201641;LSGSA52MDY201641;000000000000748927;;;00000000;2014;;;CHEVROLET SAIL
LSGSA52MGDY158339;LSGSA52MGDY158339;000000000000748927;;;00000000;2013;;;CHEVROLET SAIL
LSGSA52MGEY09034;LSGSA52MGEY09034;000000000000748927;;;00000000;2015;;;CHEVROLET SAIL
LSGSA52MXFY173316;LSGSA52MXFY173316;000000000000748927;;;00000000;2015;;;CHEVROLET SAIL
LSGSA52MXFY175003;LSGSA52MXFY175003;000000000000748927;;;00000000;2015;;;CHEVROLET SAIL
LSGSA58M0DY200889;LSGSA58M0DY200889;000000000000748927;;;00000000;2013;;;CHEVROLET SAIL
LSGSA58M0YC311433;LSGSA58M0YC311433;000000000000748927;;;00000000;2000;;;CHEVROLET SAIL
LSGSA58M10Y174956;LSGSA58M10Y174956;000000000000748927;;;00000000;2015;;;CHEVROLET SAIL
LSGSA58M10Y202805;LSGSA58M10Y202805;000000000000748927;;;00000000;2015;;;CHEVROLET SAIL
LSGSA58M1DY127314;LSGSA58M1DY127314;000000000000748927;;;00000000;2013;;;CHEVROLET SAIL
LSGSA58M1EY090413;LSGSA58M1EY090413;000000000000748927;;;00000000;2014;;;CHEVROLET SAIL
LSGSA58M2BY118098;LSGSA58M2BY118098;000000000000748927;;;00000000;2011;;;CHEVROLET SAIL
LSGSA58M2BY143339;LSGSA58M2BY143339;000000000000748927;;;00000000;2011;;;CHEVROLET SAIL
LSGSA58M2CY287832;LSGSA58M2CY287832;000000000000748927;;;00000000;2012;;;CHEVROLET SAIL
LSGSA58M2CY287961;LSGSA58M2CY287961;000000000000748927;;;00000000;2012;;;CHEVROLET SAIL
LSGSA52M8GY023710;LSGSA52M8GY023710;000000000000748927;;;00000000;2016;;;CHEVROLET SAIL
LSGSA52MGGY021602;LSGSA52MGGY021602;000000000000748927;;;00000000;2016;;;CHEVROLET SAIL vin malo¡¡¡¡
LSGSA52MIC4262977;LSGSA52MIC4262977;000000000000748927;;;00000000;2012;;;CHEVROLET SAIL
LSGSA52MOBY051414;LSGSA52MOBY051414;000000000000748927;;;00000000;2011;;;CHEVROLET SAIL
LSGSA52MODY024832;LSGSA52MODY024832;000000000000748927;;;00000000;2013;;;CHEVROLET SAIL
LSGSA52MODY159471;LSGSA52MODY159471;000000000000748927;;;00000000;2013;;;CHEVROLET SAIL
LSGSA52MODY201881;LSGSA52MODY201881;000000000000748927;;;00000000;2013;;;CHEVROLET SAIL
LSGSA52MSCY181626;LSGSA52MSCY181626;000000000000748927;;;00000000;2012;;;CHEVROLET SAIL
LSGSA52MXDY157422;LSGSA52MXDY157422;000000000000748927;;;00000000;2013;;;CHEVROLET SAIL
LSGSA52MXDY159798;LSGSA52MXDY159798;000000000000748927;;;00000000;2013;;;CHEVROLET SAIL
LSGSA52MXFY217461;LSGSA52MXFY217461;000000000000748927;;;00000000;2015;;;CHEVROLET SAIL
LSGSA58M0BY156798;LSGSA58M0BY156798;000000000000748927;;;00000000;2011;;;CHEVROLET SAIL
LSGSA58M0DY217697;LSGSA58M0DY217697;000000000000748927;;;00000000;2013;;;CHEVROLET SAIL
LSGSA58M1DY152570;LSGSA58M1DY152570;000000000000748927;;;00000000;2013;;;CHEVROLET SAIL
LSGSA58M1DY152844;LSGSA58M1DY152844;000000000000748927;;;00000000;2013;;;CHEVROLET SAIL
LSGSA58M2BY156365;LSGSA58M2BY156365;000000000000748927;;;00000000;2011;;;CHEVROLET SAIL
LSGSA52M9CY286718;LSGSA52M9CY286718;000000000000748927;;;00000000;2012;;;CHEVROLET SAIL
LSGSA52M9CY287562;LSGSA52M9CY287562;000000000000748927;;;00000000;2012;;;CHEVROLET SAIL
LSGSA52M9CY288016;LSGSA52M9CY288016;000000000000748927;;;00000000;2012;;;CHEVROLET SAIL
LSGSA52MXBY010319;LSGSA52MXBY010319;000000000000748927;;;00000000;2011;;;CHEVROLET SAIL
LSGSA52MXDY17577;LSGSA52MXDY17577;000000000000748927;;;00000000;2014;;;CHEVROLET SAIL
LSGSA52MXDY176052;LSGSA52MXDY176052;000000000000748927;;;00000000;2013;;;CHEVROLET SAIL
LSGSA52MXGY006116;LSGSA52MXGY006116;000000000000748927;;;00000000;2016;;;CHEVROLET SAIL
LSGSA58M1CY232031;LSGSA58M1CY232031;000000000000748927;;;00000000;2012;;;CHEVROLET SAIL
LSGSA58M1CY232322;LSGSA58M1CY232322;000000000000748927;;;00000000;2012;;;CHEVROLET SAIL
LSGSA58M1DY154089;LSGSA58M1DY154089;000000000000748927;;;00000000;2013;;;CHEVROLET SAIL
LSGSA58M1DY154576;LSGSA58M1DY154576;000000000000748927;;;00000000;2013;;;CHEVROLET SAIL
LSGSA58M1DY154898;LSGSA58M1DY154898;000000000000748927;;;00000000;2013;;;CHEVROLET SAIL
LSGSA58M1EY125533;LSGSA58M1EY125533;000000000000748927;;;00000000;2014;;;CHEVROLET SAIL
LSGSA58M2BY164692;LSGSA58M2BY164692;000000000000748927;;;00000000;2011;;;CHEVROLET SAIL
LSGSA58M2DY215790;LSGSA58M2DY215790;000000000000748927;;;00000000;2013;;;CHEVROLET SAIL
LSGSA58M2E7041513;LSGSA58M2E7041513;000000000000748927;;;00000000;2014;;;CHEVROLET SAIL
LSGSA58M2EY003165;LSGSA58M2EY003165;000000000000748927;;;00000000;2014;;;CHEVROLET SAIL
LSGSA52M8GY104206;LSGSA52M8GY104206;000000000000748927;;;00000000;2016;;;CHEVROLET SAIL
LSGSA52M9EY124283;LSGSA52M9EY124283;000000000000748927;;;00000000;2014;;;CHEVROLET SAIL
LSGSA52MXDY177458;LSGSA52MXDY177458;000000000000748927;;;00000000;2013;;;CHEVROLET SAIL
LSGSA52MXGY010277;LSGSA52MXGY010277;000000000000748927;;;00000000;2016;;;CHEVROLET SAIL
LSGSA58M0DY037412;LSGSA58M0DY037412;000000000000748927;;;00000000;2013;;;CHEVROLET SAIL
LSGSA58M0EY039372;LSGSA58M0EY039372;000000000000748927;;;00000000;2014;;;CHEVROLET SAIL
LSGSA58M1DY155713;LSGSA58M1DY155713;000000000000748927;;;00000000;2013;;;CHEVROLET SAIL
LSGSA58M2BY166507;LSGSA58M2BY166507;000000000000748927;;;00000000;2011;;;CHEVROLET SAIL
LSGSA58M2EY022976;LSGSA58M2EY022976;000000000000748927;;;00000000;2014;;;CHEVROLET SAIL
LSGSA52M9EY155145;LSGSA52M9EY155145;000000000000748927;;;00000000;2014;;;CHEVROLET SAIL
LSGSA52MXDY202262;LSGSA52MXDY202262;000000000000748927;;;00000000;2013;;;CHEVROLET SAIL
LSGSA58M0BY186013;LSGSA58M0BY186013;000000000000748927;;;00000000;2011;;;CHEVROLET SAIL
LSGSA58M0DY060396;LSGSA58M0DY060396;000000000000748927;;;00000000;2013;;;CHEVROLET SAIL
LSGSA58M0EY040490;LSGSA58M0EY040490;000000000000748927;;;00000000;2014;;;CHEVROLET SAIL
LSGSA58M1CY264586;LSGSA58M1CY264586;000000000000748927;;;00000000;2012;;;CHEVROLET SAIL
LSGSA58M1CY285778;LSGSA58M1CY285778;000000000000748927;;;00000000;2012;;;CHEVROLET SAIL
LSGSA58M1EY225308;LSGSA58M1EY225308;000000000000748927;;;00000000;2014;;;CHEVROLET SAIL
LSGSA58M1EY233702;LSGSA58M1EY233702;000000000000748927;;;00000000;2014;;;CHEVROLET SAIL
LSGSA58M7DY024043;LSGSA58M7DY024043;000000000000748927;;;00000000;2013;;;CHEVROLET SAIL
LSGSA58M3BY029110;LSGSA58M3BY029110;000000000000748927;;;00000000;2011;;;CHEVROLET SAIL
LSGSA58M3BY053083;LSGSA58M3BY053083;000000000000748927;;;00000000;2011;;;CHEVROLET SAIL
LSGSA58M3DY180578;LSGSA58M3DY180578;000000000000748927;;;00000000;2013;;;CHEVROLET SAIL
LSGSA58M3FY198288;LSGSA58M3FY198288;000000000000748927;;;00000000;2015;;;CHEVROLET SAIL
LSGSA58M4CY084961;LSGSA58M4CY084961;000000000000748927;;;00000000;2012;;;CHEVROLET SAIL
LSGSA58M5DY203035;LSGSA58M5DY203035;000000000000748927;;;00000000;2013;;;CHEVROLET SAIL
LSGSA58M5DY217758;LSGSA58M5DY217758;000000000000748927;;;00000000;2013;;;CHEVROLET SAIL
LSGSA58M5GY000408;LSGSA58M5GY000408;000000000000748927;;;00000000;2016;;;CHEVROLET SAIL
LSGSA58M60DY004740;LSGSA58M60DY004740;000000000000748927;;;00000000;2014;;;CHEVROLET SAIL
LSGSA58M6DY127213;LSGSA58M6DY127213;000000000000748927;;;00000000;2013;;;CHEVROLET SAIL
LSGSA58M7BY164915;LSGSA58M7BY164915;000000000000748927;;;00000000;2011;;;CHEVROLET SAIL
LSGSA58M3BY085340;LSGSA58M3BY085340;000000000000748927;;;00000000;2011;;;CHEVROLET SAIL
LSGSA58M3DY203051;LSGSA58M3DY203051;000000000000748927;;;00000000;2013;;;CHEVROLET SAIL
LSGSA58M3FY215641;LSGSA58M3FY215641;000000000000748927;;;00000000;2015;;;CHEVROLET SAIL
LSGSA58M4DY103024;LSGSA58M4DY103024;000000000000748927;;;00000000;2013;;;CHEVROLET SAIL
LSGSA58M4EY079535;LSGSA58M4EY079535;000000000000748927;;;00000000;2014;;;CHEVROLET SAIL
LSGSA58M5BY156862;LSGSA58M5BY156862;000000000000748927;;;00000000;2011;;;CHEVROLET SAIL
LSGSA58M5BY157235;LSGSA58M5BY157235;000000000000748927;;;00000000;2011;;;CHEVROLET SAIL
LSGSA58M6DY151740;LSGSA58M6DY151740;000000000000748927;;;00000000;2013;;;CHEVROLET SAIL
LSGSA58M3BY1432841;LSGSA58M3BY1432841;000000000000748927;;;00000000;2011;;;CHEVROLET SAIL
LSGSA58M3EY003515;LSGSA58M3EY003515;000000000000748927;;;00000000;2014;;;CHEVROLET SAIL
LSGSA58M3EY023571;LSGSA58M3EY023571;000000000000748927;;;00000000;2014;;;CHEVROLET SAIL
LSGSA58M4B4165794;LSGSA58M4B4165794;000000000000748927;;;00000000;2011;;;CHEVROLET SAIL
LSGSA58M4CY152156;LSGSA58M4CY152156;000000000000748927;;;00000000;2012;;;CHEVROLET SAIL
LSGSA58M5BY168428;LSGSA58M5BY168428;000000000000748927;;;00000000;2011;;;CHEVROLET SAIL
LSGSA58M7BY187238;LSGSA58M7BY187238;000000000000748927;;;00000000;2011;;;CHEVROLET SAIL
LSGSA58M2EY089304;LSGSA58M2EY089304;000000000000748927;;;00000000;2014;;;CHEVROLET SAIL
LSGSA58M3DY036982;LSGSA58M3DY036982;000000000000748927;;;00000000;2013;;;CHEVROLET SAIL
LSGSA58M3EY023912;LSGSA58M3EY023912;000000000000748927;;;00000000;2014;;;CHEVROLET SAIL
LSGSA58M3EY029368;LSGSA58M3EY029368;000000000000748927;;;00000000;2014;;;CHEVROLET SAIL
LSGSA58M4BY001882;LSGSA58M4BY001882;000000000000748927;;;00000000;2011;;;CHEVROLET SAIL
LSGSA58M4CY183276;LSGSA58M4CY183276;000000000000748927;;;00000000;2012;;;CHEVROLET SAIL
LSGSA58M4EY125767;LSGSA58M4EY125767;000000000000748927;;;00000000;2014;;;CHEVROLET SAIL
LSGSA58M5DY037941;LSGSA58M5DY037941;000000000000748927;;;00000000;2013;;;CHEVROLET SAIL
LSGSA58M5DY045568;LSGSA58M5DY045568;000000000000748927;;;00000000;2013;;;CHEVROLET SAIL
LSGSA58M5DY045957;LSGSA58M5DY045957;000000000000748927;;;00000000;2013;;;CHEVROLET SAIL
LSGSA58M5EY039514;LSGSA58M5EY039514;000000000000748927;;;00000000;2014;;;CHEVROLET SAIL
LSGSA58M6CY263629;LSGSA58M6CY263629;000000000000748927;;;00000000;2012;;;CHEVROLET SAIL
LSGSA58M7BY187983;LSGSA58M7BY187983;000000000000748927;;;00000000;2011;;;CHEVROLET SAIL
LSGSA58M7BYOO1097;LSGSA58M7BYOO1097;000000000000748927;;;00000000;2011;;;CHEVROLET SAIL
LSGSA58M3DY046413;LSGSA58M3DY046413;000000000000748927;;;00000000;2013;;;CHEVROLET SAIL
LSGSA58M4CY230855;LSGSA58M4CY230855;000000000000748927;;;00000000;2012;;;CHEVROLET SAIL
LSGSA58M4CY231780;LSGSA58M4CY231780;000000000000748927;;;00000000;2012;;;CHEVROLET SAIL
LSGSA58M4CY231925;LSGSA58M4CY231925;000000000000748927;;;00000000;2012;;;CHEVROLET SAIL
LSGSA58M4DY152935;LSGSA58M4DY152935;000000000000748927;;;00000000;2013;;;CHEVROLET SAIL
LSGSA58M5BY186914;LSGSA58M5BY186914;000000000000748927;;;00000000;2011;;;CHEVROLET SAIL
LSGSA58M5BY187271;LSGSA58M5BY187271;000000000000748927;;;00000000;2011;;;CHEVROLET SAIL
LSGSA58M6CY263727;LSGSA58M6CY263727;000000000000748927;;;00000000;2012;;;CHEVROLET SAIL
LSGSA58M6DY158116;LSGSA58M6DY158116;000000000000748927;;;00000000;2013;;;CHEVROLET SAIL
LSGSA58M2EY123418;LSGSA58M2EY123418;000000000000748927;;;00000000;2014;;;CHEVROLET SAIL
LSGSA58M4CY263189;LSGSA58M4CY263189;000000000000748927;;;00000000;2012;;;CHEVROLET SAIL
LSGSA58M4DY154894;LSGSA58M4DY154894;000000000000748927;;;00000000;2013;;;CHEVROLET SAIL
LSGSA58M4DY160162;LSGSA58M4DY160162;000000000000748927;;;00000000;2013;;;CHEVROLET SAIL
LSGSA58M4EY225268;LSGSA58M4EY225268;000000000000748927;;;00000000;2014;;;CHEVROLET SAIL
LSGSA58M5CY019440;LSGSA58M5CY019440;000000000000748927;;;00000000;2012;;;CHEVROLET SAIL
LSGSA58M5EY053588;LSGSA58M5EY053588;000000000000748927;;;00000000;2014;;;CHEVROLET SAIL
LSGSA58M6CY285677;LSGSA58M6CY285677;000000000000748927;;;00000000;2012;;;CHEVROLET SAIL
LSGSA58M6CY286215;LSGSA58M6CY286215;000000000000748927;;;00000000;2012;;;CHEVROLET SAIL
LSGSA58M6CY309637;LSGSA58M6CY309637;000000000000748927;;;00000000;2012;;;CHEVROLET SAIL
LSGSA58M6DY174578;LSGSA58M6DY174578;000000000000748927;;;00000000;2013;;;CHEVROLET SAIL
LSGSA58M7CY091725;LSGSA58M7CY091725;000000000000748927;;;00000000;2012;;;CHEVROLET SAIL
LSGSA58M3BY189181;LSGSA58M3BY189181;000000000000748927;;;00000000;2011;;;CHEVROLET SAIL
LSGSA58M3C9200617;LSGSA58M3C9200617;000000000000748927;;;00000000;2012;;;CHEVROLET SAIL
LSGSA58M3CY017377;LSGSA58M3CY017377;000000000000748927;;;00000000;2012;;;CHEVROLET SAIL
LSGSA58M3DY083204;LSGSA58M3DY083204;000000000000748927;;;00000000;2013;;;CHEVROLET SAIL
LSGSA58M3EY053184;LSGSA58M3EY053184;000000000000748927;;;00000000;2014;;;CHEVROLET SAIL
LSGSA58M3EY053430;LSGSA58M3EY053430;000000000000748927;;;00000000;2014;;;CHEVROLET SAIL
LSGSA58M4BY028998;LSGSA58M4BY028998;000000000000748927;;;00000000;2011;;;CHEVROLET SAIL
LSGSA58M4EY236786;LSGSA58M4EY236786;000000000000748927;;;00000000;2014;;;CHEVROLET SAIL
LSGSA58M5DY084337;LSGSA58M5DY084337;000000000000748927;;;00000000;2013;;;CHEVROLET SAIL
LSGSA58M6BY117312;LSGSA58M6BY117312;000000000000748927;;;00000000;2011;;;CHEVROLET SAIL
LSGSA58M6BY117603;LSGSA58M6BY117603;000000000000748927;;;00000000;2011;;;CHEVROLET SAIL
LSGSA58M6CY311310;LSGSA58M6CY311310;000000000000748927;;;00000000;2012;;;CHEVROLET SAIL
LSGSA58M6CY311470;LSGSA58M6CY311470;000000000000748927;;;00000000;2012;;;CHEVROLET SAIL
LSGSA58M6CY312098;LSGSA58M6CY312098;000000000000748927;;;00000000;2012;;;CHEVROLET SAIL
LSGSA58M6CY617650;LSGSA58M6CY617650;000000000000748927;;;00000000;2012;;;CHEVROLET SAIL
LSGSA58M2EY237256;LSGSA58M2EY237256;000000000000748927;;;00000000;2014;;;CHEVROLET SAIL
LSGSA58M3DY084269;LSGSA58M3DY084269;000000000000748927;;;00000000;2013;;;CHEVROLET SAIL
LSGSA58M3DY084448;LSGSA58M3DY084448;000000000000748927;;;00000000;2013;;;CHEVROLET SAIL
LSGSA58M3DY084451;LSGSA58M3DY084451;000000000000748927;;;00000000;2013;;;CHEVROLET SAIL
LSGSA58M4BY053318;LSGSA58M4BY053318;000000000000748927;;;00000000;2011;;;CHEVROLET SAIL
LSGSA58M4CY287332;LSGSA58M4CY287332;000000000000748927;;;00000000;2012;;;CHEVROLET SAIL
LSGSA58M5DY101251;LSGSA58M5DY101251;000000000000748927;;;00000000;2013;;;CHEVROLET SAIL
LSGSA58M6BY143165;LSGSA58M6BY143165;000000000000748927;;;00000000;2011;;;CHEVROLET SAIL
LSGSA58M6DY180168;LSGSA58M6DY180168;000000000000748927;;;00000000;2013;;;CHEVROLET SAIL
LSGSA58M6FY197359;LSGSA58M6FY197359;000000000000748927;;;00000000;2015;;;CHEVROLET SAIL
LSGSA58M7CY182882;LSGSA58M7CY182882;000000000000748927;;;00000000;2012;;;CHEVROLET SAIL
LSGSA58M4BY085539;LSGSA58M4BY085539;000000000000748927;;;00000000;2011;;;CHEVROLET SAIL
LSGSA58M4DY178025;LSGSA58M4DY178025;000000000000748927;;;00000000;2013;;;CHEVROLET SAIL
LSGSA58M4DY178256;LSGSA58M4DY178256;000000000000748927;;;00000000;2013;;;CHEVROLET SAIL
LSGSA58M5CY149458;LSGSA58M5CY149458;000000000000748927;;;00000000;2012;;;CHEVROLET SAIL
LSGSA58M5DY104425;LSGSA58M5DY104425;000000000000748927;;;00000000;2013;;;CHEVROLET SAIL
LSGSA58M2FY154959;LSGSA58M2FY154959;000000000000748927;;;00000000;2015;;;CHEVROLET SAIL
LSGSA58M4BY142015;LSGSA58M4BY142015;000000000000748927;;;00000000;2011;;;CHEVROLET SAIL
LSGSA58M4DY003702;LSGSA58M4DY003702;000000000000748927;;;00000000;2013;;;CHEVROLET SAIL
LSGSA58M4DY180511;LSGSA58M4DY180511;000000000000748927;;;00000000;2013;;;CHEVROLET SAIL
LSGSA58M4DY201504;LSGSA58M4DY201504;000000000000748927;;;00000000;2013;;;CHEVROLET SAIL
LSGSA58M5EY123493;LSGSA58M5EY123493;000000000000748927;;;00000000;2014;;;CHEVROLET SAIL
LSGSA58M6BY166543;LSGSA58M6BY166543;000000000000748927;;;00000000;2011;;;CHEVROLET SAIL
LSGSA58M6EY023130;LSGSA58M6EY023130;000000000000748927;;;00000000;2014;;;CHEVROLET SAIL
LSGSA58M7CY202080;LSGSA58M7CY202080;000000000000748927;;;00000000;2012;;;CHEVROLET SAIL
LSGSA58M7CY230378;LSGSA58M7CY230378;000000000000748927;;;00000000;2012;;;CHEVROLET SAIL
LSGSA58M7CY231028;LSGSA58M7CY231028;000000000000748927;;;00000000;2012;;;CHEVROLET SAIL
LSGSA58M7CY231773;LSGSA58M7CY231773;000000000000748927;;;00000000;2012;;;CHEVROLET SAIL
LSGSA58M3CY182734;LSGSA58M3CY182734;000000000000748927;;;00000000;2012;;;CHEVROLET SAIL
LSGSA58M3DY127010;LSGSA58M3DY127010;000000000000748927;;;00000000;2013;;;CHEVROLET SAIL
LSGSA58M4DY023979;LSGSA58M4DY023979;000000000000748927;;;00000000;2013;;;CHEVROLET SAIL
LSGSA58M6DY046423;LSGSA58M6DY046423;000000000000748927;;;00000000;2013;;;CHEVROLET SAIL
LSGSA58M6DY046700;LSGSA58M6DY046700;000000000000748927;;;00000000;2013;;;CHEVROLET SAIL
LSGSA58M6EY023418;LSGSA58M6EY023418;000000000000748927;;;00000000;2014;;;CHEVROLET SAIL
LSGSA58M6EY023421;LSGSA58M6EY023421;000000000000748927;;;00000000;2014;;;CHEVROLET SAIL
LSGSA58M6EY028621;LSGSA58M6EY028621;000000000000748927;;;00000000;2014;;;CHEVROLET SAIL
LSGSA58M2FY175925;LSGSA58M2FY175925;000000000000748927;;;00000000;2015;;;CHEVROLET SAIL
LSGSA58M2FY215355;LSGSA58M2FY215355;000000000000748927;;;00000000;2015;;;CHEVROLET SAIL
LSGSA58M3CY200861;LSGSA58M3CY200861;000000000000748927;;;00000000;2012;;;CHEVROLET SAIL
LSGSA58M4DY029049;LSGSA58M4DY029049;000000000000748927;;;00000000;2013;;;CHEVROLET SAIL
LSGSA58M4EY003104;LSGSA58M4EY003104;000000000000748927;;;00000000;2014;;;CHEVROLET SAIL
LSGSA58M4FY217639;LSGSA58M4FY217639;000000000000748927;;;00000000;2015;;;CHEVROLET SAIL
LSGSA58M5CY233246;LSGSA58M5CY233246;000000000000748927;;;00000000;2012;;;CHEVROLET SAIL
LSGSA58M5EY224856;LSGSA58M5EY224856;000000000000748927;;;00000000;2014;;;CHEVROLET SAIL
LSGSA58M7BY009605;LSGSA58M7BY009605;000000000000748927;;;00000000;2011;;;CHEVROLET SAIL
LSGSA58M7CY263851;LSGSA58M7CY263851;000000000000748927;;;00000000;2012;;;CHEVROLET SAIL
LSGSA58M2GY000785;LSGSA58M2GY000785;000000000000748927;;;00000000;2016;;;CHEVROLET SAIL
LSGSA58M2OY017290;LSGSA58M2OY017290;000000000000748927;;;00000000;2015;;;CHEVROLET SAIL
LSGSA58M30Y264785;LSGSA58M30Y264785;000000000000748927;;;00000000;2012;;;CHEVROLET SAIL
LSGSA58M3BY000870;LSGSA58M3BY000870;000000000000748927;;;00000000;2011;;;CHEVROLET SAIL
LSGSA58M3CY201217;LSGSA58M3CY201217;000000000000748927;;;00000000;2012;;;CHEVROLET SAIL
LSGSA58M4DY037056;LSGSA58M4DY037056;000000000000748927;;;00000000;2013;;;CHEVROLET SAIL
LSGSA58M4EY030108;LSGSA58M4EY030108;000000000000748927;;;00000000;2014;;;CHEVROLET SAIL
LSGSA58M5CY263444;LSGSA58M5CY263444;000000000000748927;;;00000000;2012;;;CHEVROLET SAIL
LSGSA58M6EY039487;LSGSA58M6EY039487;000000000000748927;;;00000000;2014;;;CHEVROLET SAIL
LSGSA58M7CY264093;LSGSA58M7CY264093;000000000000748927;;;00000000;2012;;;CHEVROLET SAIL
LSGSA58M4EY039245;LSGSA58M4EY039245;000000000000748927;;;00000000;2014;;;CHEVROLET SAIL
LSGSA58M5DY176368;LSGSA58M5DY176368;000000000000748927;;;00000000;2013;;;CHEVROLET SAIL
LSGSA58M3CY263295;LSGSA58M3CY263295;000000000000748927;;;00000000;2012;;;CHEVROLET SAIL
LSGSA58M3EY237623;LSGSA58M3EY237623;000000000000748927;;;00000000;2014;;;CHEVROLET SAIL
LSGSA58M3EY237962;LSGSA58M3EY237962;000000000000748927;;;00000000;2014;;;CHEVROLET SAIL
LSGSA58M4BY188167;LSGSA58M4BY188167;000000000000748927;;;00000000;2011;;;CHEVROLET SAIL
LSGSA58M4BY1881687;LSGSA58M4BY1881687;000000000000748927;;;00000000;2013;;;CHEVROLET SAIL
LSGSA58M5CY286920;LSGSA58M5CY286920;000000000000748927;;;00000000;2012;;;CHEVROLET SAIL
LSGSA58M7BY086510;LSGSA58M7BY086510;000000000000748927;;;00000000;2011;;;CHEVROLET SAIL
LSGSA58M7CY311350;LSGSA58M7CY311350;000000000000748927;;;00000000;2012;;;CHEVROLET SAIL
LSGSA58M3BY027020;LSGSA58M3BY027020;000000000000748927;;;00000000;2011;;;CHEVROLET SAIL
LSGSA58M3BY028037;LSGSA58M3BY028037;000000000000748927;;;00000000;2011;;;CHEVROLET SAIL
LSGSA58M3DY177194;LSGSA58M3DY177194;000000000000748927;;;00000000;2013;;;CHEVROLET SAIL
LSGSA58M4CY043793;LSGSA58M4CY043793;000000000000748927;;;00000000;2012;;;CHEVROLET SAIL
LSGSA58M4DY083955;LSGSA58M4DY083955;000000000000748927;;;00000000;2013;;;CHEVROLET SAIL
LSGSA58M5BY085291;LSGSA58M5BY085291;000000000000748927;;;00000000;2011;;;CHEVROLET SAIL
LSGSA58M5BY117561;LSGSA58M5BY117561;000000000000748927;;;00000000;2011;;;CHEVROLET SAIL
LSGSA58M5CY311251;LSGSA58M5CY311251;000000000000748927;;;00000000;2012;;;CHEVROLET SAIL
LSGSA58M5DY180839;LSGSA58M5DY180839;000000000000748927;;;00000000;2013;;;CHEVROLET SAIL
LSGSA58M5DY202239;LSGSA58M5DY202239;000000000000748927;;;00000000;2013;;;CHEVROLET SAIL
LSGSA58M6CY149081;LSGSA58M6CY149081;000000000000748927;;;00000000;2012;;;CHEVROLET SAIL
LSGSA58M7CY312241;LSGSA58M7CY312241;000000000000748927;;;00000000;2012;;;CHEVROLET SAIL
LSGSA58M8CY200757;LSGSA58M8CY200757;000000000000748927;;;00000000;2012;;;CHEVROLET SAIL
LSGSA58M8CY201620;LSGSA58M8CY201620;000000000000748927;;;00000000;2012;;;CHEVROLET SAIL
LSGSA58M8EY237083;LSGSA58M8EY237083;000000000000748927;;;00000000;2014;;;CHEVROLET SAIL
LSGSA58M8EY237388;LSGSA58M8EY237388;000000000000748927;;;00000000;2014;;;CHEVROLET SAIL
LSGSA58M9BY188052;LSGSA58M9BY188052;000000000000748927;;;00000000;2011;;;CHEVROLET SAIL
LSGSA58M9EY029861;LSGSA58M9EY029861;000000000000748927;;;00000000;2014;;;CHEVROLET SAIL
LSGSA58M9EY030296;LSGSA58M9EY030296;000000000000748927;;;00000000;2014;;;CHEVROLET SAIL
LSGSA58M9EY040097;LSGSA58M9EY040097;000000000000748927;;;00000000;2014;;;CHEVROLET SAIL
LSGSA58M9EY040102;LSGSA58M9EY040102;000000000000748927;;;00000000;2014;;;CHEVROLET SAIL
LSGSA58MTBY189149;LSGSA58MTBY189149;000000000000748927;;;00000000;2011;;;CHEVROLET SAIL
LSGSA58MX0Y024294;LSGSA58MX0Y024294;000000000000748927;;;00000000;2013;;;CHEVROLET SAIL
LSGSA58MXCY202865;LSGSA58MXCY202865;000000000000748927;;;00000000;2012;;;CHEVROLET SAIL
LSGSA58MXCY202994;LSGSA58MXCY202994;000000000000748927;;;00000000;2012;;;CHEVROLET SAIL
LSGSA58MXEY185794;LSGSA58MXEY185794;000000000000748927;;;00000000;2014;;;CHEVROLET SAIL
LSGSA58MXEY234315;LSGSA58MXEY234315;000000000000748927;;;00000000;2014;;;CHEVROLET SAIL
LSGSA58M8CY231121;LSGSA58M8CY231121;000000000000748927;;;00000000;2012;;;CHEVROLET SAIL
LSGSA58M8EY237939;LSGSA58M8EY237939;000000000000748927;;;00000000;2014;;;CHEVROLET SAIL
LSGSA58M9CY043241;LSGSA58M9CY043241;000000000000748927;;;00000000;2012;;;CHEVROLET SAIL
LSGSA58M9DY084793;LSGSA58M9DY084793;000000000000748927;;;00000000;2013;;;CHEVROLET SAIL
LSGSA58M9DY084860;LSGSA58M9DY084860;000000000000748927;;;00000000;2013;;;CHEVROLET SAIL
LSGSA58MXCY231816;LSGSA58MXCY231816;000000000000748927;;;00000000;2012;;;CHEVROLET SAIL
LSGSA58M7DY037133;LSGSA58M7DY037133;000000000000748927;;;00000000;2013;;;CHEVROLET SAIL
LSGSA58M8DY174209;LSGSA58M8DY174209;000000000000748927;;;00000000;2013;;;CHEVROLET SAIL
LSGSA58M8DY174369;LSGSA58M8DY174369;000000000000748927;;;00000000;2013;;;CHEVROLET SAIL
LSGSA58M9CY064641;LSGSA58M9CY064641;000000000000748927;;;00000000;2012;;;CHEVROLET SAIL
LSGSA58M9EY041234;LSGSA58M9EY041234;000000000000748927;;;00000000;2014;;;CHEVROLET SAIL
LSGSA58MXBY008464;LSGSA58MXBY008464;000000000000748927;;;00000000;2011;;;CHEVROLET SAIL
LSGSA58MXCY263617;LSGSA58MXCY263617;000000000000748927;;;00000000;2012;;;CHEVROLET SAIL
LSGSA58MXFY173050;LSGSA58MXFY173050;000000000000748927;;;00000000;2015;;;CHEVROLET SAIL
LSGSA58M7EY040007;LSGSA58M7EY040007;000000000000748927;;;00000000;2014;;;CHEVROLET SAIL
LSGSA58M8FY156408;LSGSA58M8FY156408;000000000000748927;;;00000000;2015;;;CHEVROLET SAIL
LSGSA58M9CY182236;LSGSA58M9CY182236;000000000000748927;;;00000000;2012;;;CHEVROLET SAIL
LSGSA58MXDY178258;LSGSA58MXDY178258;000000000000748927;;;00000000;2013;;;CHEVROLET SAIL
LSGSA58MXFY195212;LSGSA58MXFY195212;000000000000748927;;;00000000;2015;;;CHEVROLET SAIL
LSGSA58MXFY196313;LSGSA58MXFY196313;000000000000748927;;;00000000;2015;;;CHEVROLET SAIL
LSGSA58M9CY182415;LSGSA58M9CY182415;000000000000748927;;;00000000;2012;;;CHEVROLET SAIL
LSGSA58M9EY080020;LSGSA58M9EY080020;000000000000748927;;;00000000;2014;;;CHEVROLET SAIL
LSGSA58MXDY180500;LSGSA58MXDY180500;000000000000748927;;;00000000;2013;;;CHEVROLET SAIL
LSGSA58MXDY200521;LSGSA58MXDY200521;000000000000748927;;;00000000;2013;;;CHEVROLET SAIL
LSGSA58MXDY203531;LSGSA58MXDY203531;000000000000748927;;;00000000;2013;;;CHEVROLET SAIL
LSGSA58MYCY202135;LSGSA58MYCY202135;000000000000748927;;;00000000;2012;;;CHEVROLET SAIL
LSGSA58MYCY286763;LSGSA58MYCY286763;000000000000748927;;;00000000;2012;;;CHEVROLET SAIL
LSGSA58MZCY042528;LSGSA58MZCY042528;000000000000748927;;;00000000;2012;;;CHEVROLET SAIL
LSGSA58MZEY089884;LSGSA58MZEY089884;000000000000748927;;;00000000;2014;;;CHEVROLET SAIL
LSGSA58XEY029416;LSGSA58XEY029416;000000000000748927;;;00000000;2000;;;CHEVROLET SAIL
LSGSA59MXEY023759;LSGSA59MXEY023759;000000000000748927;;;00000000;2014;;;CHEVROLET SAIL
LSGSA58M7DY083979;LSGSA58M7DY083979;000000000000748927;;;00000000;2013;;;CHEVROLET SAIL
LSGSA58M8DY004293;LSGSA58M8DY004293;000000000000748927;;;00000000;2013;;;CHEVROLET SAIL
LSGSA58M8DY180642;LSGSA58M8DY180642;000000000000748927;;;00000000;2013;;;CHEVROLET SAIL
LSGSA58M8DY214930;LSGSA58M8DY214930;000000000000748927;;;00000000;2013;;;CHEVROLET SAIL
LSGSA58M8GY000577;LSGSA58M8GY000577;000000000000748927;;;00000000;2016;;;CHEVROLET SAIL
LSGSA58M8GY001035;LSGSA58M8GY001035;000000000000748927;;;00000000;2016;;;CHEVROLET SAIL
LSGSA58MXD1059854;LSGSA58MXD1059854;000000000000748927;;;00000000;2013;;;CHEVROLET SAIL
LSGSA68M6BY000075;LSGSA68M6BY000075;000000000000748927;;;00000000;2011;;;CHEVROLET SAIL
LSGSAA58M7BY156751;LSGSAA58M7BY156751;000000000000748927;;;00000000;2013;;;CHEVROLET SAIL
LSGSAJ2MXFY172344;LSGSAJ2MXFY172344;000000000000748927;;;00000000;2015;;;CHEVROLET SAIL
LSGSAS2M2EY004373;LSGSAS2M2EY004373;000000000000748927;;;00000000;2014;;;CHEVROLET SAIL
LSGSA58M7DY100540;LSGSA58M7DY100540;000000000000748927;;;00000000;2013;;;CHEVROLET SAIL
LSGSA58M8BY156810;LSGSA58M8BY156810;000000000000748927;;;00000000;2011;;;CHEVROLET SAIL
LSGSA58M8EY003025;LSGSA58M8EY003025;000000000000748927;;;00000000;2014;;;CHEVROLET SAIL
LSGSA58M9EY109547;LSGSA58M9EY109547;000000000000748927;;;00000000;2014;;;CHEVROLET SAIL
LSGSA58MXDY023792;LSGSA58MXDY023792;000000000000748927;;;00000000;2013;;;CHEVROLET SAIL
LSGSA58MXDY024120;LSGSA58MXDY024120;000000000000748927;;;00000000;2013;;;CHEVROLET SAIL
LSGSA58MXEY023521;LSGSA58MXEY023521;000000000000748927;;;00000000;2014;;;CHEVROLET SAIL
LSGSA58MXEY023597;LSGSA58MXEY023597;000000000000748927;;;00000000;2014;;;CHEVROLET SAIL
LSGSA58M7DY103146;LSGSA58M7DY103146;000000000000748927;;;00000000;2013;;;CHEVROLET SAIL
LSGSA58M7EY090853;LSGSA58M7EY090853;000000000000748927;;;00000000;2014;;;CHEVROLET SAIL
LSGSA58M8BY166351;LSGSA58M8BY166351;000000000000748927;;;00000000;2011;;;CHEVROLET SAIL
LSGSA58M8EY023727;LSGSA58M8EY023727;000000000000748927;;;00000000;2014;;;CHEVROLET SAIL
LSGSA58M8EY028779;LSGSA58M8EY028779;000000000000748927;;;00000000;2014;;;CHEVROLET SAIL
LSGSA58M9DY157399;LSGSA58M9DY157399;000000000000748927;;;00000000;2013;;;CHEVROLET SAIL
LSGSA58M9EY155704;LSGSA58M9EY155704;000000000000748927;;;00000000;2014;;;CHEVROLET SAIL
LSGSA58MXBY156792;LSGSA58MXBY156792;000000000000748927;;;00000000;2011;;;CHEVROLET SAIL
LSGSA58MXBY156825;LSGSA58MXBY156825;000000000000748927;;;00000000;2011;;;CHEVROLET SAIL
LSGSA58MXEY029058;LSGSA58MXEY029058;000000000000748927;;;00000000;2014;;;CHEVROLET SAIL
LSGSA58M8BY167631;LSGSA58M8BY167631;000000000000748927;;;00000000;2011;;;CHEVROLET SAIL
LSGSA58M8BY168312;LSGSA58M8BY168312;000000000000748927;;;00000000;2011;;;CHEVROLET SAIL
LSGSA58M8DY025220;LSGSA58M8DY025220;000000000000748927;;;00000000;2013;;;CHEVROLET SAIL
LSGSA58M8EY040429;LSGSA58M8EY040429;000000000000748927;;;00000000;2014;;;CHEVROLET SAIL
LSGSA58M9CY287763;LSGSA58M9CY287763;000000000000748927;;;00000000;2012;;;CHEVROLET SAIL
LSGSA58M9EY185009;LSGSA58M9EY185009;000000000000748927;;;00000000;2014;;;CHEVROLET SAIL
LSGSA58MXBY168277;LSGSA58MXBY168277;000000000000748927;;;00000000;2011;;;CHEVROLET SAIL
LSGSA58MXDY046201;LSGSA58MXDY046201;000000000000748927;;;00000000;2013;;;CHEVROLET SAIL
LSGSA58MXEY029982;LSGSA58MXEY029982;000000000000748927;;;00000000;2014;;;CHEVROLET SAIL
LSGSA58M7DY127589;LSGSA58M7DY127589;000000000000748927;;;00000000;2013;;;CHEVROLET SAIL
LSGSA58M7EY138271;LSGSA58M7EY138271;000000000000748927;;;00000000;2014;;;CHEVROLET SAIL
LSGSA58M8BY186227;LSGSA58M8BY186227;000000000000748927;;;00000000;2011;;;CHEVROLET SAIL
LSGSA58M8DY036976;LSGSA58M8DY036976;000000000000748927;;;00000000;2013;;;CHEVROLET SAIL
LSGSA58M8DY037571;LSGSA58M8DY037571;000000000000748927;;;00000000;2013;;;CHEVROLET SAIL
LSGSA58M9CY310927;LSGSA58M9CY310927;000000000000748927;;;00000000;2012;;;CHEVROLET SAIL
LSGSA58M9DY176524;LSGSA58M9DY176524;000000000000748927;;;00000000;2013;;;CHEVROLET SAIL
LSGSA58M7EY206746;LSGSA58M7EY206746;000000000000748927;;;00000000;2014;;;CHEVROLET SAIL
LSGSA58M8CY019626;LSGSA58M8CY019626;000000000000748927;;;00000000;2012;;;CHEVROLET SAIL
LSGSA58M8EY054265;LSGSA58M8EY054265;000000000000748927;;;00000000;2014;;;CHEVROLET SAIL
LSGSA58M9BY030066;LSGSA58M9BY030066;000000000000748927;;;00000000;2011;;;CHEVROLET SAIL
LSGSA58M9DY004487;LSGSA58M9DY004487;000000000000748927;;;00000000;2013;;;CHEVROLET SAIL
LSGSA58M9DY177457;LSGSA58M9DY177457;000000000000748927;;;00000000;2013;;;CHEVROLET SAIL
LSGSA58MXDY060032;LSGSA58MXDY060032;000000000000748927;;;00000000;2013;;;CHEVROLET SAIL
LSGSA58M7EY225099;LSGSA58M7EY225099;000000000000748927;;;00000000;2014;;;CHEVROLET SAIL
LSGSA58M7EY234272;LSGSA58M7EY234272;000000000000748927;;;00000000;2014;;;CHEVROLET SAIL
LSGSA58M8EY089968;LSGSA58M8EY089968;000000000000748927;;;00000000;2014;;;CHEVROLET SAIL
LSGSA58M9BY085858;LSGSA58M9BY085858;000000000000748927;;;00000000;2011;;;CHEVROLET SAIL
LSGSA58M9BY086007;LSGSA58M9BY086007;000000000000748927;;;00000000;2011;;;CHEVROLET SAIL
LSGSA58M9DY004747;LSGSA58M9DY004747;000000000000748927;;;00000000;2013;;;CHEVROLET SAIL
LSGSA58M9DY023783;LSGSA58M9DY023783;000000000000748927;;;00000000;2013;;;CHEVROLET SAIL
LSGSA58M9DY179175;LSGSA58M9DY179175;000000000000748927;;;00000000;2013;;;CHEVROLET SAIL
LSGSA58M9DY179256;LSGSA58M9DY179256;000000000000748927;;;00000000;2013;;;CHEVROLET SAIL
LSGSA58M9DY180567;LSGSA58M9DY180567;000000000000748927;;;00000000;2013;;;CHEVROLET SAIL
LSGSA58M9FY155834;LSGSA58M9FY155834;000000000000748927;;;00000000;2015;;;CHEVROLET SAIL
LSGSA58M7DY174251;LSGSA58M7DY174251;000000000000748927;;;00000000;2013;;;CHEVROLET SAIL
LSGSA58M9DY200865;LSGSA58M9DY200865;000000000000748927;;;00000000;2013;;;CHEVROLET SAIL
LSGSA58MXCY042843;LSGSA58MXCY042843;000000000000748927;;;00000000;2012;;;CHEVROLET SAIL
LSGSA58MXEY091091;LSGSA58MXEY091091;000000000000748927;;;00000000;2014;;;CHEVROLET SAIL
LSGSA58M7FY129071;LSGSA58M7FY129071;000000000000748927;;;00000000;2015;;;CHEVROLET SAIL
LSGSA58M7FY129362;LSGSA58M7FY129362;000000000000748927;;;00000000;2015;;;CHEVROLET SAIL
LSGSA58M8CY120603;LSGSA58M8CY120603;000000000000748927;;;00000000;2012;;;CHEVROLET SAIL
LSGSA58M9BY164625;LSGSA58M9BY164625;000000000000748927;;;00000000;2011;;;CHEVROLET SAIL
LSGSA58M9BY164804;LSGSA58M9BY164804;000000000000748927;;;00000000;2011;;;CHEVROLET SAIL
LSGSA58M9DY036563;LSGSA58M9DY036563;000000000000748927;;;00000000;2013;;;CHEVROLET SAIL
LSGSA58M9EY002966;LSGSA58M9EY002966;000000000000748927;;;00000000;2014;;;CHEVROLET SAIL
LSGSA58M9EY003423;LSGSA58M9EY003423;000000000000748927;;;00000000;2014;;;CHEVROLET SAIL
LSGSA58M9EY003633;LSGSA58M9EY003633;000000000000748927;;;00000000;2014;;;CHEVROLET SAIL
LSGSA58M9FY198473;LSGSA58M9FY198473;000000000000748927;;;00000000;2015;;;CHEVROLET SAIL
LSGSA58M9FY215773;LSGSA58M9FY215773;000000000000748927;;;00000000;2015;;;CHEVROLET SAIL
LSGSA58M9FY217944;LSGSA58M9FY217944;000000000000748927;;;00000000;2015;;;CHEVROLET SAIL
LSGSA58M9GY000427;LSGSA58M9GY000427;000000000000748927;;;00000000;2016;;;CHEVROLET SAIL
LSGSA58MXCY065099;LSGSA58MXCY065099;000000000000748927;;;00000000;2012;;;CHEVROLET SAIL
LSGSA58MXCY120182;LSGSA58MXCY120182;000000000000748927;;;00000000;2012;;;CHEVROLET SAIL
LSGSA58MXEY109623;LSGSA58MXEY109623;000000000000748927;;;00000000;2014;;;CHEVROLET SAIL
LSGSA58M7FY153032;LSGSA58M7FY153032;000000000000748927;;;00000000;2015;;;CHEVROLET SAIL
LSGSA58M8CY182454;LSGSA58M8CY182454;000000000000748927;;;00000000;2012;;;CHEVROLET SAIL
LSGSA58M9BY165368;LSGSA58M9BY165368;000000000000748927;;;00000000;2011;;;CHEVROLET SAIL
LSGSA58M9BY166584;LSGSA58M9BY166584;000000000000748927;;;00000000;2011;;;CHEVROLET SAIL
LSGSA58M9DY045735;LSGSA58M9DY045735;000000000000748927;;;00000000;2013;;;CHEVROLET SAIL
LSGSA58M9EY022991;LSGSA58M9EY022991;000000000000748927;;;00000000;2014;;;CHEVROLET SAIL
LSGSA58MDY024409;LSGSA58MDY024409;000000000000748927;;;00000000;2014;;;CHEVROLET SAIL
LSGSA58MDY180683;LSGSA58MDY180683;000000000000748927;;;00000000;2014;;;CHEVROLET SAIL
LSGSA58MEY029963;LSGSA58MEY029963;000000000000748927;;;00000000;2013;;;CHEVROLET SAIL
LSGSA58MGCY150313;LSGSA58MGCY150313;000000000000748927;;;00000000;2012;;;CHEVROLET SAIL
LSGSA58MJDY17505;LSGSA58MJDY17505;000000000000748927;;;00000000;2013;;;CHEVROLET SAIL
LSGSA58M7DY180230;LSGSA58M7DY180230;000000000000748927;;;00000000;2013;;;CHEVROLET SAIL
LSGSA58M7FY195880;LSGSA58M7FY195880;000000000000748927;;;00000000;2015;;;CHEVROLET SAIL
LSGSA58M8CY183250;LSGSA58M8CY183250;000000000000748927;;;00000000;2012;;;CHEVROLET SAIL
LSGSA58M9DY047064;LSGSA58M9DY047064;000000000000748927;;;00000000;2013;;;CHEVROLET SAIL
LSGSA58M9DY059506;LSGSA58M9DY059506;000000000000748927;;;00000000;2013;;;CHEVROLET SAIL
LSGSA58MOBY026889;LSGSA58MOBY026889;000000000000748927;;;00000000;2011;;;CHEVROLET SAIL
LSGSA58MOCY044844;LSGSA58MOCY044844;000000000000748927;;;00000000;2012;;;CHEVROLET SAIL
LSGSA58MOCY287196;LSGSA58MOCY287196;000000000000748927;;;00000000;2012;;;CHEVROLET SAIL
LSGSA58MODY023784;LSGSA58MODY023784;000000000000748927;;;00000000;2013;;;CHEVROLET SAIL
LSGSA58MODY10128;LSGSA58MODY10128;000000000000748927;;;00000000;2013;;;CHEVROLET SAIL
LSGSA58MOEY023723;LSGSA58MOEY023723;000000000000748927;;;00000000;2014;;;CHEVROLET SAIL
LSGSA58MSCY264366;LSGSA58MSCY264366;000000000000748927;;;00000000;2012;;;CHEVROLET SAIL
LSGSA58MSCY288201;LSGSA58MSCY288201;000000000000748927;;;00000000;2012;;;CHEVROLET SAIL
LSGSA58MSDY104571;LSGSA58MSDY104571;000000000000748927;;;00000000;2013;;;CHEVROLET SAIL
LSGSA58MSDY1062031;LSGSA58MSDY1062031;000000000000748927;;;00000000;2013;;;CHEVROLET SAIL
LSGSA58MSEY023040;LSGSA58MSEY023040;000000000000748927;;;00000000;2014;;;CHEVROLET SAIL
LSGSA58MSEY029341;LSGSA58MSEY029341;000000000000748927;;;00000000;2014;;;CHEVROLET SAIL
LSGSA58MXCY182925;LSGSA58MXCY182925;000000000000748927;;;00000000;2012;;;CHEVROLET SAIL
LSGSA58MXDY153314;LSGSA58MXDY153314;000000000000748927;;;00000000;2013;;;CHEVROLET SAIL
LSGSA58MXDY155340;LSGSA58MXDY155340;000000000000748927;;;00000000;2013;;;CHEVROLET SAIL
LSSGSA52M7CY311535;LSSGSA52M7CY311535;000000000000748927;;;00000000;2014;;;CHEVROLET SAIL
LSHGD52H8HD307061;LSHGD52H8HD307061;000000000000748927;;;00000000;2017;;;CHEVROLET SAIL
LSHSA52M6FY157355;LSHSA52M6FY157355;000000000000748927;;;00000000;2015;;;CHEVROLET SAIL
LSGHD52H7LD162135;LSGHD52H7LD162135;000000000000748927;;;00000000;2020;;;CHEVROLET SAIL
LSGHD52H4HD254682;LSGHD52H4HD254682;000000000000748927;;;00000000;2017;;;CHEVROLET SAIL
LSGHD52H4LD061246;LSGHD52H4LD061246;000000000000748927;;;00000000;2020;;;CHEVROLET SAIL
LSGHD52HXLD160847;LSGHD52HXLD160847;000000000000748927;;;00000000;2020;;;CHEVROLET SAIL
LSGHD54H3HD217247;LSGHD54H3HD217247;000000000000748927;;;00000000;2017;;;CHEVROLET SAIL
LSGSA52M6GY060755;LSGSA52M6GY060755;000000000000748927;;;00000000;2016;;;CHEVROLET SAIL
LSGHD52H0LD050583;LSGHD52H0LD050583;000000000000748927;;;00000000;2020;;;CHEVROLET SAIL
LSGHD52H0LD152482;LSGHD52H0LD152482;000000000000748927;;;00000000;2020;;;CHEVROLET SAIL
LSGHD52H5MD148333;LSGHD52H5MD148333;000000000000748927;;;00000000;2021;;;CHEVROLET SAIL
LSGHD52H1LD136145;LSGHD52H1LD136145;000000000000748927;;;00000000;2020;;;CHEVROLET SAIL
LSGSA58M7BY118341;LSGSA58M7BY118341;000000000000748927;;;00000000;2011;;;CHEVROLET SAIL
LSGHD52H3MD132857;LSGHD52H3MD132857;000000000000748927;;;00000000;2021;;;CHEVROLET SAIL
LSGSA52M3GY011559;LSGSA52M3GY011559;000000000000748927;;;00000000;2016;;;CHEVROLET SAIL
LSGHD52H8MD132465;LSGHD52H8MD132465;000000000000748927;;;00000000;2021;;;CHEVROLET SAIL
LSGHD52HXMD131690;LSGHD52HXMD131690;000000000000748927;;;00000000;2021;;;CHEVROLET SAIL
LSGHD52H6LD028345;LSGHD52H6LD028345;000000000000748927;;;00000000;2020;;;CHEVROLET SAIL
LSGSA58MXDY174213;LSGSA58MXDY174213;000000000000748927;;;00000000;2013;;;CHEVROLET SAIL
LSGHD52H3ND014230;LSGHD52H3ND014230;000000000000748927;;;00000000;2022;;;CHEVROLET SAIL
LSGSA52M0CY042861;LSGSA52M0CY042861;000000000000748927;;;00000000;2012;;;CHEVROLET SAIL
LSGHD52H4LD109960;LSGHD52H4LD109960;000000000000748927;;;00000000;2020;;;CHEVROLET SAIL
LSGHD52H7ND004767;LSGHD52H7ND004767;000000000000748927;;;00000000;2022;;;CHEVROLET SAIL
LSGXE8357LD145608;LSGXE8357LD145608;000000000000748927;;;00000000;2020;;;CHEVROLET SAIL
LSGHD54H3KD085792;LSGHD54H3KD085792;000000000000748927;;;00000000;2019;;;CHEVROLET SAIL
LSGHD52H4KD085626;LSGHD52H4KD085626;000000000000748927;;;00000000;2019;;;CHEVROLET SAIL
LSGSA58M60Y005659;LSGSA58M60Y005659;000000000000748927;;;00000000;2014;;;CHEVROLET SAIL
LSGHD54HXND000466;LSGHD54HXND000466;000000000000748927;;;00000000;2022;;;CHEVROLET SAIL
LSGHD52H4ND014429;LSGHD52H4ND014429;000000000000748927;;;00000000;2022;;;CHEVROLET SAIL
LSGHD52H1KD023116;LSGHD52H1KD023116;000000000000748927;;;00000000;2019;;;CHEVROLET SAIL
LSGHD52H9ND004608;LSGHD52H9ND004608;000000000000748927;;;00000000;2022;;;CHEVROLET SAIL
LSGHD52H9HD308574;LSGHD52H9HD308574;000000000000748927;;;00000000;2017;;;CHEVROLET SAIL
LSGHD52H3ND004393;LSGHD52H3ND004393;000000000000748927;;;00000000;2022;;;CHEVROLET SAIL
LSGHD52H8LD078471;LSGHD52H8LD078471;000000000000748927;;;00000000;2020;;;CHEVROLET SAIL
LSGHD52H2KD016871;LSGHD52H2KD016871;000000000000748927;;;00000000;2019;;;CHEVROLET SAIL
LSGHD52H0ND046083;LSGHD52H0ND046083;000000000000748927;;;00000000;2022;;;CHEVROLET SAIL
LSGHD54H7JD031118;LSGHD54H7JD031118;000000000000748927;;;00000000;2018;;;CHEVROLET SAIL
LSGHD52H0KD040246;LSGHD52H0KD040246;000000000000748927;;;00000000;2019;;;CHEVROLET SAIL
LSGHD52H0LD194506;LSGHD52H0LD194506;000000000000748927;;;00000000;2020;;;CHEVROLET SAIL
LSGHD52H8HD291752;LSGHD52H8HD291752;000000000000748927;;;00000000;2017;;;CHEVROLET SAIL
LSGSA52MGEY020982;LSGSA52MGEY020982;000000000000748927;;;00000000;2014;;;CHEVROLET SAIL
LSGHD52H7ND000170;LSGHD52H7ND000170;000000000000748927;;;00000000;2022;;;CHEVROLET SAIL
LSGHD52H6MD132609;LSGHD52H6MD132609;000000000000748927;;;00000000;2021;;;CHEVROLET SAIL
LSGHD52H0ND056098;LSGHD52H0ND056098;000000000000748927;;;00000000;2022;;;CHEVROLET SAIL
LSGHD52H2KD076651;LSGHD52H2KD076651;000000000000748927;;;00000000;2019;;;CHEVROLET SAIL
LSGHD52HXLD146155;LSGHD52HXLD146155;000000000000748927;;;00000000;2020;;;CHEVROLET SAIL
LSGSA52M1EY224619;LSGSA52M1EY224619;000000000000748927;;;00000000;2014;;;CHEVROLET SAIL
1SGHD52H2GD251049;1SGHD52H2GD251049;000000000000748927;;;00000000;2016;;;CHEVROLET SAIL
LSGHD52H6ND004534;LSGHD52H6ND004534;000000000000748927;;;00000000;2022;;;CHEVROLET SAIL
LSGHD54H8KD016306;LSGHD54H8KD016306;000000000000748927;;;00000000;2019;;;CHEVROLET SAIL
LSGHD52H5LD195280;LSGHD52H5LD195280;000000000000748927;;;00000000;2020;;;CHEVROLET SAIL
LSGHD52H3LD060279;LSGHD52H3LD060279;000000000000748927;;;00000000;2020;;;CHEVROLET SAIL
LSGHD52H6ND014805;LSGHD52H6ND014805;000000000000748927;;;00000000;2022;;;CHEVROLET SAIL
LSGHD52H1LD162292;LSGHD52H1LD162292;000000000000748927;;;00000000;2020;;;CHEVROLET SAIL
LSGHD52H2ND035618;LSGHD52H2ND035618;000000000000748927;;;00000000;2022;;;CHEVROLET SAIL
LSGHD52H7LD060592;LSGHD52H7LD060592;000000000000748927;;;00000000;2020;;;CHEVROLET SAIL
LSGHD52H0LD139246;LSGHD52H0LD139246;000000000000748927;;;00000000;2020;;;CHEVROLET SAIL
LSGHD52H2ND000626;LSGHD52H2ND000626;000000000000748927;;;00000000;2022;;;CHEVROLET SAIL
LSGSA58M4DY214639;LSGSA58M4DY214639;000000000000748927;;;00000000;2013;;;CHEVROLET SAIL
LSGSA58M5EY155957;LSGSA58M5EY155957;000000000000748927;;;00000000;2014;;;CHEVROLET SAIL
LSGHDS2H2HD258245;LSGHDS2H2HD258245;000000000000748927;;;00000000;2017;;;CHEVROLET SAIL
LSGHD52H7LD097643;LSGHD52H7LD097643;000000000000748927;;;00000000;2020;;;CHEVROLET SAIL
9BGKC48T0KG141912;9BGKC48T0KG141912;000000000000890445;;;00000000;2019;;;CHEVROLET ONIX
LSGHD52H3ND099604;LSGHD52H3ND099604;000000000000748927;;;00000000;2022;;;CHEVROLET SAIL
LSGSA52M4BY001681;LSGSA52M4BY001681;000000000000748927;;;00000000;2011;;;CHEVROLET SAIL
LSGHD52H6LD140989;LSGHD52H6LD140989;000000000000748927;;;00000000;2020;;;CHEVROLET SAIL
LSGHD52H4ND055220;LSGHD52H4ND055220;000000000000748927;;;00000000;2022;;;CHEVROLET SAIL
LSGHD52H3ND000652;LSGHD52H3ND000652;000000000000748927;;;00000000;2022;;;CHEVROLET SAIL
LSGHD52H2ND132107;LSGHD52H2ND132107;000000000000748927;;;00000000;2022;;;CHEVROLET SAIL
LSGSA58M8BY000976;LSGSA58M8BY000976;000000000000748927;;;00000000;2011;;;CHEVROLET SAIL
LSGHD52H2HD196068;LSGHD52H2HD196068;000000000000748927;;;00000000;2017;;;CHEVROLET SAIL
LSGSA52M7DY060095;LSGSA52M7DY060095;000000000000748927;;;00000000;2013;;;CHEVROLET SAIL
LSGHD52H7MD132781;LSGHD52H7MD132781;000000000000748927;;;00000000;2021;;;CHEVROLET SAIL
LSGHD52H7LD136604;LSGHD52H7LD136604;000000000000748927;;;00000000;2020;;;CHEVROLET SAIL
LSGHD52H6LD151872;LSGHD52H6LD151872;000000000000748927;;;00000000;2020;;;CHEVROLET SAIL
LSGHD52H9HD278444;LSGHD52H9HD278444;000000000000748927;;;00000000;2017;;;CHEVROLET SAIL
LSGHD52H5ND056916;LSGHD52H5ND056916;000000000000748927;;;00000000;2022;;;CHEVROLET SAIL
LSGSA58M4GY001016;LSGSA58M4GY001016;000000000000748927;;;00000000;2016;;;CHEVROLET SAIL
LSGSA52M8DY085698;LSGSA52M8DY085698;000000000000748927;;;00000000;2013;;;CHEVROLET SAIL
LSGHD52H9HD176626;LSGHD52H9HD176626;000000000000748927;;;00000000;2017;;;CHEVROLET SAIL
LSGHD52H7ND000718;LSGHD52H7ND000718;000000000000748927;;;00000000;2022;;;CHEVROLET SAIL
LSGHD54H7ND035191;LSGHD54H7ND035191;000000000000748927;;;00000000;2022;;;CHEVROLET SAIL
LSGHD52H5ND129069;LSGHD52H5ND129069;000000000000748927;;;00000000;2022;;;CHEVROLET SAIL
LZWADAGA35F173490;LZWADAGA35F173490;000000000001001086;;;00000000;2005;;;CHEVROLET GROOVE
LSGSA58M8FY155839;LSGSA58M8FY155839;000000000000748927;;;00000000;2015;;;CHEVROLET SAIL
LZWAEAGA3RF982141;LZWAEAGA3RF982141;000000000000748927;;;00000000;2024;;;CHEVROLET SAIL
LZWADAGA25F170161;LZWADAGA25F170161;000000000001001086;;;00000000;2005;;;CHEVROLET GROOVE
LZWAEAGA8RF977548;LZWAEAGA8RF977548;000000000000748927;;;00000000;2024;;;CHEVROLET SAIL
LZWADAGA4RF021275;LZWADAGA4RF021275;000000000000748927;;;00000000;2024;;;CHEVROLET SAIL
3N6BD33B5JK800599;3N6BD33B5JK800599;000000000000748927;;;00000000;2018;;;CHEVROLET SAIL
LZWAEAGA6RF989794;LZWAEAGA6RF989794;000000000000748927;;;00000000;2024;;;CHEVROLET SAIL
LSGSA52M4EY054367;LSGSA52M4EY054367;000000000000748927;;;00000000;2014;;;CHEVROLET SAIL
LSGSA52M4FY172999;LSGSA52M4FY172999;000000000000748927;;;00000000;2015;;;CHEVROLET SAIL
LSGHD52H0ND055950;LSGHD52H0ND055950;000000000000748927;;;00000000;2022;;;CHEVROLET SAIL
