VBELN;POSNR;FKART;FKDAT;RFBSK;FKSTO;SFAKN;VBTYP;ERDAT;MATNR;NETWR;MWSBP;MATKL;SELLER_ID;SELLER_NOMBRE;SELLER_APELLIDO
0900417731;000010;ZSNB;20260302;C;X;;M;20260302;000000000000842579;2434.02;462.46;0103;;;
0900417735;000010;ZSNB;20260302;C;X;;M;20260302;000000000000879214;1806.71;343.27;0034;;;
0900417735;000030;ZSNB;20260302;C;X;;M;20260302;000000000000702529;188.44;35.80;0034;;;
0900417735;000040;ZSNB;20260302;C;X;;M;20260302;000000000000700940;350.81;66.65;0034;;;
0900417735;000050;ZSNB;20260302;C;X;;M;20260302;000000000000700936;420.40;79.88;0034;;;
0900417735;000060;ZSNB;20260302;C;X;;M;20260302;000000000000713481;70.67;13.43;0034;;;
0900417735;000070;ZSNB;20260302;C;X;;M;20260302;000000000000866448;415.54;78.95;0034;;;
0900417735;000080;ZSNB;20260302;C;X;;M;20260302;000000000000858946;341.72;64.93;0034;;;
0900417735;000090;ZSNB;20260302;C;X;;M;20260302;000000000000858954;916.24;174.09;0034;;;
0900417735;000100;ZSNB;20260302;C;X;;M;20260302;000000000000700884;327.57;62.24;0034;;;
0900417741;000010;ZDRP;20260302;C;X;;P;20260302;000000000000704190;106.64;20.26;0034;;;
0900417741;000020;ZDRP;20260302;C;X;;P;20260302;000000000000705627;31.44;5.97;0034;;;
0900417741;000030;ZDRP;20260302;C;X;;P;20260302;000000000000705630;76.94;14.62;0034;;;
0900417741;000040;ZDRP;20260302;C;X;;P;20260302;000000000000724714;3807.66;723.46;0034;;;
0900417741;000050;ZDRP;20260302;C;X;;P;20260302;000000000000728953;11.84;2.25;0034;;;
0900417741;000070;ZDRP;20260302;C;X;;P;20260302;000000000000767206;59.77;11.36;0034;;;
0900417741;000080;ZDRP;20260302;C;X;;P;20260302;000000000000767340;445.23;84.59;0034;;;
0900417741;000090;ZDRP;20260302;C;X;;P;20260302;000000000000821466;2473.26;469.92;0034;;;
0900417741;000100;ZDRP;20260302;C;X;;P;20260302;000000000000850329;19545.76;3713.69;0034;;;
0900417741;000110;ZDRP;20260302;C;X;;P;20260302;000000000000859386;10337.77;1964.18;0034;;;
0900417741;000120;ZDRP;20260302;C;X;;P;20260302;CS38;8398.18;1595.65;0082;;;
0900417741;000130;ZDRP;20260302;C;X;;P;20260302;CS40;3407.04;647.34;0082;;;
0900417741;000140;ZDRP;20260302;C;X;;P;20260302;VARIOS_CAM;3300.00;627.00;0027;;;
0900417741;000150;ZDRP;20260302;C;X;;P;20260302;000000000001057682;407.43;77.41;0024;;;
0900417776;000010;ZDRP;20260228;C;X;;P;20260302;CS08;15167.70;2881.86;0082;;;
0900417776;000020;ZDRP;20260228;C;X;;P;20260302;000000000000164951;634.58;120.57;0103;;;
0900417776;000030;ZDRP;20260228;C;X;;P;20260302;000000000000162956;528.39;100.39;0103;;;
0900417776;000040;ZDRP;20260228;C;X;;P;20260302;000000000000171739;299.99;57.00;0103;;;
0900417776;000050;ZDRP;20260228;C;X;;P;20260302;000000000000735981;601.69;114.32;0005;;;
0900417776;000060;ZDRP;20260228;C;X;;P;20260302;000000000000728202;307.15;58.36;0103;;;
0900417776;000070;ZDRP;20260228;C;X;;P;20260302;000000000000115884;614.30;116.72;0103;;;
0900417776;000080;ZDRP;20260228;C;X;;P;20260302;000000000000159466;89.31;16.97;0103;;;
0900417776;000090;ZDRP;20260228;C;X;;P;20260302;000000000000180624;154.08;29.28;0103;;;
0900417776;000100;ZDRP;20260228;C;X;;P;20260302;CS40;8080.80;1535.35;0082;;;
0900417776;000110;ZDRP;20260228;C;X;;P;20260302;SERV.EXTERNO;12000.00;2280.00;0086;;;
0900417776;000120;ZDRP;20260228;C;X;;P;20260302;000000000000704990;140.06;26.61;0034;;;
0900417776;000130;ZDRP;20260228;C;X;;P;20260302;000000000000177451;47.89;9.10;0103;;;
0900417776;000140;ZDRP;20260228;C;X;;P;20260302;000000000000771134;304.39;57.83;0013;;;
0900417776;000150;ZDRP;20260228;C;X;;P;20260302;000000000000713780;119.58;22.72;0013;;;
0900417776;000160;ZDRP;20260228;C;X;;P;20260302;000000000000713754;183.98;34.96;0013;;;
0900417776;000170;ZDRP;20260228;C;X;;P;20260302;000000000000757231;2079.59;395.12;0013;;;
0900417776;000180;ZDRP;20260228;C;X;;P;20260302;000000000000713746;3473.35;659.94;0013;;;
0900417776;000190;ZDRP;20260228;C;X;;P;20260302;000000000000191358;455.67;86.58;0013;;;
0900417776;000200;ZDRP;20260228;C;X;;P;20260302;000000000000887311;529.41;100.59;0024;;;
0900417776;000210;ZDRP;20260228;C;X;;P;20260302;000000000000114894;648.44;123.20;0310;;;
0900417776;000220;ZDRP;20260228;C;X;;P;20260302;000000000000819909;297.40;56.51;0001;;;
0900417776;000230;ZDRP;20260228;C;X;;P;20260302;000000000000828304;941.25;178.84;0001;;;
0900417776;000240;ZDRP;20260228;C;X;;P;20260302;000000000000819952;259.43;49.29;0001;;;
0900417776;000250;ZDRP;20260228;C;X;;P;20260302;000000000000819951;127.90;24.30;0001;;;
0900417776;000260;ZDRP;20260228;C;X;;P;20260302;000000000000717613;1028.26;195.37;0001;;;
0900417776;000270;ZDRP;20260228;C;X;;P;20260302;000000000000819953;71.19;13.53;0001;;;
0900417776;000280;ZDRP;20260228;C;X;;P;20260302;000000000000772299;1635.66;310.78;0001;;;
0900417776;000290;ZDRP;20260228;C;X;;P;20260302;000000000000772461;32.77;6.23;0001;;;
0900417776;000300;ZDRP;20260228;C;X;;P;20260302;000000000000717614;46.78;8.89;0001;;;
0900417776;000310;ZDRP;20260228;C;X;;P;20260302;000000000000717615;37.06;7.04;0001;;;
0900417776;000320;ZDRP;20260228;C;X;;P;20260302;000000000000735475;327.01;62.13;0001;;;
0900417776;000330;ZDRP;20260228;C;X;;P;20260302;000000000000800753;3353.51;637.17;0001;;;
0900417776;000340;ZDRP;20260228;C;X;;P;20260302;000000000000143944;515.04;97.86;0001;;;
0900417776;000350;ZDRP;20260228;C;X;;P;20260302;000000000000107430;1189.87;226.08;0013;;;
0900417776;000360;ZDRP;20260228;C;X;;P;20260302;000000000000791502;880.00;167.20;0001;;;
0900417776;000370;ZDRP;20260228;C;X;;P;20260302;000000000000791501;2621.96;498.17;0001;;;
0900417776;000380;ZDRP;20260228;C;X;;P;20260302;CS08;7983.00;1516.77;0082;;;
0900417776;000390;ZDRP;20260228;C;X;;P;20260302;000000000000770767;115.29;21.91;0013;;;
0900417776;000400;ZDRP;20260228;C;X;;P;20260302;000000000000733380;1292.80;245.63;0013;;;
0900417776;000410;ZDRP;20260228;C;X;;P;20260302;000000000000717234;376.35;71.51;0013;;;
0900417776;000420;ZDRP;20260228;C;X;;P;20260302;000000000000717233;401.09;76.21;0013;;;
0900417776;000430;ZDRP;20260228;C;X;;P;20260302;000000000000885006;1756.94;333.82;0034;;;
0900417776;000440;ZDRP;20260228;C;X;;P;20260302;SERV.EXTERNO;425.00;80.75;0086;;;
0900417776;000450;ZDRP;20260228;C;X;;P;20260302;VARIOS_MAQ;67.50;12.83;0027;;;
0900417776;000460;ZDRP;20260228;C;X;;P;20260302;MOV0002;1995.21;379.09;0070;;;
0900417776;000470;ZDRP;20260228;C;X;;P;20260302;SERV.EXTERNO;18765.00;3565.35;0086;;;
0900417776;000480;ZDRP;20260228;C;X;;P;20260302;000000000000772367;4906.52;932.24;0013;;;
0900417776;000490;ZDRP;20260228;C;X;;P;20260302;000000000000809800;262.11;49.80;0013;;;
0900417776;000500;ZDRP;20260228;C;X;;P;20260302;CS08;11974.50;2275.16;0082;;;
0900417776;000510;ZDRP;20260228;C;X;;P;20260302;000000000000735982;918.00;174.42;0005;;;
0900417776;000520;ZDRP;20260228;C;X;;P;20260302;000000000000735981;590.86;112.26;0005;;;
0900417776;000530;ZDRP;20260228;C;X;;P;20260302;000000000000180624;154.08;29.28;0103;;;
0900417776;000540;ZDRP;20260228;C;X;;P;20260302;000000000000159466;89.31;16.97;0103;;;
0900417776;000550;ZDRP;20260228;C;X;;P;20260302;000000000000162956;528.39;100.39;0103;;;
0900417776;000560;ZDRP;20260228;C;X;;P;20260302;000000000000164951;634.58;120.57;0103;;;
0900417776;000570;ZDRP;20260228;C;X;;P;20260302;000000000000728202;307.15;58.36;0103;;;
0900417776;000580;ZDRP;20260228;C;X;;P;20260302;000000000000115884;614.30;116.72;0103;;;
0900417776;000590;ZDRP;20260228;C;X;;P;20260302;000000000000171739;299.99;57.00;0103;;;
0900417776;000600;ZDRP;20260228;C;X;;P;20260302;000000000000163175;362.95;68.96;0103;;;
0900417776;000610;ZDRP;20260228;C;X;;P;20260302;000000000000163176;3014.22;572.70;0103;;;
0900417776;000620;ZDRP;20260228;C;X;;P;20260302;000000000000191022;50.70;9.63;0103;;;
0900417776;000630;ZDRP;20260228;C;X;;P;20260302;000000000000163429;5.79;1.10;0103;;;
0900417776;000640;ZDRP;20260228;C;X;;P;20260302;000000000000191779;5.60;1.06;0103;;;
0900417776;000650;ZDRP;20260228;C;X;;P;20260302;000000000000115670;2794.38;530.93;0103;;;
0900417776;000660;ZDRP;20260228;C;X;;P;20260302;000000000000140628;2989.66;568.04;0103;;;
0900417776;000670;ZDRP;20260228;C;X;;P;20260302;000000000000191164;401.35;76.26;0103;;;
0900417776;000680;ZDRP;20260228;C;X;;P;20260302;000000000000852567;87.48;16.62;0103;;;
0900417776;000690;ZDRP;20260228;C;X;;P;20260302;000000000000724349;490.99;93.29;0103;;;
0900417776;000700;ZDRP;20260228;C;X;;P;20260302;000000000000159242;165.31;31.41;0103;;;
0900417776;000710;ZDRP;20260228;C;X;;P;20260302;000000000000160256;19.19;3.65;0103;;;
0900417776;000720;ZDRP;20260228;C;X;;P;20260302;000000000000743842;3725.85;707.91;0103;;;
0900417776;000730;ZDRP;20260228;C;X;;P;20260302;000000000000735982;1836.00;348.84;0005;;;
0900417776;000740;ZDRP;20260228;C;X;;P;20260302;000000000000180624;154.08;29.28;0103;;;
0900417776;000750;ZDRP;20260228;C;X;;P;20260302;000000000000159466;89.31;16.97;0103;;;
0900417776;000760;ZDRP;20260228;C;X;;P;20260302;000000000000162956;528.39;100.39;0103;;;
0900417776;000770;ZDRP;20260228;C;X;;P;20260302;000000000000164951;634.58;120.57;0103;;;
0900417776;000780;ZDRP;20260228;C;X;;P;20260302;000000000000728202;307.15;58.36;0103;;;
0900417776;000790;ZDRP;20260228;C;X;;P;20260302;000000000000115884;614.30;116.72;0103;;;
0900417776;000800;ZDRP;20260228;C;X;;P;20260302;000000000000171739;299.99;57.00;0103;;;
0900417776;000810;ZDRP;20260228;C;X;;P;20260302;CS08;7983.00;1516.77;0082;;;
0900417776;000820;ZDRP;20260228;C;X;;P;20260302;VARIOS_MAQ;45.00;8.55;0027;;;
0900417776;000830;ZDRP;20260228;C;X;;P;20260302;SERV.EXTERNO;473.82;90.03;0086;;;
0900417776;000840;ZDRP;20260228;C;X;;P;20260302;MOV0002;1831.30;347.95;0070;;;
0900417776;000850;ZDRP;20260228;C;X;;P;20260302;000000000000121484;227.57;43.24;0001;;;
0900417776;000860;ZDRP;20260228;C;X;;P;20260302;000000000000145280;228.48;43.41;0001;;;
0900417776;000870;ZDRP;20260228;C;X;;P;20260302;000000000000771459;49.67;9.44;0013;;;
0900417776;000880;ZDRP;20260228;C;X;;P;20260302;000000000000713587;60.10;11.42;0013;;;
0900417776;000890;ZDRP;20260228;C;X;;P;20260302;000000000000799450;59.48;11.30;0013;;;
0900417776;000900;ZDRP;20260228;C;X;;P;20260302;000000000000893069;27.79;5.28;0013;;;
0900417776;000910;ZDRP;20260228;C;X;;P;20260302;000000000000771134;304.39;57.83;0013;;;
0900417776;000920;ZDRP;20260228;C;X;;P;20260302;000000000000713780;119.58;22.72;0013;;;
0900417776;000930;ZDRP;20260228;C;X;;P;20260302;000000000000713754;183.98;34.96;0013;;;
0900417776;000940;ZDRP;20260228;C;X;;P;20260302;000000000000757231;1386.39;263.41;0013;;;
0900417776;000950;ZDRP;20260228;C;X;;P;20260302;000000000000713746;3473.35;659.94;0013;;;
0900417776;000960;ZDRP;20260228;C;X;;P;20260302;CS40;16161.60;3070.70;0082;;;
0900417776;000970;ZDRP;20260228;C;X;;P;20260302;SERV.EXTERNO;1324.96;251.74;0086;;;
0900417776;000980;ZDRP;20260228;C;X;;P;20260302;VARIOS_CAM;45.00;8.55;0027;;;
0900417776;000990;ZDRP;20260228;C;X;;P;20260302;MOV0001;538.94;102.40;0070;;;
0900417776;001000;ZDRP;20260228;C;X;;P;20260302;SERV.EXTERNO;1238.91;235.39;0086;;;
0900417776;001010;ZDRP;20260228;C;X;;P;20260302;CS03;3991.50;758.39;0082;;;
0900417776;001020;ZDRP;20260228;C;X;;P;20260302;000000000000739713;901.34;171.25;0103;;;
0900417776;001030;ZDRP;20260228;C;X;;P;20260302;000000000000733752;2145.63;407.67;0103;;;
0900417776;001040;ZDRP;20260228;C;X;;P;20260302;000000000000755624;497.64;94.55;0013;;;
0900417776;001050;ZDRP;20260228;C;X;;P;20260302;000000000000183563;1168.56;222.03;0005;;;
0900417776;001060;ZDRP;20260228;C;X;;P;20260302;000000000000160256;38.38;7.29;0103;;;
0900417776;001070;ZDRP;20260228;C;X;;P;20260302;000000000000159242;165.31;31.41;0103;;;
0900417776;001080;ZDRP;20260228;C;X;;P;20260302;000000000000163176;3014.22;572.70;0103;;;
0900417776;001090;ZDRP;20260228;C;X;;P;20260302;000000000000743842;3725.85;707.91;0103;;;
0900417776;001100;ZDRP;20260228;C;X;;P;20260302;000000000000735982;918.00;174.42;0005;;;
0900417776;001110;ZDRP;20260228;C;X;;P;20260302;000000000000191545;37.29;7.09;0001;;;
0900417776;001120;ZDRP;20260228;C;X;;P;20260302;000000000000191542;340.35;64.67;0001;;;
0900417776;001130;ZDRP;20260228;C;X;;P;20260302;000000000000109258;212.79;40.43;0001;;;
0900417776;001140;ZDRP;20260228;C;X;;P;20260302;000000000000109255;463.97;88.15;0001;;;
0900417776;001150;ZDRP;20260228;C;X;;P;20260302;000000000000192424;705.98;134.14;0009;;;
0900417776;001160;ZDRP;20260228;C;X;;P;20260302;000000000000169035;649.37;123.38;0001;;;
0900417776;001170;ZDRP;20260228;C;X;;P;20260302;000000000000109259;1263.42;240.05;0001;;;
0900417776;001180;ZDRP;20260228;C;X;;P;20260302;CS08;7983.00;1516.77;0082;;;
0900417776;001190;ZDRP;20260228;C;X;;P;20260302;MOV0002;1616.82;307.20;0070;;;
0900417776;001200;ZDRP;20260228;C;X;;P;20260302;000000000000120150;5.00;0.95;0103;;;
0900417776;001210;ZDRP;20260228;C;X;;P;20260302;000000000000131541;348.20;66.16;0103;;;
0900417776;001220;ZDRP;20260228;C;X;;P;20260302;000000000000154780;282.14;53.61;0103;;;
0900417776;001230;ZDRP;20260228;C;X;;P;20260302;000000000000155728;558.48;106.11;0103;;;
0900417776;001240;ZDRP;20260228;C;X;;P;20260302;000000000000156254;191.69;36.42;0103;;;
0900417776;001250;ZDRP;20260228;C;X;;P;20260302;CS08;132880.97;25247.30;0082;;;
0900417776;001260;ZDRP;20260228;C;X;;P;20260302;MOV0002;863.40;164.05;0070;;;
0900417776;001270;ZDRP;20260228;C;X;;P;20260302;SERV.EXTERNO;275.00;52.25;0086;;;
0900417776;001280;ZDRP;20260228;C;X;;P;20260302;000000000000887311;529.41;100.59;0024;;;
0900417776;001290;ZDRP;20260228;C;X;;P;20260302;CS08;100414.74;19078.80;0082;;;
0900417923;000010;ZSNB;20260302;C;X;;M;20260302;000000000000860043;1051.09;199.71;0034;;;
0900417923;000030;ZSNB;20260302;C;X;;M;20260302;000000000000858999;2194.24;416.90;0034;;;
0900418007;000010;ZDRL;20260228;C;X;;P;20260302;CS54;389.38;73.98;0082;;;
0900418007;000020;ZDRL;20260228;C;X;;P;20260302;VARIOS_LIVIANO;10.62;2.02;0027;;;
0900418066;000010;ZSPP;20260302;C;X;;P;20260302;CS35;2334.15;0.00;0082;;;
0900418066;000020;ZSPP;20260302;C;X;;P;20260302;000000000000717038;67.74;0.00;0013;;;
0900418066;000030;ZSPP;20260302;C;X;;P;20260302;000000000000162133;676.64;0.00;0013;;;
0900418066;000040;ZSPP;20260302;C;X;;P;20260302;000000000000865928;1495.82;0.00;0013;;;
0900418066;000050;ZSPP;20260302;C;X;;P;20260302;000000000000835318;239.28;0.00;0013;;;
0900418066;000060;ZSPP;20260302;C;X;;P;20260302;000000000000760932;91.98;0.00;0083;;;
0900418066;000070;ZSPP;20260302;C;X;;P;20260302;000000000000600044;1483.33;0.00;0083;;;
0900418066;000080;ZSPP;20260302;C;X;;P;20260302;000000000000856101;197.60;0.00;0027;;;
0900418066;000090;ZSPP;20260302;C;X;;P;20260302;000000000000993585;1553.14;0.00;0013;;;
0900418066;000100;ZSPP;20260302;C;X;;P;20260302;000000000000947517;459.24;0.00;0013;;;
0900418066;000110;ZSPP;20260302;C;X;;P;20260302;VARIOS_CAM;147.42;0.00;0027;;;
0900418163;000010;ZDBE;20260228;C;X;;P;20260302;DEDUCIBLE;3337.82;634.19;0085;;;
0900418252;000010;ZDRP;20260227;C;X;;P;20260302;SERV.EXTERNO;0.00;0.00;0086;;;
0900418252;000020;ZDRP;20260227;C;X;;P;20260302;CS38;0.00;0.00;0082;;;
0900418272;000010;ZDML;20260302;C;X;;P;20260302;CS54;3250.00;617.50;0082;;;
0900418272;000020;ZDML;20260302;C;X;;P;20260302;000000000000006478;200.00;38.00;0027;;;
0900418272;000030;ZDML;20260302;C;X;;P;20260302;000000000000969811;55.08;10.47;0029;;;
0900418272;000040;ZDML;20260302;C;X;;P;20260302;000000000000897455;1546.22;293.78;0083;;;
0900418272;000050;ZDML;20260302;C;X;;P;20260302;000000000000819715;839.20;159.45;0200;;;
0900418272;000060;ZDML;20260302;C;X;;P;20260302;000000000000727966;505.70;96.08;0200;;;
0900418272;000070;ZDML;20260302;C;X;;P;20260302;000000000000819717;376.99;71.63;0200;;;
0900418272;000080;ZDML;20260302;C;X;;P;20260302;000000000000819713;222.92;42.35;0200;;;
0900418272;000090;ZDML;20260302;C;X;;P;20260302;000000000000819716;476.33;90.50;0200;;;
0900418272;000100;ZDML;20260302;C;X;;P;20260302;VARIOS_LIVIANO;1.00;0.19;0027;;;
0900418565;000010;ZSNB;20260302;C;X;;M;20260302;000000000000732913;37717.44;7166.31;0015;;;
0900418565;000020;ZSNB;20260302;C;X;;M;20260302;000000000000829292;23573.40;4478.95;0015;;;
0900418709;000010;ZSNB;20260302;C;X;;M;20260302;000000000000925197;2160.00;410.40;0005;;;
0900418715;000010;ZDGR;20260227;E;X;;P;20260302;CS54;742.86;141.14;0082;;;
0900418715;000020;ZDGR;20260227;E;X;;P;20260302;000000000000944662;4827.90;917.30;0003;;;
0900418715;000030;ZDGR;20260227;E;X;;P;20260302;000000000000948327;455.92;86.62;0003;;;
0900418715;000040;ZDGR;20260227;E;X;;P;20260302;000000000000967817;745.13;141.57;0003;;;
0900418715;000050;ZDGR;20260227;E;X;;P;20260302;000000000000967090;589.32;111.97;0003;;;
0900418715;000060;ZDGR;20260227;E;X;;P;20260302;VARIOS_LIVIANO;15.55;2.95;0027;;;
0900418715;000070;ZDGR;20260227;E;X;;P;20260302;CS54;168.85;32.08;0082;;;
0900418715;000080;ZDGR;20260227;E;X;;P;20260302;000000000000964985;1153.15;219.10;0003;;;
0900418715;000090;ZDGR;20260227;E;X;;P;20260302;CS54;108.16;20.55;0082;;;
0900418715;000100;ZDGR;20260227;E;X;;P;20260302;CS54;50.60;9.61;0082;;;
0900418715;000110;ZDGR;20260227;E;X;;P;20260302;000000000000923104;276.24;52.49;0003;;;
0900418715;000120;ZDGR;20260227;E;X;;P;20260302;CS54;566.97;107.72;0082;;;
0900418715;000130;ZDGR;20260227;E;X;;P;20260302;000000000001064939;833.91;158.44;0024;;;
0900418715;000140;ZDGR;20260227;E;X;;P;20260302;000000000000993569;7450.71;1415.66;0003;;;
0900418715;000150;ZDGR;20260227;E;X;;P;20260302;CS54;371.43;70.57;0082;;;
0900418715;000160;ZDGR;20260227;E;X;;P;20260302;000000000001051573;842.32;160.04;0083;;;
0900418715;000170;ZDGR;20260227;E;X;;P;20260302;000000000001046724;188.88;35.89;0003;;;
0900418715;000180;ZDGR;20260227;E;X;;P;20260302;000000000001046774;88.14;16.75;0003;;;
0900418715;000190;ZDGR;20260227;E;X;;P;20260302;VARIOS_LIVIANO;244.51;46.46;0027;;;
0900418715;000200;ZDGR;20260227;E;X;;P;20260302;CS54;0.00;0.00;0082;;;
0900418715;000210;ZDGR;20260227;E;X;;P;20260302;000000000000925645;1182.08;224.60;0083;;;
0900418715;000220;ZDGR;20260227;E;X;;P;20260302;000000000000006478;200.00;38.00;0027;;;
0900418715;000230;ZDGR;20260227;E;X;;P;20260302;000000000000203538;35.00;6.65;0024;;;
0900418715;000240;ZDGR;20260227;E;X;;P;20260302;000000000000852710;135.13;25.67;0003;;;
0900418715;000250;ZDGR;20260227;E;X;;P;20260302;000000000000931088;139.43;26.49;0003;;;
0900418751;000010;ZSNB;20260302;C;X;;M;20260302;000000000000965018;780.93;148.38;0016;;;
0900418808;000010;ZNCA;20260302;C;X;;O;20260302;000000000000003260;1800.00;342.00;0028;;;
0900418859;000010;ZDRL;20260228;C;X;;P;20260302;I330082_SL;11255.29;2138.51;0035;;;
0900418859;000020;ZDRL;20260228;C;X;;P;20260302;I320082_SL;4104.00;779.76;0036;;;
0900418859;000030;ZDRL;20260228;C;X;;P;20260302;000000000000958006;396.17;75.27;0003;;;
0900418859;000040;ZDRL;20260228;C;X;;P;20260302;000000000001015814;5008.02;951.52;0003;;;
0900418859;000050;ZDRL;20260228;C;X;;P;20260302;000000000000930424;396.17;75.27;0003;;;
0900418859;000060;ZDRL;20260228;C;X;;P;20260302;000000000001004080;812.45;154.37;0003;;;
0900418859;000070;ZDRL;20260228;C;X;;P;20260302;000000000001018323;653.94;124.25;0003;;;
0900418859;000080;ZDRL;20260228;C;X;;P;20260302;000000000000925987;227.75;43.27;0003;;;
0900418859;000090;ZDRL;20260228;C;X;;P;20260302;000000000000925988;227.75;43.27;0003;;;
0900418859;000100;ZDRL;20260228;C;X;;P;20260302;000000000001006678;1632.51;310.18;0003;;;
0900418859;000110;ZDRL;20260228;C;X;;P;20260302;000000000000954333;386.42;73.42;0003;;;
0900418859;000120;ZDRL;20260228;C;X;;P;20260302;000000000000925161;568.62;108.04;0003;;;
0900418859;000130;ZDRL;20260228;C;X;;P;20260302;000000000000998685;2660.34;505.46;0003;;;
0900418859;000140;ZDRL;20260228;C;X;;P;20260302;000000000001012885;4893.95;929.85;0003;;;
0900418859;000150;ZDRL;20260228;C;X;;P;20260302;000000000001018277;2688.42;510.80;0003;;;
0900418859;000160;ZDRL;20260228;C;X;;P;20260302;000000000001006674;2141.61;406.91;0003;;;
0900418859;000170;ZDRL;20260228;C;X;;P;20260302;000000000001018584;12202.99;2318.57;0200;;;
0900418859;000180;ZDRL;20260228;C;X;;P;20260302;000000000000999149;1908.38;362.59;0003;;;
0900418859;000190;ZDRL;20260228;C;X;;P;20260302;CS54;1240.01;235.60;0082;;;
0900418859;000200;ZDRL;20260228;C;X;;P;20260302;DEDUCIBLE;-3318.98;-630.61;0085;;;
0900418910;000010;ZBEN;20260302;C;X;;M;20260302;000000000000117971;164.50;31.26;0200;;;
0900418910;000020;ZBEN;20260302;C;X;;M;20260302;000000000000111725;99.62;18.93;0200;;;
0900418910;000030;ZBEN;20260302;C;X;;M;20260302;000000000000730574;233.04;44.27;0200;;;
0900418948;000010;ZDML;20260302;C;X;;P;20260302;000000000000897419;483.15;91.80;0083;;;
0900418948;000020;ZDML;20260302;C;X;;P;20260302;000000000001033702;93.26;17.72;0083;;;
0900418948;000030;ZDML;20260302;C;X;;P;20260302;000000000000911999;55.12;10.47;0083;;;
0900418948;000040;ZDML;20260302;C;X;;P;20260302;000000000000999250;32.17;6.11;0083;;;
0900418948;000050;ZDML;20260302;C;X;;P;20260302;000000000000751439;94.97;18.04;0003;;;
0900418948;000060;ZDML;20260302;C;X;;P;20260302;000000000000751914;54.98;10.45;0251;;;
0900418948;000070;ZDML;20260302;C;X;;P;20260302;CS51;394.40;74.94;0082;;;
0900418948;000080;ZDML;20260302;C;X;;P;20260302;VARIOS_LIVIANO;100.00;19.00;0027;;;
0900418949;000010;ZDML;20260302;C;X;;P;20260302;000000000000969811;16.52;3.14;0029;;;
0900418949;000020;ZDML;20260302;C;X;;P;20260302;000000000000207950;20.05;3.81;0010;;;
0900418949;000030;ZDML;20260302;C;X;;P;20260302;000000000000965127;92.63;17.60;0010;;;
0900418949;000040;ZDML;20260302;C;X;;P;20260302;CS54;1000.00;190.00;0082;;;
0900418949;000050;ZDML;20260302;C;X;;P;20260302;000000000000826462;586.53;111.44;0083;;;
0900418949;000060;ZDML;20260302;C;X;;P;20260302;VARIOS_LIVIANO;212.77;40.43;0027;;;
0900419003;000010;ZSNB;20260302;C;X;;M;20260302;000000000001026582;3476.47;660.53;0097;;;
0900419102;000010;ZSNB;20260302;C;X;;M;20260302;000000000000746529;16986.02;3227.34;0103;;;
0900419102;000020;ZSNB;20260302;C;X;;M;20260302;000000000000746529;5662.01;1075.78;0103;;;
0900419102;000030;ZSNB;20260302;C;X;;M;20260302;000000000000734849;378.40;71.90;0103;;;
0900419102;000040;ZSNB;20260302;C;X;;M;20260302;000000000000195180;82.80;15.73;0103;;;
0900419102;000050;ZSNB;20260302;C;X;;M;20260302;000000000000159720;41.40;7.87;0103;;;
0900419102;000070;ZSNB;20260302;C;X;;M;20260302;000000000000154841;4.92;0.93;0103;;;
0900419111;000020;ZDRP;20260302;C;X;;P;20260302;000000000000006102;1425.01;270.75;0027;;;
0900419115;000020;ZDRP;20260302;C;X;;P;20260302;000000000000006102;1894.30;359.92;0027;;;
0900419118;000020;ZDRP;20260302;C;X;;P;20260302;000000000000006102;1713.91;325.64;0027;;;
0900419120;000020;ZDRP;20260302;C;X;;P;20260302;000000000000006102;1649.28;313.36;0027;;;
0900419123;000020;ZDRP;20260302;C;X;;P;20260302;000000000000006102;1511.08;287.11;0027;;;
0900419125;000020;ZDRP;20260302;C;X;;P;20260302;000000000000006102;1512.77;287.43;0027;;;
0900419128;000020;ZDRP;20260302;C;X;;P;20260302;000000000000006102;1663.98;316.16;0027;;;
0900419132;000020;ZDRP;20260302;C;X;;P;20260302;000000000000006102;912.68;173.41;0027;;;
0900419136;000020;ZDRP;20260302;C;X;;P;20260302;000000000000006102;1873.41;355.95;0027;;;
0900419140;000020;ZDRP;20260302;C;X;;P;20260302;000000000000006102;1040.25;197.65;0027;;;
0900419149;000020;ZDRP;20260302;C;X;;P;20260302;000000000000006102;1908.55;362.62;0027;;;
0900419152;000020;ZDRP;20260302;C;X;;P;20260302;000000000000006102;1244.74;236.50;0027;;;
0900419157;000020;ZDRP;20260302;C;X;;P;20260302;000000000000006102;1207.25;229.38;0027;;;
0900419161;000020;ZDRP;20260302;C;X;;P;20260302;000000000000006102;1744.71;331.49;0027;;;
0900419167;000020;ZDRP;20260302;C;X;;P;20260302;000000000000006102;2317.92;440.40;0027;;;
0900419244;000010;ZDML;20260302;C;X;;P;20260302;000000000000826462;586.53;111.44;0083;;;
0900419244;000020;ZDML;20260302;C;X;;P;20260302;000000000000969811;16.52;3.14;0029;;;
0900419244;000030;ZDML;20260302;C;X;;P;20260302;000000000000207950;20.05;3.81;0010;;;
0900419244;000040;ZDML;20260302;C;X;;P;20260302;000000000000965127;92.63;17.60;0010;;;
0900419244;000050;ZDML;20260302;C;X;;P;20260302;CS54;1100.02;209.00;0082;;;
0900419244;000060;ZDML;20260302;C;X;;P;20260302;VARIOS_LIVIANO;612.74;116.42;0027;;;
0900419460;000010;ZSNB;20260302;C;X;;M;20260302;000000000000154737;3324.72;631.70;0103;;;
0900419460;000020;ZSNB;20260302;C;X;;M;20260302;000000000000159242;181.44;34.47;0103;;;
0900419460;000030;ZSNB;20260302;C;X;;M;20260302;000000000000154737;1108.24;210.57;0103;;;
0900419547;000010;ZDBE;20260302;C;X;;P;20260302;000000000000006478;200.00;38.00;0027;;;
0900419547;000020;ZDBE;20260302;C;X;;P;20260302;000000000000897419;828.24;157.37;0083;;;
0900419547;000030;ZDBE;20260302;C;X;;P;20260302;000000000001033702;93.26;17.72;0083;;;
0900419547;000040;ZDBE;20260302;C;X;;P;20260302;000000000000911999;55.12;10.47;0083;;;
0900419547;000050;ZDBE;20260302;C;X;;P;20260302;000000000000999250;32.17;6.11;0083;;;
0900419547;000060;ZDBE;20260302;C;X;;P;20260302;000000000000852710;225.22;42.79;0003;;;
0900419547;000070;ZDBE;20260302;C;X;;P;20260302;000000000000772415;199.25;37.86;0003;;;
0900419547;000080;ZDBE;20260302;C;X;;P;20260302;000000000000806839;196.91;37.41;0251;;;
0900419547;000090;ZDBE;20260302;C;X;;P;20260302;CS51;1725.50;327.85;0082;;;
0900419568;000010;ZSNB;20260302;C;X;;M;20260302;000000000000113994;11385.23;2163.19;0013;;;
0900419568;000020;ZSNB;20260302;C;X;;M;20260302;000000000000103362;3451.08;655.71;0013;;;
0900419568;000030;ZSNB;20260302;C;X;;M;20260302;000000000000104915;6878.86;1306.98;0013;;;
0900419568;000040;ZSNB;20260302;C;X;;M;20260302;000000000000162690;1275.62;242.37;0013;;;
0900419568;000050;ZSNB;20260302;C;X;;M;20260302;000000000000116325;370.41;70.38;0013;;;
0900419568;000060;ZSNB;20260302;C;X;;M;20260302;000000000000743695;6122.80;1163.33;0013;;;
0900419568;000070;ZSNB;20260302;C;X;;M;20260302;000000000000138644;89.63;17.03;0013;;;
0900419568;000080;ZSNB;20260302;C;X;;M;20260302;000000000000127214;1316.79;250.19;0013;;;
0900419568;000090;ZSNB;20260302;C;X;;M;20260302;000000000000153383;5430.77;1031.85;0013;;;
0900419568;000100;ZSNB;20260302;C;X;;M;20260302;000000000000117461;3362.43;638.86;0013;;;
0900419568;000110;ZSNB;20260302;C;X;;M;20260302;000000000000713746;3473.35;659.94;0013;;;
0900419568;000120;ZSNB;20260302;C;X;;M;20260302;000000000000701153;12144.25;2307.40;0013;;;
0900419568;000130;ZSNB;20260302;C;X;;M;20260302;000000000000743919;1332.97;253.26;0013;;;
0900419568;000140;ZSNB;20260302;C;X;;M;20260302;000000000000720664;3315.69;629.98;0013;;;
0900419568;000150;ZSNB;20260302;C;X;;M;20260302;000000000000138645;85.82;16.31;0013;;;
0900419568;000160;ZSNB;20260302;C;X;;M;20260302;000000000000198592;5759.85;1094.37;0276;;;
0900419568;000170;ZSNB;20260302;C;X;;M;20260302;000000000000120292;18.65;3.54;0310;;;
0900419568;000180;ZSNB;20260302;C;X;;M;20260302;000000000000176833;1519.56;288.72;0013;;;
0900419594;000010;ZSNB;20260303;C;X;;M;20260303;000000000000113994;11385.23;2163.19;0013;;;
0900419594;000020;ZSNB;20260303;C;X;;M;20260303;000000000000103362;3451.08;655.71;0013;;;
0900419594;000030;ZSNB;20260303;C;X;;M;20260303;000000000000104915;6878.86;1306.98;0013;;;
0900419594;000040;ZSNB;20260303;C;X;;M;20260303;000000000000162690;1275.62;242.37;0013;;;
0900419594;000050;ZSNB;20260303;C;X;;M;20260303;000000000000116325;370.41;70.38;0013;;;
0900419594;000060;ZSNB;20260303;C;X;;M;20260303;000000000000743695;6122.80;1163.33;0013;;;
0900419594;000070;ZSNB;20260303;C;X;;M;20260303;000000000000138644;89.63;17.03;0013;;;
0900419594;000080;ZSNB;20260303;C;X;;M;20260303;000000000000127214;1316.79;250.19;0013;;;
0900419594;000090;ZSNB;20260303;C;X;;M;20260303;000000000000153383;5430.77;1031.85;0013;;;
0900419594;000100;ZSNB;20260303;C;X;;M;20260303;000000000000117461;3362.43;638.86;0013;;;
0900419594;000110;ZSNB;20260303;C;X;;M;20260303;000000000000713746;3473.35;659.94;0013;;;
0900419594;000120;ZSNB;20260303;C;X;;M;20260303;000000000000701153;12144.25;2307.40;0013;;;
0900419594;000130;ZSNB;20260303;C;X;;M;20260303;000000000000743919;1332.97;253.26;0013;;;
0900419594;000140;ZSNB;20260303;C;X;;M;20260303;000000000000720664;3315.69;629.98;0013;;;
0900419594;000150;ZSNB;20260303;C;X;;M;20260303;000000000000138645;85.82;16.31;0013;;;
0900419594;000160;ZSNB;20260303;C;X;;M;20260303;000000000000198592;5759.85;1094.37;0276;;;
0900419594;000170;ZSNB;20260303;C;X;;M;20260303;000000000000120292;18.65;3.54;0310;;;
0900419594;000180;ZSNB;20260303;C;X;;M;20260303;000000000000176833;1519.56;288.72;0013;;;
0900419684;000010;ZSNB;20260303;C;X;;M;20260303;000000000000814961;1286.66;244.47;0019;;;
0900419829;000010;ZSNB;20260303;C;X;;M;20260303;000000000001009248;1665.77;316.50;0276;;;
0900419829;000020;ZSNB;20260303;C;X;;M;20260303;000000000000701142;6931.47;1316.98;0013;;;
0900419908;000020;ZSNB;20260303;C;X;;M;20260303;000000000000169035;649.37;123.38;0001;;;
0900419908;000060;ZSNB;20260303;C;X;;M;20260303;000000000000930974;48.72;9.26;0001;;;
0900419908;000070;ZSNB;20260303;C;X;;M;20260303;000000000000801580;437.36;83.10;0001;;;
0900420004;000010;ZDML;20260303;C;X;;P;20260303;CS54;3189.99;606.10;0082;;;
0900420004;000020;ZDML;20260303;C;X;;P;20260303;SERV.EXTERNO;360.00;68.40;0086;;;
0900420004;000030;ZDML;20260303;C;X;;P;20260303;000000000000999250;32.17;6.11;0083;;;
0900420004;000040;ZDML;20260303;C;X;;P;20260303;000000000000874008;934.38;177.53;0083;;;
0900420004;000050;ZDML;20260303;C;X;;P;20260303;000000000000898055;1435.56;272.76;0003;;;
0900420004;000060;ZDML;20260303;C;X;;P;20260303;000000000000765309;89.94;17.09;0051;;;
0900420004;000070;ZDML;20260303;C;X;;P;20260303;000000000000875325;428.41;81.40;0003;;;
0900420004;000080;ZDML;20260303;C;X;;P;20260303;000000000000887368;465.25;88.40;0003;;;
0900420004;000090;ZDML;20260303;C;X;;P;20260303;000000000000878529;386.85;73.50;0003;;;
0900420004;000100;ZDML;20260303;C;X;;P;20260303;000000000000945252;531.60;101.00;0024;;;
0900420052;000010;ZSNB;20260303;C;X;;M;20260303;000000000000927121;5186.21;985.38;0200;;;
0900420121;000010;ZSNB;20260303;C;X;;M;20260303;000000000000904064;152.78;29.03;0251;;;
0900420121;000020;ZSNB;20260303;C;X;;M;20260303;000000000000921720;138.72;26.36;0251;;;
0900420121;000030;ZSNB;20260303;C;X;;M;20260303;000000000000894678;340.69;64.73;0251;;;
0900420121;000040;ZSNB;20260303;C;X;;M;20260303;000000000000894679;261.35;49.66;0251;;;
0900420121;000050;ZSNB;20260303;C;X;;M;20260303;000000000000894677;81.33;15.45;0251;;;
0900420234;000010;ZNF1;20260303;C;X;;O;20260303;000000000000852710;225.22;42.79;0003;;;
0900420234;000020;ZNF1;20260303;C;X;;O;20260303;000000000000936548;183.05;34.78;0003;;;
0900420234;000030;ZNF1;20260303;C;X;;O;20260303;000000000000999250;32.17;6.11;0083;;;
0900420234;000040;ZNF1;20260303;C;X;;O;20260303;000000000001033702;93.26;17.72;0083;;;
0900420234;000050;ZNF1;20260303;C;X;;O;20260303;000000000000897419;649.60;123.42;0083;;;
0900420234;000060;ZNF1;20260303;C;X;;O;20260303;CS51;961.54;182.69;0082;;;
0900420234;000070;ZNF1;20260303;C;X;;O;20260303;000000000000911999;55.12;10.47;0083;;;
0900420234;000080;ZNF1;20260303;C;X;;O;20260303;000000000000936548;183.05;34.78;0003;;;
0900420234;000090;ZNF1;20260303;C;X;;O;20260303;000000000000936549;173.37;32.94;0003;;;
0900420234;000100;ZNF1;20260303;C;X;;O;20260303;000000000000999250;32.17;6.11;0083;;;
0900420234;000110;ZNF1;20260303;C;X;;O;20260303;000000000001033702;93.26;17.72;0083;;;
0900420234;000120;ZNF1;20260303;C;X;;O;20260303;000000000000897419;487.20;92.57;0083;;;
0900420234;000130;ZNF1;20260303;C;X;;O;20260303;CS51;782.69;148.71;0082;;;
0900420234;000140;ZNF1;20260303;C;X;;O;20260303;000000000000884389;517.84;98.39;0083;;;
0900420234;000150;ZNF1;20260303;C;X;;O;20260303;000000000000751914;54.98;10.45;0251;;;
0900420234;000160;ZNF1;20260303;C;X;;O;20260303;000000000000897419;487.20;92.57;0083;;;
0900420234;000170;ZNF1;20260303;C;X;;O;20260303;000000000000969811;55.08;10.47;0029;;;
0900420234;000180;ZNF1;20260303;C;X;;O;20260303;000000000000999250;32.17;6.11;0083;;;
0900420234;000190;ZNF1;20260303;C;X;;O;20260303;CS51;177.89;33.80;0082;;;
0900420234;000200;ZNF1;20260303;C;X;;O;20260303;000000000000884389;470.76;89.44;0083;;;
0900420234;000210;ZNF1;20260303;C;X;;O;20260303;000000000000929924;274.95;52.24;0003;;;
0900420234;000220;ZNF1;20260303;C;X;;O;20260303;000000000000929923;262.03;49.79;0003;;;
0900420234;000230;ZNF1;20260303;C;X;;O;20260303;000000000000741499;62.58;11.89;0003;;;
0900420234;000240;ZNF1;20260303;C;X;;O;20260303;000000000000969811;55.08;10.47;0029;;;
0900420234;000250;ZNF1;20260303;C;X;;O;20260303;000000000000999250;32.17;6.11;0083;;;
0900420234;000260;ZNF1;20260303;C;X;;O;20260303;000000000000897419;487.20;92.57;0083;;;
0900420234;000270;ZNF1;20260303;C;X;;O;20260303;CS51;721.15;137.02;0082;;;
0900420234;000280;ZNF1;20260303;C;X;;O;20260303;000000000000927327;34.65;6.58;0251;;;
0900420234;000290;ZNF1;20260303;C;X;;O;20260303;000000000000969811;55.08;10.47;0029;;;
0900420234;000300;ZNF1;20260303;C;X;;O;20260303;000000000000999250;32.17;6.11;0083;;;
0900420234;000310;ZNF1;20260303;C;X;;O;20260303;000000000000897419;487.20;92.57;0083;;;
0900420234;000320;ZNF1;20260303;C;X;;O;20260303;CS51;640.39;121.67;0082;;;
0900420234;000330;ZNF1;20260303;C;X;;O;20260303;000000000000853837;238.68;45.35;0003;;;
0900420234;000340;ZNF1;20260303;C;X;;O;20260303;000000000001046774;154.63;29.38;0003;;;
0900420234;000350;ZNF1;20260303;C;X;;O;20260303;000000000000006478;184.79;35.11;0027;;;
0900420234;000360;ZNF1;20260303;C;X;;O;20260303;000000000000969811;55.08;10.47;0029;;;
0900420234;000370;ZNF1;20260303;C;X;;O;20260303;000000000000999250;32.17;6.11;0083;;;
0900420234;000380;ZNF1;20260303;C;X;;O;20260303;000000000000925645;1016.16;193.07;0083;;;
0900420234;000390;ZNF1;20260303;C;X;;O;20260303;CS51;1636.54;310.94;0082;;;
0900420234;000400;ZNF1;20260303;C;X;;O;20260303;000000000001031525;383.25;72.82;0251;;;
0900420234;000410;ZNF1;20260303;C;X;;O;20260303;000000000001046774;154.63;29.38;0003;;;
0900420234;000420;ZNF1;20260303;C;X;;O;20260303;000000000000006478;184.79;35.11;0027;;;
0900420234;000430;ZNF1;20260303;C;X;;O;20260303;000000000000925645;1016.16;193.07;0083;;;
0900420234;000440;ZNF1;20260303;C;X;;O;20260303;000000000000969811;55.08;10.47;0029;;;
0900420234;000450;ZNF1;20260303;C;X;;O;20260303;000000000000999250;32.17;6.11;0083;;;
0900420234;000460;ZNF1;20260303;C;X;;O;20260303;CS51;1458.66;277.15;0082;;;
0900420234;000470;ZNF1;20260303;C;X;;O;20260303;000000000000911996;63.50;12.07;0083;;;
0900420234;000480;ZNF1;20260303;C;X;;O;20260303;000000000000763984;342.75;65.12;0251;;;
0900420234;000490;ZNF1;20260303;C;X;;O;20260303;000000000000933909;213.97;40.65;0003;;;
0900420234;000500;ZNF1;20260303;C;X;;O;20260303;000000000000006478;184.79;35.11;0027;;;
0900420234;000510;ZNF1;20260303;C;X;;O;20260303;000000000000943801;1942.50;369.08;0083;;;
0900420234;000520;ZNF1;20260303;C;X;;O;20260303;000000000000969811;46.82;8.90;0029;;;
0900420234;000530;ZNF1;20260303;C;X;;O;20260303;000000000000999250;27.35;5.20;0083;;;
0900420234;000540;ZNF1;20260303;C;X;;O;20260303;CS51;1209.62;229.83;0082;;;
0900420234;000550;ZNF1;20260303;C;X;;O;20260303;000000000000884389;517.84;98.39;0083;;;
0900420234;000560;ZNF1;20260303;C;X;;O;20260303;000000000000751914;54.98;10.45;0251;;;
0900420234;000570;ZNF1;20260303;C;X;;O;20260303;000000000000969811;55.08;10.47;0029;;;
0900420234;000580;ZNF1;20260303;C;X;;O;20260303;000000000000999250;32.17;6.11;0083;;;
0900420234;000590;ZNF1;20260303;C;X;;O;20260303;000000000000897419;649.60;123.42;0083;;;
0900420234;000600;ZNF1;20260303;C;X;;O;20260303;CS51;384.62;73.08;0082;;;
0900420234;000610;ZNF1;20260303;C;X;;O;20260303;VARIOS_LIVIANO;57.74;10.97;0027;;;
0900420234;000620;ZNF1;20260303;C;X;;O;20260303;000000000000853837;238.68;45.35;0003;;;
0900420234;000630;ZNF1;20260303;C;X;;O;20260303;000000000000936548;183.05;34.78;0003;;;
0900420234;000640;ZNF1;20260303;C;X;;O;20260303;000000000000969811;55.08;10.47;0029;;;
0900420234;000650;ZNF1;20260303;C;X;;O;20260303;000000000000999250;32.17;6.11;0083;;;
0900420234;000660;ZNF1;20260303;C;X;;O;20260303;000000000000897419;649.60;123.42;0083;;;
0900420234;000670;ZNF1;20260303;C;X;;O;20260303;CS51;826.92;157.11;0082;;;
0900420234;000770;ZNF1;20260303;C;X;;O;20260303;000000000000763984;291.34;55.35;0251;;;
0900420234;000780;ZNF1;20260303;C;X;;O;20260303;000000000001046774;154.63;29.38;0003;;;
0900420234;000790;ZNF1;20260303;C;X;;O;20260303;000000000000006478;184.79;35.11;0027;;;
0900420234;000800;ZNF1;20260303;C;X;;O;20260303;000000000000969811;55.08;10.47;0029;;;
0900420234;000810;ZNF1;20260303;C;X;;O;20260303;000000000000999250;32.17;6.11;0083;;;
0900420234;000820;ZNF1;20260303;C;X;;O;20260303;000000000000925645;1354.88;257.43;0083;;;
0900420234;000830;ZNF1;20260303;C;X;;O;20260303;CS51;2019.23;383.61;0082;;;
0900420234;000840;ZNF1;20260303;C;X;;O;20260303;VARIOS_LIVIANO;60.00;11.40;0027;;;
0900420234;000850;ZNF1;20260303;C;X;;O;20260303;000000000001031525;383.25;72.82;0251;;;
0900420234;000860;ZNF1;20260303;C;X;;O;20260303;000000000000806839;207.27;39.38;0251;;;
0900420234;000870;ZNF1;20260303;C;X;;O;20260303;000000000000006478;184.79;35.11;0027;;;
0900420234;000880;ZNF1;20260303;C;X;;O;20260303;000000000000925645;1354.88;257.43;0083;;;
0900420234;000890;ZNF1;20260303;C;X;;O;20260303;000000000000969811;55.08;10.47;0029;;;
0900420234;000900;ZNF1;20260303;C;X;;O;20260303;000000000000999250;32.17;6.11;0083;;;
0900420234;000910;ZNF1;20260303;C;X;;O;20260303;CS51;1826.93;347.12;0082;;;
0900420234;000920;ZNF1;20260303;C;X;;O;20260303;000000000000936548;183.05;34.78;0003;;;
0900420234;000930;ZNF1;20260303;C;X;;O;20260303;000000000000969811;55.08;10.47;0029;;;
0900420234;000940;ZNF1;20260303;C;X;;O;20260303;000000000000999250;32.17;6.11;0083;;;
0900420234;000950;ZNF1;20260303;C;X;;O;20260303;000000000000897419;649.60;123.42;0083;;;
0900420234;000960;ZNF1;20260303;C;X;;O;20260303;CS51;961.54;182.69;0082;;;
0900420234;000970;ZNF1;20260303;C;X;;O;20260303;000000000000942452;142.92;27.15;0003;;;
0900420234;000980;ZNF1;20260303;C;X;;O;20260303;000000000001051150;75.00;14.25;0029;;;
0900420234;000990;ZNF1;20260303;C;X;;O;20260303;000000000000751914;54.98;10.45;0251;;;
0900420234;001000;ZNF1;20260303;C;X;;O;20260303;000000000000897419;649.60;123.42;0083;;;
0900420234;001010;ZNF1;20260303;C;X;;O;20260303;000000000000969811;55.08;10.47;0029;;;
0900420234;001020;ZNF1;20260303;C;X;;O;20260303;000000000000999250;32.17;6.11;0083;;;
0900420234;001030;ZNF1;20260303;C;X;;O;20260303;CS51;913.46;173.56;0082;;;
0900420234;001040;ZNF1;20260303;C;X;;O;20260303;VARIOS_LIVIANO;98.99;18.81;0027;;;
0900420234;001120;ZNF1;20260303;C;X;;O;20260303;000000000000751914;54.98;10.45;0251;;;
0900420234;001130;ZNF1;20260303;C;X;;O;20260303;000000000000897419;649.60;123.42;0083;;;
0900420234;001140;ZNF1;20260303;C;X;;O;20260303;000000000000969811;55.08;10.47;0029;;;
0900420234;001150;ZNF1;20260303;C;X;;O;20260303;000000000000999250;32.17;6.11;0083;;;
0900420234;001160;ZNF1;20260303;C;X;;O;20260303;CS51;480.77;91.35;0082;;;
0900420234;001170;ZNF1;20260303;C;X;;O;20260303;VARIOS_LIVIANO;300.00;57.00;0027;;;
0900420234;001180;ZNF1;20260303;C;X;;O;20260303;000000000000751914;54.98;10.45;0251;;;
0900420234;001190;ZNF1;20260303;C;X;;O;20260303;000000000000897419;649.60;123.42;0083;;;
0900420234;001200;ZNF1;20260303;C;X;;O;20260303;000000000000969811;55.08;10.47;0029;;;
0900420234;001210;ZNF1;20260303;C;X;;O;20260303;000000000000999250;32.17;6.11;0083;;;
0900420234;001220;ZNF1;20260303;C;X;;O;20260303;CS51;913.46;173.56;0082;;;
0900420234;001230;ZNF1;20260303;C;X;;O;20260303;VARIOS_LIVIANO;22.79;4.33;0027;;;
0900420425;000020;ZSNB;20260303;C;X;;M;20260303;000000000000706588;714.55;135.76;0034;;;
0900420428;000010;ZSNB;20260303;C;X;;M;20260303;000000000000744825;1235.51;234.75;0103;;;
0900420429;000010;ZSNB;20260303;C;X;;M;20260303;000000000000813369;12758.96;2424.20;0103;;;
0900420429;000020;ZSNB;20260303;C;X;;M;20260303;000000000000813370;3377.80;641.78;0103;;;
0900420429;000030;ZSNB;20260303;C;X;;M;20260303;000000000000172142;2041.45;387.88;0103;;;
0900420429;000050;ZSNB;20260303;C;X;;M;20260303;000000000000189363;1057.62;200.95;0103;;;
0900420489;000010;ZSNB;20260303;C;X;;M;20260303;000000000000155380;11043.00;2098.17;0103;;;
0900420508;000010;ZSNB;20260303;C;X;;M;20260303;000000000000003677;3315.96;630.03;0005;;;
0900420508;000020;ZSNB;20260303;C;X;;M;20260303;000000000000735982;0.00;0.00;0005;;;
0900420508;000030;ZSNB;20260303;C;X;;M;20260303;000000000000156141;0.00;0.00;0005;;;
0900420508;000040;ZSNB;20260303;C;X;;M;20260303;000000000000827404;3768.13;715.94;0005;;;
0900420508;000050;ZSNB;20260303;C;X;;M;20260303;000000000000156141;1772.29;336.74;0005;;;
0900420577;000020;ZSNB;20260303;C;X;;M;20260303;000000000000155514;153.92;29.24;0103;;;
0900420577;000030;ZSNB;20260303;C;X;;M;20260303;000000000000154652;201.30;38.25;0103;;;
0900420577;000040;ZSNB;20260303;C;X;;M;20260303;000000000000154758;1041.43;197.87;0103;;;
0900420651;000030;ZSNB;20260303;C;X;;M;20260303;000000000000921569;8871.61;1685.61;0103;;;
0900420769;000010;ZSNB;20260303;C;X;;M;20260303;000000000000831404;130.52;24.80;0103;;;
0900420843;000010;ZSNB;20260303;C;X;;M;20260303;000000000000988098;418.22;79.46;0272;;;
0900420843;000020;ZSNB;20260303;C;X;;M;20260303;000000000000809800;535.06;101.66;0013;;;
0900420843;000030;ZSNB;20260303;C;X;;M;20260303;000000000000949579;9371.14;1780.52;0034;;;
0900420843;000040;ZSNB;20260303;C;X;;M;20260303;000000000000134133;746.45;141.83;0310;;;
0900420843;000050;ZSNB;20260303;C;X;;M;20260303;000000000000107764;888.68;168.85;0013;;;
0900420843;000060;ZSNB;20260303;C;X;;M;20260303;000000000000107772;1676.08;318.46;0013;;;
0900420843;000080;ZSNB;20260303;C;X;;M;20260303;000000000000130347;3123.96;593.55;0310;;;
0900420843;000090;ZSNB;20260303;C;X;;M;20260303;000000000000879214;1806.71;343.27;0034;;;
0900420843;000100;ZSNB;20260303;C;X;;M;20260303;000000000000730433;2239.37;425.48;0103;;;
0900420843;000110;ZSNB;20260303;C;X;;M;20260303;000000000000772114;1383.77;262.92;0013;;;
0900420843;000120;ZSNB;20260303;C;X;;M;20260303;000000000000174015;991.72;188.43;0013;;;
0900420843;000130;ZSNB;20260303;C;X;;M;20260303;000000000000174015;330.57;62.81;0013;;;
0900420843;000140;ZSNB;20260303;C;X;;M;20260303;000000000000107823;990.30;188.16;0013;;;
0900420843;000150;ZSNB;20260303;C;X;;M;20260303;000000000000949579;18742.28;3561.02;0034;;;
0900420843;000170;ZSNB;20260303;C;X;;M;20260303;000000000000107772;1257.06;238.84;0013;;;
0900420929;000010;ZFCM;20260201;C;X;;M;20260303;000000000000964988;689.75;131.05;0016;;;
0900420937;000020;ZFCM;20260201;C;X;;M;20260303;000000000000965014;1905.31;362.01;0016;;;
0900420947;000010;ZFCM;20260201;C;X;;M;20260303;000000000000965095;1839.28;349.46;0016;;;
0900420947;000040;ZFCM;20260201;C;X;;M;20260303;000000000001052983;1929.38;366.59;0014;;;
0900420950;000010;ZFCM;20260201;C;X;;M;20260303;000000000001041681;3566.46;677.63;0014;;;
0900420957;000010;ZFCM;20260208;C;X;;M;20260303;000000000000964988;344.88;65.53;0016;;;
0900420958;000030;ZFCM;20260208;C;X;;M;20260303;000000000000148977;1807.92;343.50;0015;;;
0900420961;000040;ZFCM;20260208;C;X;;M;20260303;000000000001004278;1211.82;230.25;0014;;;
0900420963;000020;ZFCM;20260208;C;X;;M;20260303;000000000000965014;476.33;90.50;0016;;;
0900420965;000020;ZFCM;20260208;C;X;;M;20260303;000000000000965016;1013.20;192.51;0016;;;
0900420965;000050;ZFCM;20260208;C;X;;M;20260303;000000000000755130;1025.05;194.76;0015;;;
0900420965;000060;ZFCM;20260208;C;X;;M;20260303;000000000001052983;1907.98;362.52;0014;;;
0900420965;000070;ZFCM;20260208;C;X;;M;20260303;000000000000745429;4495.62;854.16;0015;;;
0900420969;000030;ZFCM;20260208;C;X;;M;20260303;000000000000965014;8097.57;1538.54;0016;;;
0900420969;000040;ZFCM;20260208;C;X;;M;20260303;000000000000809193;1486.55;282.44;0016;;;
0900420981;000010;ZFCM;20260208;C;X;;M;20260303;000000000000965095;459.82;87.37;0016;;;
0900420981;000020;ZFCM;20260208;C;X;;M;20260303;000000000000965005;2420.32;459.86;0016;;;
0900420981;000040;ZFCM;20260208;C;X;;M;20260303;000000000001052983;2894.07;549.87;0014;;;
0900420981;000050;ZFCM;20260208;C;X;;M;20260303;000000000000964988;1034.64;196.58;0016;;;
0900420981;000070;ZFCM;20260208;C;X;;M;20260303;000000000000148977;3615.84;687.01;0015;;;
0900420988;000010;ZFCM;20260208;C;X;;M;20260303;000000000001041681;22805.27;4333.00;0014;;;
0900420988;000020;ZFCM;20260208;C;X;;M;20260303;000000000000965016;2026.40;385.02;0016;;;
0900420988;000030;ZFCM;20260208;C;X;;M;20260303;000000000000850197;4000.81;760.15;0016;;;
0900420988;000040;ZFCM;20260208;C;X;;M;20260303;000000000001052983;9164.59;1741.27;0014;;;
0900420990;000010;ZFCM;20260215;C;X;;M;20260303;000000000000964990;3030.12;575.72;0016;;;
0900420993;000030;ZFCM;20260215;C;X;;M;20260303;000000000001050460;1716.77;326.19;0014;;;
0900420993;000050;ZFCM;20260215;C;X;;M;20260303;000000000000755130;2921.42;555.07;0015;;;
0900421001;000010;ZFCM;20260215;C;X;;M;20260303;000000000000970789;4654.79;884.41;0015;;;
0900421001;000020;ZFCM;20260215;C;X;;M;20260303;000000000000965012;1695.83;322.21;0016;;;
0900421001;000030;ZFCM;20260215;C;X;;M;20260303;000000000000965014;452.51;85.98;0016;;;
0900421001;000040;ZFCM;20260215;C;X;;M;20260303;000000000000809193;2824.44;536.64;0016;;;
0900421006;000010;ZFCM;20260215;C;X;;M;20260303;000000000000965095;873.66;166.00;0016;;;
0900421006;000020;ZFCM;20260215;C;X;;M;20260303;000000000000965005;4235.57;804.76;0016;;;
0900421006;000050;ZFCM;20260215;C;X;;M;20260303;000000000000964988;327.64;62.25;0016;;;
0900421006;000060;ZFCM;20260215;C;X;;M;20260303;000000000001052993;6588.20;1251.75;0014;;;
0900421006;000070;ZFCM;20260215;C;X;;M;20260303;000000000000148977;1717.53;326.33;0015;;;
0900421010;000010;ZFCM;20260215;C;X;;M;20260303;000000000001041681;8470.34;1609.36;0014;;;
0900421010;000020;ZFCM;20260215;C;X;;M;20260303;000000000000965016;4812.69;914.41;0016;;;
0900421010;000040;ZFCM;20260215;C;X;;M;20260303;000000000001052983;3445.88;654.72;0014;;;
0900421016;000020;ZFCM;20260215;C;X;;M;20260303;000000000000841512;1985.71;377.28;0016;;;
0900421016;000040;ZFCM;20260215;C;X;;M;20260303;000000000001052993;1098.03;208.63;0014;;;
0900421017;000020;ZFCM;20260215;C;X;;M;20260303;000000000000745429;6743.45;1281.26;0015;;;
0900421019;000010;ZFCM;20260215;C;X;;M;20260303;000000000000965014;3167.59;601.84;0016;;;
0900421019;000020;ZFCM;20260215;C;X;;M;20260303;000000000001041681;12423.16;2360.40;0014;;;
0900421019;000030;ZFCM;20260215;C;X;;M;20260303;000000000001052983;3445.88;654.72;0014;;;
0900421019;000040;ZFCM;20260215;C;X;;M;20260303;000000000000755130;973.81;185.02;0015;;;
0900421104;000010;ZSNB;20260303;C;X;;M;20260303;000000000001001730;707.62;134.45;0014;;;
0900421126;000010;ZDML;20260303;C;X;;P;20260303;CS54;1739.99;330.60;0082;;;
0900421126;000020;ZDML;20260303;C;X;;P;20260303;000000000000874008;1150.00;218.50;0083;;;
0900421126;000030;ZDML;20260303;C;X;;P;20260303;000000000001026220;394.74;75.00;0119;;;
0900421126;000040;ZDML;20260303;C;X;;P;20260303;000000000000871454;46.30;8.80;0119;;;
0900421184;000020;ZDRP;20260303;C;X;;P;20260303;000000000000006102;3938.04;748.23;0027;;;
0900421186;000020;ZDRP;20260303;C;X;;P;20260303;000000000000006102;354.06;67.27;0027;;;
0900421188;000020;ZDRP;20260303;C;X;;P;20260303;000000000000006102;4130.15;784.73;0027;;;
0900421191;000020;ZDRP;20260303;C;X;;P;20260303;000000000000006102;3670.88;697.47;0027;;;
0900421195;000020;ZDRP;20260303;C;X;;P;20260303;000000000000006102;145.03;27.56;0027;;;
0900421207;000010;ZSNB;20260303;C;X;;M;20260303;000000000001008146;35673.60;6777.98;0016;;;
0900421207;000020;ZSNB;20260303;C;X;;M;20260303;000000000001026590;164290.40;31215.18;0016;;;
0900421281;000010;ZAUT;20260303;C;X;;M;20260303;000000000000017282;238045.13;45228.57;0119;;;
0900421282;000020;ZRGT;20260303;C;X;;M;20260303;M514;822.30;0.00;0027;;;
0900421282;000030;ZRGT;20260303;C;X;;M;20260303;M522;5053.64;0.00;0027;;;
0900421282;000040;ZRGT;20260303;C;X;;M;20260303;M524;169.00;0.00;0027;;;
0900421282;000050;ZRGT;20260303;C;X;;M;20260303;M535;0.00;0.00;0027;;;
0900421282;000060;ZRGT;20260303;C;X;;M;20260303;M540;179.00;0.00;0027;;;
0900421489;000060;ZDRP;20260227;C;X;;P;20260304;CS38;3494.40;663.94;0082;;;
0900421489;000070;ZDRP;20260227;C;X;;P;20260304;000000000000706633;1128.12;214.34;0034;;;
0900421489;000080;ZDRP;20260227;C;X;;P;20260304;000000000000706642;1730.86;328.86;0034;;;
0900421489;000090;ZDRP;20260227;C;X;;P;20260304;000000000000725360;2686.63;510.46;0034;;;
0900421489;000100;ZDRP;20260227;C;X;;P;20260304;000000000000203860;245.00;46.55;0024;;;
0900421489;000110;ZDRP;20260227;C;X;;P;20260304;000000000000203874;122.50;23.28;0024;;;
0900421489;000120;ZDRP;20260227;C;X;;P;20260304;000000000000704242;23.58;4.48;0034;;;
0900421489;000130;ZDRP;20260227;C;X;;P;20260304;CS38;1747.20;331.97;0082;;;
0900421489;000140;ZDRP;20260227;C;X;;P;20260304;CS40;5591.04;1062.30;0082;;;
0900421489;000150;ZDRP;20260227;C;X;;P;20260304;000000000000177451;84.97;16.14;0103;;;
0900421489;000160;ZDRP;20260227;C;X;;P;20260304;000000000000704990;227.64;43.25;0034;;;
0900421489;000170;ZDRP;20260227;C;X;;P;20260304;000000000000755637;7268.21;1380.96;0034;;;
0900421489;000180;ZDRP;20260227;C;X;;P;20260304;000000000000864051;2930.26;556.75;0034;;;
0900421489;000190;ZDRP;20260227;C;X;;P;20260304;CS38;4542.72;863.12;0082;;;
0900421489;000200;ZDRP;20260227;C;X;;P;20260304;VARIOS_CAM;243.90;46.34;0027;;;
0900421671;000010;ZSNB;20260304;C;X;;M;20260304;000000000000766751;2995.22;569.09;0002;;;
0900421676;000010;ZBEN;20260304;C;X;;M;20260304;000000000001007937;210.00;39.90;0102;;;
0900421676;000020;ZBEN;20260304;C;X;;M;20260304;000000000001005065;50.34;9.56;0102;;;
0900421681;000010;ZSNB;20260304;E;X;;M;20260304;000000000000770618;5505.96;1046.13;0013;;;
0900421752;000010;ZSNB;20260304;C;X;;M;20260304;000000000000766751;2995.22;569.09;0002;;;
0900421755;000010;ZSNB;20260304;C;X;;M;20260304;000000000000780381;8757.50;1663.93;0103;;;
0900421781;000040;ZFCM;20260215;C;X;;M;20260304;000000000000929892;3018.79;573.57;0015;;;
0900421786;000010;ZFCM;20260222;C;X;;M;20260304;000000000000964990;1136.29;215.90;0016;;;
0900421787;000040;ZFCM;20260222;C;X;;M;20260304;000000000000929892;754.68;143.39;0015;;;
0900421790;000010;ZFCM;20260222;C;X;;M;20260304;000000000000209551;210.00;39.90;0026;;;
0900421793;000010;ZFCM;20260222;C;X;;M;20260304;000000000000970789;2327.45;442.22;0015;;;
0900421793;000020;ZFCM;20260222;C;X;;M;20260304;000000000000965012;1695.80;322.20;0016;;;
0900421793;000040;ZFCM;20260222;C;X;;M;20260304;000000000000809193;706.11;134.16;0016;;;
0900421798;000010;ZFCM;20260222;C;X;;M;20260304;000000000000965095;896.66;170.37;0016;;;
0900421798;000020;ZFCM;20260222;C;X;;M;20260304;000000000000965005;793.32;150.73;0016;;;
0900421798;000050;ZFCM;20260222;C;X;;M;20260304;000000000000964988;1379.52;262.11;0016;;;
0900421803;000030;ZFCM;20260222;C;X;;M;20260304;000000000000850197;788.73;149.86;0016;;;
0900421805;000010;ZFCM;20260222;C;X;;M;20260304;000000000000964990;378.76;71.96;0016;;;
0900421805;000020;ZFCM;20260222;C;X;;M;20260304;000000000000841512;1985.72;377.29;0016;;;
0900421805;000040;ZFCM;20260222;C;X;;M;20260304;000000000001052993;1098.03;208.63;0014;;;
0900421807;000020;ZFCM;20260222;C;X;;M;20260304;000000000000745429;1123.87;213.54;0015;;;
0900421807;000030;ZFCM;20260222;C;X;;M;20260304;000000000000850197;3154.91;599.43;0016;;;
0900421807;000040;ZFCM;20260222;C;X;;M;20260304;000000000000965005;1586.64;301.46;0016;;;
0900421810;000010;ZFCM;20260222;C;X;;M;20260304;000000000000965014;3810.62;724.02;0016;;;
0900421810;000020;ZFCM;20260222;C;X;;M;20260304;000000000001041681;12304.31;2337.82;0014;;;
0900421810;000030;ZFCM;20260222;C;X;;M;20260304;000000000001052983;1722.94;327.36;0014;;;
0900421810;000040;ZFCM;20260222;C;X;;M;20260304;000000000000755130;2152.55;408.98;0015;;;
0900421812;000050;ZFCM;20260222;C;X;;M;20260304;000000000000809193;706.11;134.16;0016;;;
0900421812;000060;ZFCM;20260222;C;X;;M;20260304;000000000000850197;1577.46;299.72;0016;;;
0900421831;000010;ZSPP;20260304;C;X;;P;20260304;000000000000856101;592.80;0.00;0027;;;
0900421831;000020;ZSPP;20260304;C;X;;P;20260304;000000000000600044;1523.42;0.00;0083;;;
0900421831;000030;ZSPP;20260304;C;X;;P;20260304;000000000000760932;91.98;0.00;0083;;;
0900421831;000040;ZSPP;20260304;C;X;;P;20260304;000000000000107764;206.30;0.00;0013;;;
0900421831;000050;ZSPP;20260304;C;X;;P;20260304;000000000000107772;389.09;0.00;0013;;;
0900421831;000060;ZSPP;20260304;C;X;;P;20260304;000000000000107823;229.89;0.00;0013;;;
0900421831;000070;ZSPP;20260304;C;X;;P;20260304;000000000000110419;1075.71;0.00;0013;;;
0900421831;000080;ZSPP;20260304;C;X;;P;20260304;000000000000134133;173.28;0.00;0310;;;
0900421831;000090;ZSPP;20260304;C;X;;P;20260304;000000000000162133;676.64;0.00;0310;;;
0900421831;000100;ZSPP;20260304;C;X;;P;20260304;000000000000717038;67.74;0.00;0013;;;
0900421831;000110;ZSPP;20260304;C;X;;P;20260304;000000000000718907;1297.67;0.00;0034;;;
0900421831;000120;ZSPP;20260304;C;X;;P;20260304;000000000000762042;324.09;0.00;0013;;;
0900421831;000130;ZSPP;20260304;C;X;;P;20260304;000000000000835318;239.28;0.00;0013;;;
0900421831;000140;ZSPP;20260304;C;X;;P;20260304;CS40;3943.12;0.00;0082;;;
0900421831;000150;ZSPP;20260304;C;X;;P;20260304;000000000000942994;735.59;0.00;0083;;;
0900421831;000160;ZSPP;20260304;C;X;;P;20260304;VARIOS_CAM;224.56;0.00;0027;;;
0900421832;000010;ZFCM;20260228;C;X;;M;20260304;000000000000965004;1073.60;203.98;0016;;;
0900421832;000040;ZFCM;20260228;C;X;;M;20260304;000000000000929892;6037.45;1147.12;0015;;;
0900421834;000010;ZFCM;20260228;C;X;;M;20260304;000000000000965095;2620.99;497.99;0016;;;
0900421834;000050;ZFCM;20260228;C;X;;M;20260304;000000000000964988;655.28;124.50;0016;;;
0900421834;000080;ZFCM;20260228;C;X;;M;20260304;000000000000965004;357.87;68.00;0016;;;
0900421837;000020;ZFCM;20260228;C;X;;M;20260304;000000000000965016;962.52;182.88;0016;;;
0900421839;000010;ZFCM;20260228;C;X;;M;20260304;000000000000964990;2878.59;546.93;0016;;;
0900421841;000010;ZFCM;20260228;C;X;;M;20260304;000000000001041683;1857.29;352.89;0014;;;
0900421843;000010;ZFCM;20260228;C;X;;M;20260304;000000000000965014;1357.51;257.93;0016;;;
0900421843;000020;ZFCM;20260228;C;X;;M;20260304;000000000001041681;9869.65;1875.23;0014;;;
0900421843;000030;ZFCM;20260228;C;X;;M;20260304;000000000001052983;861.47;163.68;0014;;;
0900421845;000010;ZFCM;20260228;C;X;;M;20260304;000000000000965016;5775.13;1097.27;0016;;;
0900421845;000020;ZFCM;20260228;C;X;;M;20260304;000000000001052983;6906.08;1312.16;0014;;;
0900421845;000050;ZFCM;20260228;C;X;;M;20260304;000000000000809193;2824.44;536.64;0016;;;
0900421943;000010;ZDRP;20260304;C;X;;P;20260304;000000000000856101;197.60;37.54;0027;;;
0900421943;000020;ZDRP;20260304;C;X;;P;20260304;000000000000600044;1523.42;289.45;0083;;;
0900421943;000030;ZDRP;20260304;C;X;;P;20260304;CS35;3468.86;659.09;0082;;;
0900421943;000040;ZDRP;20260304;C;X;;P;20260304;000000000000835318;246.83;46.90;0013;;;
0900421943;000050;ZDRP;20260304;C;X;;P;20260304;000000000000162133;728.69;138.45;0013;;;
0900421943;000060;ZDRP;20260304;C;X;;P;20260304;000000000000107823;247.58;47.04;0013;;;
0900421943;000070;ZDRP;20260304;C;X;;P;20260304;000000000000107832;334.84;63.62;0013;;;
0900421943;000080;ZDRP;20260304;C;X;;P;20260304;000000000000107764;222.17;42.21;0013;;;
0900421943;000090;ZDRP;20260304;C;X;;P;20260304;000000000000107772;419.02;79.61;0013;;;
0900421943;000100;ZDRP;20260304;C;X;;P;20260304;000000000000717038;72.95;13.86;0013;;;
0900421943;000110;ZDRP;20260304;C;X;;P;20260304;000000000001043087;183.96;34.95;0284;;;
0900421948;000010;ZDRP;20260304;C;X;;P;20260304;000000000000856101;197.60;37.54;0027;;;
0900421948;000020;ZDRP;20260304;C;X;;P;20260304;000000000000600044;1523.42;289.45;0083;;;
0900421948;000030;ZDRP;20260304;C;X;;P;20260304;CS35;3468.86;659.09;0082;;;
0900421948;000040;ZDRP;20260304;C;X;;P;20260304;000000000000835318;246.83;46.90;0013;;;
0900421948;000050;ZDRP;20260304;C;X;;P;20260304;000000000000162133;728.69;138.45;0013;;;
0900421948;000060;ZDRP;20260304;C;X;;P;20260304;000000000000107823;247.58;47.04;0013;;;
0900421948;000070;ZDRP;20260304;C;X;;P;20260304;000000000000107832;334.84;63.62;0013;;;
0900421948;000080;ZDRP;20260304;C;X;;P;20260304;000000000000107764;222.17;42.21;0013;;;
0900421948;000090;ZDRP;20260304;C;X;;P;20260304;000000000000107772;419.02;79.61;0013;;;
0900421948;000100;ZDRP;20260304;C;X;;P;20260304;000000000000717038;72.95;13.86;0013;;;
0900421948;000110;ZDRP;20260304;C;X;;P;20260304;000000000001043087;183.96;34.95;0284;;;
0900422148;000010;ZSNB;20260304;C;X;;M;20260304;000000000000121080;120.78;22.95;0103;;;
0900422241;000010;ZSNB;20260304;E;X;;M;20260304;000000000000770618;5505.96;1046.13;0013;;;
0900422330;000010;ZSNB;20260304;C;X;;M;20260304;000000000000004675;6769.45;1286.20;0013;;;
0900422330;000020;ZSNB;20260304;C;X;;M;20260304;000000000000107772;0.00;0.00;0013;;;
0900422330;000030;ZSNB;20260304;C;X;;M;20260304;000000000000107823;0.00;0.00;0013;;;
0900422330;000040;ZSNB;20260304;C;X;;M;20260304;000000000000134133;0.00;0.00;0310;;;
0900422330;000050;ZSNB;20260304;C;X;;M;20260304;000000000000107764;0.00;0.00;0013;;;
0900422330;000060;ZSNB;20260304;C;X;;M;20260304;000000000000162133;0.00;0.00;0310;;;
0900422457;000010;ZDRP;20260304;C;X;;P;20260304;000000000001043087;91.98;17.48;0284;;;
0900422457;000020;ZDRP;20260304;C;X;;P;20260304;CS40;9292.50;1765.57;0082;;;
0900422505;000010;ZSNB;20260304;C;X;;M;20260304;000000000000850197;2680.97;509.38;0016;;;
0900422624;000010;ZDBE;20260304;C;X;;P;20260304;CS54;1160.00;220.40;0082;;;
0900422624;000020;ZDBE;20260304;C;X;;P;20260304;000000000000958879;160.06;30.41;0121;;;
0900422624;000030;ZDBE;20260304;C;X;;P;20260304;000000000000874008;575.00;109.25;0083;;;
0900422624;000040;ZDBE;20260304;C;X;;P;20260304;000000000000869876;81.75;15.53;0121;;;
0900422769;000020;ZSNB;20260304;C;X;;M;20260304;000000000000113106;5926.05;1125.95;0013;;;
0900422769;000050;ZSNB;20260304;C;X;;M;20260304;000000000000124104;471.68;89.62;0013;;;
0090037239;000020;ZDRL;22000512;E;X;;P;20080512;CS51;42.00;7.98;0027;;;
0090037239;000030;ZDRL;22000512;E;X;;P;20080512;VARIOS_LIVIANO;72.00;13.68;0027;;;
0090037239;000010;ZDRL;22000512;E;X;;P;20080512;000000000000178529;129.61;24.63;0003;;;
0090037244;000010;ZDRL;22000512;E;X;;P;20080512;000000000000132409;2.21;0.42;0024;;;
0090037244;000030;ZDRL;22000512;E;X;;P;20080512;CS51;70.00;13.30;0027;;;
0090037244;000020;ZDRL;22000512;E;X;;P;20080512;000000000000175390;85.52;16.25;0003;;;
0090037244;000050;ZDRL;22000512;E;X;;P;20080512;VARIOS_LIVIANO;2.80;0.53;0027;;;
0090037244;000040;ZDRL;22000512;E;X;;P;20080512;VARIOS_LIVIANO;95.54;18.15;0027;;;
0090037262;000020;ZDRL;22000512;E;X;;P;20080512;000000000000132409;2.21;0.42;0024;;;
0090037262;000030;ZDRL;22000512;E;X;;P;20080512;CS51;42.00;7.98;0027;;;
0090037262;000040;ZDRL;22000512;E;X;;P;20080512;VARIOS_LIVIANO;99.00;18.81;0027;;;
0090037262;000010;ZDRL;22000512;E;X;;P;20080512;000000000000122511;38.24;7.27;0024;;;
0090061132;000010;ZDRL;22080621;E;X;;P;20080621;CS54;75.00;14.25;0027;;;
0090061132;000020;ZDRL;22080621;E;X;;P;20080621;000000000000175390;85.52;16.25;0003;;;
0090061132;000040;ZDRL;22080621;E;X;;P;20080621;VARIOS_LIVIANO;80.98;15.39;0027;;;
0090061132;000030;ZDRL;22080621;E;X;;P;20080621;VARIOS_LIVIANO;208.50;39.61;0027;;;
0096133844;000010;ZDRL;20240118;E;X;;P;20231218;000000000000912004;0.00;0.00;0052;;;
0096133844;000020;ZDRL;20240118;E;X;;P;20231218;000000000000947323;0.00;0.00;0003;;;
0096133844;000030;ZDRL;20240118;E;X;;P;20231218;000000000000894671;0.00;0.00;0003;;;
0096133844;000040;ZDRL;20240118;E;X;;P;20231218;000000000000872898;0.00;0.00;0003;;;
0096133844;000050;ZDRL;20240118;E;X;;P;20231218;000000000000856997;0.00;0.00;0003;;;
0096159414;000090;ZSNB;20240102;C;X;;M;20240102;000000000000780411;1060.29;201.45;0005;;;
0096159414;000010;ZSNB;20240102;C;X;;M;20240102;000000000000780929;525.82;99.91;0103;;;
0096159414;000070;ZSNB;20240102;C;X;;M;20240102;000000000000780135;49.32;9.37;0103;;;
0096159414;000050;ZSNB;20240102;C;X;;M;20240102;000000000000780107;16.43;3.12;0103;;;
0096159414;000060;ZSNB;20240102;C;X;;M;20240102;000000000000774069;22.58;4.29;0103;;;
0096159414;000020;ZSNB;20240102;C;X;;M;20240102;000000000000833167;666.08;126.56;0005;;;
0096159414;000080;ZSNB;20240102;C;X;;M;20240102;000000000000780708;176.99;33.63;0103;;;
0096159492;000030;ZSNB;20240102;C;X;;M;20240102;000000000000159823;173.63;32.99;0103;;;
0096159492;000020;ZSNB;20240102;C;X;;M;20240102;000000000000747504;145.22;27.59;0005;;;
0096159492;000010;ZSNB;20240102;C;X;;M;20240102;000000000000734634;558.99;106.21;0005;;;
0096159547;000010;ZSNB;20240102;C;X;;M;20240102;000000000000865816;4592.73;872.61;0114;;;
0096159547;000020;ZSNB;20240102;C;X;;M;20240102;000000000000108693;342.57;65.09;0013;;;
0096159547;000030;ZSNB;20240102;C;X;;M;20240102;000000000000713730;714.08;135.68;0013;;;
0096159596;000020;ZNGR;20240102;C;X;;P;20240102;CS88;409.74;0.00;0082;;;
0096159596;000010;ZNGR;20240102;C;X;;P;20240102;000000000000956384;1195.90;0.00;0005;;;
0096159635;000010;ZSNB;20240102;C;X;;M;20240102;000000000000701142;6238.05;1185.23;0013;;;
0096159705;000010;ZSNB;20240102;C;X;;M;20240102;000000000000163182;7760.32;1474.46;0005;;;
0096159718;000020;ZDRP;20240102;C;X;;P;20240102;CS88;89.46;0.00;0082;;;
0096159718;000010;ZDRP;20240102;C;X;;P;20240102;000000000000779012;542.57;0.00;0005;;;
0096159768;000010;ZSNB;20240102;C;X;;M;20240102;000000000000949292;4516.55;858.14;0013;;;
0096159947;000010;ZSNB;20240102;C;X;;M;20240102;000000000000154743;462.27;87.83;0005;;;
0096159948;000010;ZSNB;20240102;C;X;;M;20240102;000000000000734861;580.58;110.31;0001;;;
0096159949;000010;ZSNB;20240102;C;X;;M;20240102;000000000000850157;23734.70;4509.59;0103;;;
0096159949;000030;ZSNB;20240102;C;X;;M;20240102;000000000000763987;2310.08;438.92;0005;;;
0096159949;000040;ZSNB;20240102;C;X;;M;20240102;000000000000763995;1918.22;364.46;0005;;;
0096159977;000010;ZSNB;20240102;C;X;;M;20240102;000000000000810525;2237.70;425.16;0013;;;
0096160046;000010;ZSNB;20240102;C;X;;M;20240102;000000000000870532;606.92;115.32;0119;;;
0096160046;000040;ZSNB;20240102;C;X;;M;20240102;000000000000906291;58.02;11.02;0119;;;
0096160046;000020;ZSNB;20240102;C;X;;M;20240102;000000000000876789;111.74;21.23;0119;;;
0096160046;000030;ZSNB;20240102;C;X;;M;20240102;000000000000883726;406.37;77.21;0119;;;
0096160046;000050;ZSNB;20240102;C;X;;M;20240102;000000000000906908;51.26;9.74;0119;;;
0096160049;000010;ZSNB;20240102;C;X;;M;20240102;000000000000162116;547.20;103.97;0103;;;
0096160049;000040;ZSNB;20240102;C;X;;M;20240102;000000000000730438;658.06;125.03;0103;;;
0096160049;000030;ZSNB;20240102;C;X;;M;20240102;000000000000752762;928.75;176.46;0103;;;
0096160049;000020;ZSNB;20240102;C;X;;M;20240102;000000000000730436;545.83;103.71;0103;;;
0096160049;000070;ZSNB;20240102;C;X;;M;20240102;000000000000734779;131.42;24.97;0103;;;
0096160049;000080;ZSNB;20240102;C;X;;M;20240102;000000000000819558;348.70;66.25;0103;;;
0096160049;000100;ZSNB;20240102;C;X;;M;20240102;000000000000154643;709.86;134.87;0103;;;
0096160049;000090;ZSNB;20240102;C;X;;M;20240102;000000000000155441;963.44;183.06;0103;;;
0096160075;000040;ZDML;20240102;C;X;;P;20240102;000000000000907894;2.52;0.48;0024;;;
0096160075;000030;ZDML;20240102;C;X;;P;20240102;000000000000899269;3917.04;744.24;0118;;;
0096160075;000050;ZDML;20240102;C;X;;P;20240102;CS54;1221.99;232.18;0082;;;
0096160075;000010;ZDML;20240102;C;X;;P;20240102;000000000000868164;286.65;54.46;0118;;;
0096160075;000020;ZDML;20240102;C;X;;P;20240102;000000000000868736;463.05;87.98;0118;;;
0096160142;000010;ZSNB;20240102;C;X;;M;20240102;000000000000177502;574.83;109.22;0005;;;
0096160165;000040;ZSNB;20240102;C;X;;M;20240102;000000000000751382;478.84;90.98;0034;;;
0096160167;000100;ZSNB;20240102;C;X;;M;20240102;000000000000700940;500.88;95.17;0034;;;
0096160169;000100;ZSNB;20240102;C;X;;M;20240102;000000000000700940;500.88;95.17;0034;;;
0096160179;000010;ZSNB;20240102;C;X;;M;20240102;000000000000819713;336.78;63.99;0200;;;
0096160197;000010;ZSNB;20240102;C;X;;M;20240102;000000000000751477;286.07;54.35;0013;;;
0096160232;000010;ZSNB;20240102;C;X;;M;20240102;000000000000850201;1389.44;263.99;0016;;;
0096160254;000050;ZDGR;20240102;C;X;;P;20240102;CS54;100.00;19.00;0082;;;
0096160254;000060;ZDGR;20240102;C;X;;P;20240102;CS54;100.00;19.00;0082;;;
0096160254;000040;ZDGR;20240102;C;X;;P;20240102;CS51;400.00;76.00;0082;;;
0096160254;000020;ZDGR;20240102;C;X;;P;20240102;CS51;399.98;76.00;0082;;;
0096160254;000010;ZDGR;20240102;C;X;;P;20240102;000000000000961004;203.67;38.70;0010;;;
0096160254;000030;ZDGR;20240102;C;X;;P;20240102;VARIOS_LIVIANO;100.02;19.00;0027;;;
0096160271;000070;ZDGR;20240102;C;X;;P;20240102;CS54;480.00;91.20;0082;;;
0096160271;000080;ZDGR;20240102;C;X;;P;20240102;CS54;120.00;22.80;0082;;;
0096160271;000110;ZDGR;20240102;C;X;;P;20240102;CS54;480.00;91.20;0082;;;
0096160271;000010;ZDGR;20240102;C;X;;P;20240102;CS54;255.00;48.45;0082;;;
0096160271;000210;ZDGR;20240102;C;X;;P;20240102;CS54;2864.98;544.35;0082;;;
0096160271;000030;ZDGR;20240102;C;X;;P;20240102;000000000000806231;26.39;5.01;0010;;;
0096160271;000020;ZDGR;20240102;C;X;;P;20240102;VARIOS_LIVIANO;36.72;6.98;0027;;;
0096160271;000090;ZDGR;20240102;C;X;;P;20240102;VARIOS_LIVIANO;1037.63;197.15;0027;;;
0096160271;000140;ZDGR;20240102;C;X;;P;20240102;000000000000837738;219.82;41.77;0010;;;
0096160271;000040;ZDGR;20240102;C;X;;P;20240102;000000000000958369;18.92;3.59;0010;;;
0096160271;000150;ZDGR;20240102;C;X;;P;20240102;000000000000837739;274.24;52.11;0010;;;
0096160271;000160;ZDGR;20240102;C;X;;P;20240102;000000000000199853;91.58;17.40;0010;;;
0096160271;000130;ZDGR;20240102;C;X;;P;20240102;000000000000847896;1022.88;194.35;0010;;;
0096160271;000050;ZDGR;20240102;C;X;;P;20240102;000000000000958370;209.89;39.88;0010;;;
0096160271;000060;ZDGR;20240102;C;X;;P;20240102;000000000000890275;2100.26;399.05;0010;;;
0096160271;000100;ZDGR;20240102;C;X;;P;20240102;000000000000890275;2100.26;399.05;0010;;;
0096160271;000120;ZDGR;20240102;C;X;;P;20240102;000000000000728140;379.00;72.01;0010;;;
0096160271;000170;ZDGR;20240102;C;X;;P;20240102;000000000000978038;35.94;6.83;0010;;;
0096160271;000180;ZDGR;20240102;C;X;;P;20240102;000000000000983529;609.31;115.77;0010;;;
0096160271;000190;ZDGR;20240102;C;X;;P;20240102;000000000000931076;1013.07;192.48;0010;;;
0096160271;000200;ZDGR;20240102;C;X;;P;20240102;000000000000983525;25556.54;4855.73;0010;;;
0096160284;000020;ZDGR;20240102;C;X;;P;20240102;CS51;100.00;19.00;0082;;;
0096160284;000220;ZDGR;20240102;C;X;;P;20240102;CS54;100.00;19.00;0082;;;
0096160284;000230;ZDGR;20240102;C;X;;P;20240102;CS54;100.00;19.00;0082;;;
0096160284;000240;ZDGR;20240102;C;X;;P;20240102;CS54;100.00;19.00;0082;;;
0096160284;000040;ZDGR;20240102;C;X;;P;20240102;CS51;40.00;7.60;0082;;;
0096160284;000080;ZDGR;20240102;C;X;;P;20240102;CS51;160.00;30.40;0082;;;
0096160284;000440;ZDGR;20240102;C;X;;P;20240102;CS54;2880.00;547.20;0082;;;
0096160284;000120;ZDGR;20240102;C;X;;P;20240102;000000000000965127;92.62;17.60;0010;;;
0096160284;000100;ZDGR;20240102;C;X;;P;20240102;CS51;120.00;22.80;0082;;;
0096160284;000110;ZDGR;20240102;C;X;;P;20240102;000000000000207949;18.74;3.56;0010;;;
0096160284;000130;ZDGR;20240102;C;X;;P;20240102;000000000000826462;586.53;111.44;0083;;;
0096160284;000290;ZDGR;20240102;C;X;;P;20240102;SERV.EXTERNO;650.00;123.50;0086;;;
0096160284;000190;ZDGR;20240102;C;X;;P;20240102;CS51;199.99;38.00;0082;;;
0096160284;000260;ZDGR;20240102;C;X;;P;20240102;CS54;199.99;38.00;0082;;;
0096160284;000170;ZDGR;20240102;C;X;;P;20240102;CS54;639.97;121.59;0082;;;
0096160284;000180;ZDGR;20240102;C;X;;P;20240102;CS54;159.99;30.40;0082;;;
0096160284;000450;ZDGR;20240102;C;X;;P;20240102;000000000000958190;23.96;4.55;0010;;;
0096160284;000490;ZDGR;20240102;C;X;;P;20240102;000000000000958190;23.96;4.55;0010;;;
0096160284;000210;ZDGR;20240102;C;X;;P;20240102;CS54;180.00;34.20;0082;;;
0096160284;000550;ZDGR;20240102;C;X;;P;20240102;CS54;180.00;34.20;0082;;;
0096160284;000060;ZDGR;20240102;C;X;;P;20240102;CS54;1300.00;247.00;0082;;;
0096160284;000280;ZDGR;20240102;C;X;;P;20240102;CS54;499.98;95.00;0082;;;
0096160284;000200;ZDGR;20240102;C;X;;P;20240102;VARIOS_LIVIANO;-19.99;-3.80;0027;;;
0096160284;000570;ZDGR;20240102;C;X;;P;20240102;CS54;160.00;30.40;0082;;;
0096160284;000600;ZDGR;20240102;C;X;;P;20240102;CS54;419.95;79.79;0082;;;
0096160284;000540;ZDGR;20240102;C;X;;P;20240102;CS54;320.00;60.80;0082;;;
0096160284;000480;ZDGR;20240102;C;X;;P;20240102;CS54;340.00;64.60;0082;;;
0096160284;000520;ZDGR;20240102;C;X;;P;20240102;CS54;340.00;64.60;0082;;;
0096160284;000140;ZDGR;20240102;C;X;;P;20240102;CS51;302.11;57.40;0082;;;
0096160284;000380;ZDGR;20240102;C;X;;P;20240102;000000000000938690;253.31;48.13;0010;;;
0096160284;000270;ZDGR;20240102;C;X;;P;20240102;000000000000943171;101.07;19.20;0010;;;
0096160284;000320;ZDGR;20240102;C;X;;P;20240102;000000000000938688;48.23;9.16;0010;;;
0096160284;000310;ZDGR;20240102;C;X;;P;20240102;000000000000938687;27.65;5.25;0010;;;
0096160284;000580;ZDGR;20240102;C;X;;P;20240102;000000000000853178;111.67;21.22;0010;;;
0096160284;000090;ZDGR;20240102;C;X;;P;20240102;000000000000879316;5334.29;1013.52;0010;;;
0096160284;000470;ZDGR;20240102;C;X;;P;20240102;000000000000958202;190.81;36.25;0010;;;
0096160284;000510;ZDGR;20240102;C;X;;P;20240102;000000000000958202;190.81;36.25;0010;;;
0096160284;000160;ZDGR;20240102;C;X;;P;20240102;000000000000890275;2100.26;399.05;0010;;;
0096160284;000010;ZDGR;20240102;C;X;;P;20240102;000000000001004333;2987.32;567.59;0010;;;
0096160284;000030;ZDGR;20240102;C;X;;P;20240102;000000000001005039;2494.41;473.94;0010;;;
0096160284;000050;ZDGR;20240102;C;X;;P;20240102;000000000000925287;27275.18;5182.30;0010;;;
0096160284;000070;ZDGR;20240102;C;X;;P;20240102;000000000000981142;1177.19;223.67;0010;;;
0096160284;000150;ZDGR;20240102;C;X;;P;20240102;000000000000890276;257.30;48.89;0010;;;
0096160284;000250;ZDGR;20240102;C;X;;P;20240102;000000000000972668;647.37;123.00;0010;;;
0096160284;000300;ZDGR;20240102;C;X;;P;20240102;000000000000728140;379.00;72.01;0010;;;
0096160284;000330;ZDGR;20240102;C;X;;P;20240102;000000000000938691;169.60;32.22;0010;;;
0096160284;000340;ZDGR;20240102;C;X;;P;20240102;000000000000956111;221.41;42.07;0010;;;
0096160284;000350;ZDGR;20240102;C;X;;P;20240102;000000000000948624;621.78;118.14;0010;;;
0096160284;000360;ZDGR;20240102;C;X;;P;20240102;000000000000944112;700.65;133.12;0010;;;
0096160284;000370;ZDGR;20240102;C;X;;P;20240102;000000000000944111;248.43;47.20;0010;;;
0096160284;000390;ZDGR;20240102;C;X;;P;20240102;000000000000944110;274.84;52.22;0010;;;
0096160284;000400;ZDGR;20240102;C;X;;P;20240102;000000000000938689;245.48;46.64;0010;;;
0096160284;000410;ZDGR;20240102;C;X;;P;20240102;000000000000938692;234.71;44.59;0010;;;
0096160284;000420;ZDGR;20240102;C;X;;P;20240102;000000000000944109;853.28;162.12;0010;;;
0096160284;000430;ZDGR;20240102;C;X;;P;20240102;000000000000944108;505.31;96.01;0010;;;
0096160284;000460;ZDGR;20240102;C;X;;P;20240102;000000000000958201;39.69;7.54;0010;;;
0096160284;000500;ZDGR;20240102;C;X;;P;20240102;000000000000958201;39.69;7.54;0010;;;
0096160284;000530;ZDGR;20240102;C;X;;P;20240102;000000000000912834;866.88;164.71;0010;;;
0096160284;000560;ZDGR;20240102;C;X;;P;20240102;000000000000846376;450.89;85.67;0010;;;
0096160284;000590;ZDGR;20240102;C;X;;P;20240102;000000000000852735;605.15;114.98;0010;;;
0096160298;000010;ZSNB;20240102;C;X;;M;20240102;000000000001008331;11804.36;2242.83;0002;;;
0096160308;000010;ZSNB;20240102;C;X;;M;20240102;000000000000949579;8989.34;1707.97;0034;;;
0096160326;000050;ZDGR;20240102;C;X;;P;20240102;CS54;480.00;91.20;0082;;;
0096160326;000060;ZDGR;20240102;C;X;;P;20240102;CS54;120.00;22.80;0082;;;
0096160326;000090;ZDGR;20240102;C;X;;P;20240102;CS54;480.00;91.20;0082;;;
0096160326;000200;ZDGR;20240102;C;X;;P;20240102;CS54;255.00;48.45;0082;;;
0096160326;000190;ZDGR;20240102;C;X;;P;20240102;CS54;2864.98;544.35;0082;;;
0096160326;000010;ZDGR;20240102;C;X;;P;20240102;000000000000806231;26.39;5.01;0010;;;
0096160326;000070;ZDGR;20240102;C;X;;P;20240102;VARIOS_LIVIANO;1037.63;197.15;0027;;;
0096160326;000210;ZDGR;20240102;C;X;;P;20240102;VARIOS_LIVIANO;36.72;6.98;0027;;;
0096160326;000120;ZDGR;20240102;C;X;;P;20240102;000000000000837738;219.82;41.77;0010;;;
0096160326;000020;ZDGR;20240102;C;X;;P;20240102;000000000000958369;18.92;3.59;0010;;;
0096160326;000130;ZDGR;20240102;C;X;;P;20240102;000000000000837739;274.24;52.11;0010;;;
0096160326;000140;ZDGR;20240102;C;X;;P;20240102;000000000000199853;91.58;17.40;0010;;;
0096160326;000110;ZDGR;20240102;C;X;;P;20240102;000000000000847896;1022.88;194.35;0010;;;
0096160326;000030;ZDGR;20240102;C;X;;P;20240102;000000000000958370;209.89;39.88;0010;;;
0096160326;000040;ZDGR;20240102;C;X;;P;20240102;000000000000890275;2100.26;399.05;0010;;;
0096160326;000080;ZDGR;20240102;C;X;;P;20240102;000000000000890275;2100.26;399.05;0010;;;
0096160326;000100;ZDGR;20240102;C;X;;P;20240102;000000000000728140;379.00;72.01;0010;;;
0096160326;000150;ZDGR;20240102;C;X;;P;20240102;000000000000978038;35.94;6.83;0010;;;
0096160326;000160;ZDGR;20240102;C;X;;P;20240102;000000000000983529;609.31;115.77;0010;;;
0096160326;000170;ZDGR;20240102;C;X;;P;20240102;000000000000931076;1013.07;192.48;0010;;;
0096160326;000180;ZDGR;20240102;C;X;;P;20240102;000000000000983525;25556.54;4855.73;0010;;;
0096160413;000020;ZSNB;20240102;C;X;;M;20240102;000000000000767602;1863.42;354.05;0019;;;
0096160413;000010;ZSNB;20240102;C;X;;M;20240102;000000000000877619;4660.11;885.42;0019;;;
0096160427;000010;ZSNB;20240102;C;X;;M;20240102;000000000000152892;3450.17;655.54;0005;;;
0096160427;000020;ZSNB;20240102;C;X;;M;20240102;000000000000157403;795.74;151.19;0103;;;
0096160427;000030;ZSNB;20240102;C;X;;M;20240102;000000000000915659;1971.75;374.63;0005;;;
0096160588;000010;ZSNB;20240102;C;X;;M;20240102;000000000000826201;3824.49;726.65;0110;;;
0096160597;000010;ZSNB;20240102;C;X;;M;20240102;000000000000152892;3450.17;655.54;0005;;;
0096160597;000020;ZSNB;20240102;C;X;;M;20240102;000000000000157403;795.74;151.19;0103;;;
0096160597;000030;ZSNB;20240102;C;X;;M;20240102;000000000000915659;1971.75;374.63;0005;;;
0096160653;000010;ZDRL;20240102;C;X;;P;20240102;SERV.EXTERNO;2860.00;543.40;0086;;;
0096160653;000020;ZDRL;20240102;C;X;;P;20240102;000000000000999021;1160.49;220.49;0010;;;
0096160715;000010;ZSNB;20240102;C;X;;M;20240102;000000000000701142;6238.05;1185.23;0013;;;
0096160735;000010;ZSNB;20240102;C;X;;M;20240102;000000000000770358;610.91;116.07;0095;;;
0096160742;000010;ZSNB;20240102;C;X;;M;20240102;000000000000154842;34.72;6.60;0103;;;
0096160742;000020;ZSNB;20240102;C;X;;M;20240102;000000000000843122;1768.98;336.10;0005;;;
0096160811;000010;ZSNB;20240102;C;X;;M;20240102;000000000000770261;2898.31;550.67;0095;;;
0096160811;000020;ZSNB;20240102;C;X;;M;20240102;000000000000770220;2828.90;537.49;0095;;;
0096160811;000030;ZSNB;20240102;C;X;;M;20240102;000000000000770220;1414.45;268.75;0095;;;
0096160811;000040;ZSNB;20240102;C;X;;M;20240102;000000000000770220;1414.45;268.75;0095;;;
0096160836;000020;ZSNB;20240102;C;X;;M;20240102;000000000000724659;1168.90;222.09;0001;;;
0096160836;000010;ZSNB;20240102;C;X;;M;20240102;000000000000188758;155.58;29.56;0001;;;
0096160848;000010;ZSNB;20240102;C;X;;M;20240102;000000000000883598;144.22;27.40;0119;;;
0096160862;000010;ZBEN;20240102;C;X;;M;20240102;000000000000850197;3088.06;586.73;0016;;;
0096160863;000010;ZSNB;20240102;C;X;;M;20240102;000000000000923410;5586.94;1061.52;0105;;;
0096160869;000010;ZBEN;20240102;C;X;;M;20240102;000000000000931088;208.84;39.68;0003;;;
0096160869;000020;ZBEN;20240102;C;X;;M;20240102;000000000000117967;627.83;119.29;0251;;;
0096160897;000010;ZSNB;20240102;C;X;;M;20240102;000000000000894511;5020.73;953.94;0013;;;
0096160898;000050;ZSNB;20240102;C;X;;M;20240102;000000000000795298;2243.36;426.24;0013;;;
0096160898;000030;ZSNB;20240102;C;X;;M;20240102;000000000000795292;6030.98;1145.89;0013;;;
0096160898;000010;ZSNB;20240102;C;X;;M;20240102;000000000000795290;5760.38;1094.47;0013;;;
0096160898;000020;ZSNB;20240102;C;X;;M;20240102;000000000000795291;7953.42;1511.15;0013;;;
0096160978;000010;ZSNB;20240103;C;X;;M;20240103;000000000000113438;959.72;182.35;0019;;;
0096161019;000020;ZSNB;20240103;C;X;;M;20240103;SN112;120.00;22.80;0016;;;
0096161019;000030;ZSNB;20240103;C;X;;M;20240103;SN113;80.00;15.20;0016;;;
0096161019;000010;ZSNB;20240103;C;X;;M;20240103;000000000000846234;2803.20;532.61;0016;;;
0096161022;000030;ZDRP;20240103;C;X;;P;20240103;KMAGR2;0.00;0.00;0084;;;
0096161022;000020;ZDRP;20240103;C;X;;P;20240103;MV11;0.00;0.00;0055;;;
0096161022;000010;ZDRP;20240103;C;X;;P;20240103;ET01;0.00;0.00;0082;;;
0096161116;000010;ZSNB;20240103;C;X;;M;20240103;000000000000827404;2703.87;513.74;0005;;;
0096161182;000040;ZSNB;20240103;C;X;;M;20240103;000000000000107823;445.62;84.67;0013;;;
0096161182;000020;ZSNB;20240103;C;X;;M;20240103;000000000000107764;305.14;57.98;0013;;;
0096161182;000010;ZSNB;20240103;C;X;;M;20240103;000000000000107772;590.55;112.20;0013;;;
0096161182;000060;ZSNB;20240103;C;X;;M;20240103;000000000000174015;595.00;113.05;0013;;;
0096161182;000030;ZSNB;20240103;C;X;;M;20240103;000000000000130347;2134.08;405.47;0013;;;
0096161182;000050;ZSNB;20240103;C;X;;M;20240103;000000000000107832;523.68;99.50;0013;;;
0096161283;000010;ZSNB;20240103;C;X;;M;20240103;000000000000792277;2322.11;441.20;0176;;;
0096161310;000010;ZSNB;20240103;C;X;;M;20240103;000000000000713797;1504.41;285.84;0013;;;
0096161312;000010;ZSNB;20240103;C;X;;M;20240103;000000000000126373;702.77;133.53;0013;;;
0096161324;000030;ZSNB;20240103;C;X;;M;20240103;000000000000745290;3660.30;695.46;0016;;;
0096161324;000020;ZSNB;20240103;C;X;;M;20240103;000000000000747835;2787.69;529.66;0016;;;
0096161351;000010;ZSNB;20240103;C;X;;M;20240103;000000000000828503;189.63;36.03;0200;;;
0096161351;000020;ZSNB;20240103;C;X;;M;20240103;000000000000956225;317.72;60.37;0200;;;
0096161379;000030;ZDRP;20240103;C;X;;P;20240103;KMAGR2;0.00;0.00;0084;;;
0096161379;000020;ZDRP;20240103;C;X;;P;20240103;MV11;0.00;0.00;0055;;;
0096161379;000010;ZDRP;20240103;C;X;;P;20240103;ET01;0.00;0.00;0082;;;
0096161421;000030;ZSNB;20240103;C;X;;M;20240103;000000000000961211;1095.04;208.06;0005;;;
0096161487;000010;ZSNB;20240103;C;X;;M;20240103;000000000000776093;133.20;25.31;0103;;;
0096161531;000010;ZSNB;20240103;C;X;;M;20240103;000000000000851961;11235.00;2134.65;0016;;;
0096161531;000020;ZSNB;20240103;C;X;;M;20240103;000000000000882233;5306.82;1008.30;0016;;;
0096161543;000010;ZSNB;20240103;C;X;;M;20240103;000000000000851961;11235.00;2134.65;0016;;;
0096161543;000020;ZSNB;20240103;C;X;;M;20240103;000000000000882233;5306.82;1008.30;0016;;;
0096161554;000040;ZBEN;20240103;C;X;;M;20240103;000000000000741176;484.26;92.01;0005;;;
0096161561;000010;ZDRL;20240103;C;X;;P;20240103;CS54;3601.89;684.36;0082;;;
0096161561;000020;ZDRL;20240103;C;X;;P;20240103;000000000001002560;10080.20;1915.24;0003;;;
0096161561;000030;ZDRL;20240103;C;X;;P;20240103;000000000000814961;842.36;160.05;0019;;;
0096161586;000010;ZBEN;20240103;C;X;;M;20240103;000000000000123397;389.04;73.92;0003;;;
0096161619;000010;ZSNB;20240103;C;X;;M;20240103;000000000000982327;2287.50;434.63;0024;;;
0096161689;000010;ZSNB;20240103;C;X;;M;20240103;000000000000809196;1884.64;358.08;0016;;;
0096161886;000010;ZSNB;20240103;C;X;;M;20240103;000000000000754111;2155.79;409.60;0013;;;
0096161889;000010;ZSNB;20240103;C;X;;M;20240103;000000000000110173;2048.13;389.14;0013;;;
0096161925;000030;ZSNB;20240103;C;X;;M;20240103;000000000000778793;195.05;37.06;0005;;;
0096161925;000020;ZSNB;20240103;C;X;;M;20240103;000000000000774760;1169.80;222.26;0005;;;
0096161925;000010;ZSNB;20240103;C;X;;M;20240103;000000000000776485;201.98;38.38;0005;;;
0096161961;000010;ZSNB;20240103;C;X;;M;20240103;000000000000736461;1899.30;360.87;0016;;;
0096161996;000070;ZDML;20240103;C;X;;P;20240103;VARIOS_LIVIANO;0.00;0.00;0027;;;
0096161996;000010;ZDML;20240103;C;X;;P;20240103;CS54;0.00;0.00;0082;;;
0096161996;000030;ZDML;20240103;C;X;;P;20240103;N450390_SL;0.00;0.00;0027;;;
0096161996;000020;ZDML;20240103;C;X;;P;20240103;000000000000999250;0.00;0.00;0083;;;
0096161996;000050;ZDML;20240103;C;X;;P;20240103;000000000000852710;0.00;0.00;0003;;;
0096161996;000040;ZDML;20240103;C;X;;P;20240103;000000000000203538;0.00;0.00;0024;;;
0096161996;000060;ZDML;20240103;C;X;;P;20240103;000000000000806839;0.00;0.00;0251;;;
0096162011;000070;ZDML;20240103;C;X;;P;20240103;VARIOS_LIVIANO;0.00;0.00;0027;;;
0096162011;000010;ZDML;20240103;C;X;;P;20240103;CS54;0.00;0.00;0082;;;
0096162011;000030;ZDML;20240103;C;X;;P;20240103;N450390_SL;0.00;0.00;0027;;;
0096162011;000020;ZDML;20240103;C;X;;P;20240103;000000000000999250;0.00;0.00;0083;;;
0096162011;000050;ZDML;20240103;C;X;;P;20240103;000000000000852710;0.00;0.00;0003;;;
0096162011;000040;ZDML;20240103;C;X;;P;20240103;000000000000203538;0.00;0.00;0024;;;
0096162011;000060;ZDML;20240103;C;X;;P;20240103;000000000000806839;0.00;0.00;0251;;;
0096162013;000010;ZSNB;20240103;C;X;;M;20240103;000000000001010232;12944.83;2459.52;0005;;;
0096162020;000030;ZDRP;20240103;C;X;;P;20240103;KMAGR2;0.00;0.00;0084;;;
0096162020;000020;ZDRP;20240103;C;X;;P;20240103;MV11;0.00;0.00;0055;;;
0096162020;000010;ZDRP;20240103;C;X;;P;20240103;ET01;0.00;0.00;0082;;;
0096162020;000040;ZDRP;20240103;C;X;;P;20240103;MOV0004;0.00;0.00;0055;;;
0096162051;000010;ZZAM;20240103;C;X;;M;20240103;000000000000839100;1041.66;0.00;0016;;;
0096162067;000040;ZSNB;20240103;C;X;;M;20240103;000000000000110825;1707.57;324.44;0005;;;
0096162088;000010;ZPP2;20240103;C;X;;M;20240103;000000000000004556;3768.11;715.94;0024;;;
0096162088;000020;ZPP2;20240103;C;X;;M;20240103;000000000000005108;8697.42;1652.51;0024;;;
0096162088;000030;ZPP2;20240103;C;X;;M;20240103;000000000000005109;4901.35;931.26;0024;;;
0096162088;000040;ZPP2;20240103;C;X;;M;20240103;000000000000005110;5038.71;957.35;0024;;;
0096162326;000010;ZSNB;20240103;C;X;;M;20240103;000000000000136271;83.36;15.84;0010;;;
0096162326;000040;ZSNB;20240103;C;X;;M;20240103;000000000000207949;16.86;3.20;0010;;;
0096162326;000090;ZSNB;20240103;C;X;;M;20240103;000000000000207949;16.86;3.20;0010;;;
0096162326;000070;ZSNB;20240103;C;X;;M;20240103;000000000000837738;364.43;69.24;0010;;;
0096162326;000020;ZSNB;20240103;C;X;;M;20240103;000000000000837739;454.65;86.38;0010;;;
0096162326;000060;ZSNB;20240103;C;X;;M;20240103;000000000000837739;454.65;86.38;0010;;;
0096162326;000030;ZSNB;20240103;C;X;;M;20240103;000000000000896006;488.81;92.87;0010;;;
0096162326;000080;ZSNB;20240103;C;X;;M;20240103;000000000000896006;488.81;92.89;0010;;;
0096162334;000010;ZSNB;20240103;C;X;;M;20240103;000000000000735982;854.73;162.40;0005;;;
0096162334;000020;ZSNB;20240103;C;X;;M;20240103;000000000000156431;222.55;42.28;0103;;;
0096162334;000030;ZSNB;20240103;C;X;;M;20240103;000000000000122824;45.41;8.63;0103;;;
0096162334;000040;ZSNB;20240103;C;X;;M;20240103;000000000000154643;177.46;33.72;0103;;;
0096162334;000060;ZSNB;20240103;C;X;;M;20240103;000000000000173196;438.71;83.35;0103;;;
0096162334;000050;ZSNB;20240103;C;X;;M;20240103;000000000000813887;227.62;43.25;0005;;;
0096162369;000030;ZDRP;20240103;C;X;;P;20240103;KMAGR2;0.00;0.00;0084;;;
0096162369;000020;ZDRP;20240103;C;X;;P;20240103;MV11;0.00;0.00;0055;;;
0096162369;000010;ZDRP;20240103;C;X;;P;20240103;ET01;0.00;0.00;0082;;;
0096162469;000010;ZAUT;20240103;C;X;;M;20240103;000000000001012680;528552.00;100424.88;0005;;;
0096162611;000010;ZNCA;20240103;C;X;;O;20240103;000000000000822227;6166440.00;1171623.60;0005;;;
0096162619;000010;ZZNB;20240103;C;X;;M;20240103;000000000000852190;62.43;0.00;0019;;;
0096162670;000010;ZSNB;20240103;C;X;;M;20240103;000000000000157478;165.36;31.42;0103;;;
0096162671;000060;ZDBE;20240103;C;X;;P;20240103;N450390_SL;151.26;28.74;0027;;;
0096162671;000070;ZDBE;20240103;C;X;;P;20240103;000000000000803884;45.00;8.55;0083;;;
0096162671;000080;ZDBE;20240103;C;X;;P;20240103;000000000000999250;22.66;4.31;0083;;;
0096162671;000040;ZDBE;20240103;C;X;;P;20240103;000000000000911136;116.63;22.16;0003;;;
0096162671;000050;ZDBE;20240103;C;X;;P;20240103;000000000000816918;446.88;84.91;0083;;;
0096162671;000100;ZDBE;20240103;C;X;;P;20240103;CS51;767.55;145.83;0082;;;
0096162671;000020;ZDBE;20240103;C;X;;P;20240103;000000000000913309;265.79;50.50;0003;;;
0096162671;000030;ZDBE;20240103;C;X;;P;20240103;000000000000911128;239.76;45.55;0003;;;
0096162671;000090;ZDBE;20240103;C;X;;P;20240103;000000000000897419;551.84;104.85;0083;;;
0096162671;000010;ZDBE;20240103;C;X;;P;20240103;000000000000884389;706.14;134.17;0083;;;
0096162672;000010;ZSNB;20240103;C;X;;M;20240103;000000000000782211;139.32;26.47;0103;;;
0096162672;000030;ZSNB;20240103;C;X;;M;20240103;000000000000782771;1973.83;375.03;0103;;;
0096162756;000010;ZSNB;20240104;C;X;;M;20240104;000000000000100397;68905.44;13092.03;0016;;;
0096162761;000030;ZDML;20240104;C;X;;P;20240104;N450390_SL;151.26;28.74;0027;;;
0096162761;000010;ZDML;20240104;C;X;;P;20240104;SERV.EXTERNO;144.00;27.36;0086;;;
0096162761;000050;ZDML;20240104;C;X;;P;20240104;000000000000871454;55.44;10.53;0119;;;
0096162761;000060;ZDML;20240104;C;X;;P;20240104;000000000000870016;377.85;71.79;0119;;;
0096162761;000040;ZDML;20240104;C;X;;P;20240104;000000000000874008;1078.13;204.84;0083;;;
0096162761;000020;ZDML;20240104;C;X;;P;20240104;CS54;1250.01;237.51;0082;;;
0096162811;000010;ZSNB;20240104;C;X;;M;20240104;000000000000005883;4784.82;909.12;;;;
0096162811;000030;ZSNB;20240104;C;X;;M;20240104;000000000000171739;0.00;0.00;0103;;;
0096162811;000100;ZSNB;20240104;C;X;;M;20240104;000000000000162956;0.00;0.00;0103;;;
0096162811;000060;ZSNB;20240104;C;X;;M;20240104;000000000000728202;0.00;0.00;0103;;;
0096162811;000040;ZSNB;20240104;C;X;;M;20240104;000000000000752762;0.00;0.00;0103;;;
0096162811;000070;ZSNB;20240104;C;X;;M;20240104;000000000000730424;0.00;0.00;0103;;;
0096162811;000080;ZSNB;20240104;C;X;;M;20240104;000000000000155509;0.00;0.00;0103;;;
0096162811;000090;ZSNB;20240104;C;X;;M;20240104;000000000000162940;0.00;0.00;0103;;;
0096162811;000110;ZSNB;20240104;C;X;;M;20240104;000000000000767934;0.00;0.00;0103;;;
0096162811;000020;ZSNB;20240104;C;X;;M;20240104;000000000000155441;0.00;0.00;0103;;;
0096162811;000050;ZSNB;20240104;C;X;;M;20240104;000000000000730438;0.00;0.00;0103;;;
0096162813;000010;ZSNB;20240104;C;X;;M;20240104;000000000000005881;4703.13;893.59;;;;
0096162813;000110;ZSNB;20240104;C;X;;M;20240104;000000000000175445;608.03;115.53;0103;;;
0096162813;000030;ZSNB;20240104;C;X;;M;20240104;000000000000171739;0.00;0.00;0103;;;
0096162813;000100;ZSNB;20240104;C;X;;M;20240104;000000000000162956;0.00;0.00;0103;;;
0096162813;000060;ZSNB;20240104;C;X;;M;20240104;000000000000728202;0.00;0.00;0103;;;
0096162813;000040;ZSNB;20240104;C;X;;M;20240104;000000000000752762;0.00;0.00;0103;;;
