VBELN;POSNR;FKART;FKDAT;RFBSK;FKSTO;VBTYP;ERDAT;MATNR;NETWR;MWSBP;MATKL;CHARG;SELLER_ID;SELLER_NOMBRE;SELLER_APELLIDO
0900417704;000030;ZDRP;20260228;C;;P;20260302;VARIOS_CAM;83967.91;15953.90;0027;;;;
0900417704;000040;ZDRP;20260228;C;;P;20260302;CS38;13628.16;2589.35;0082;;;;
0900417704;000050;ZDRP;20260228;C;;P;20260302;CS38;5670.45;1077.39;0082;;;;
0900417704;000060;ZDRP;20260228;C;;P;20260302;CS40;3407.04;647.34;0082;;;;
0900417704;000070;ZDRP;20260228;C;;P;20260302;VARIOS_CAM;7000.00;1330.00;0027;;;;
0900417704;000080;ZDRP;20260228;C;;P;20260302;CS40;3702.34;703.44;0082;;;;
0900417704;000090;ZDRP;20260228;C;;P;20260302;SERV.EXTERNO;2909.54;552.81;0086;;;;
0900417704;000100;ZDRP;20260228;C;;P;20260302;000000000000110433;1724.87;327.73;0013;;;;
0900417704;000110;ZDRP;20260228;C;;P;20260302;000000000000110586;256.34;48.70;0103;;;;
0900417704;000120;ZDRP;20260228;C;;P;20260302;000000000000151037;1018.03;193.43;0013;;;;
0900417704;000130;ZDRP;20260228;C;;P;20260302;000000000000198592;575.98;109.44;0276;;;;
0900417704;000140;ZDRP;20260228;C;;P;20260302;000000000000702829;1746.30;331.80;0013;;;;
0900417704;000150;ZDRP;20260228;C;;P;20260302;000000000000703387;451.72;85.83;0013;;;;
0900417704;000160;ZDRP;20260228;C;;P;20260302;000000000000713633;152.92;29.05;0013;;;;
0900417704;000170;ZDRP;20260228;C;;P;20260302;000000000000713639;56.42;10.72;0013;;;;
0900417704;000180;ZDRP;20260228;C;;P;20260302;000000000000713746;3473.35;659.94;0013;;;;
0900417704;000190;ZDRP;20260228;C;;P;20260302;000000000000713780;255.99;48.64;0013;;;;
0900417704;000200;ZDRP;20260228;C;;P;20260302;000000000000719244;1866.01;354.54;0013;;;;
0900417704;000210;ZDRP;20260228;C;;P;20260302;000000000000737554;4580.53;870.30;0013;;;;
0900417704;000220;ZDRP;20260228;C;;P;20260302;000000000000757231;1386.39;263.41;0013;;;;
0900417704;000230;ZDRP;20260228;C;;P;20260302;000000000000795364;659.34;125.27;0013;;;;
0900417704;000240;ZDRP;20260228;C;;P;20260302;000000000000841169;4558.29;866.08;0013;;;;
0900417704;000250;ZDRP;20260228;C;;P;20260302;000000000000913205;6375.69;1211.38;0013;;;;
0900417704;000260;ZDRP;20260228;C;;P;20260302;000000000000921807;424.60;80.67;0013;;;;
0900417704;000270;ZDRP;20260228;C;;P;20260302;000000000000947600;2251.18;427.72;0013;;;;
0900417704;000280;ZDRP;20260228;C;;P;20260302;CS38;15462.72;2937.92;0082;;;;
0900417704;000290;ZDRP;20260228;C;;P;20260302;000000000000189526;1282.57;243.69;0013;;;;
0900417704;000300;ZDRP;20260228;C;;P;20260302;000000000000913253;617.00;117.23;0095;;;;
0900417704;000310;ZDRP;20260228;C;;P;20260302;CS40;5155.00;979.45;0082;;;;
0900417704;000320;ZDRP;20260228;C;;P;20260302;MV03;5703.07;1083.58;0055;;;;
0900417704;000330;ZDRP;20260228;C;;P;20260302;KMMAQ;6600.00;1254.00;0084;;;;
0900417704;000340;ZDRP;20260228;C;;P;20260302;000000000001006298;1800.00;342.00;0057;;;;
0900417704;000350;ZDRP;20260228;C;;P;20260302;MOV0002;811.50;154.19;0070;;;;
0900417704;000360;ZDRP;20260228;C;;P;20260302;CS08;6634.95;1260.64;0082;;;;
0900417705;000010;ZDRP;20260228;C;;P;20260302;CS40;64733.76;12299.37;0082;;;;
0900417705;000020;ZDRP;20260228;C;;P;20260302;000000000001006353;3500.00;665.00;0027;;;;
0900417705;000040;ZDRP;20260228;C;;P;20260302;000000000000994303;5629.63;1069.63;0013;;;;
0900417705;000050;ZDRP;20260228;C;;P;20260302;000000000000871726;310.14;58.93;0013;;;;
0900417705;000060;ZDRP;20260228;C;;P;20260302;000000000000716978;1987.15;377.56;0013;;;;
0900417705;000070;ZDRP;20260228;C;;P;20260302;000000000000163023;343.40;65.25;0103;;;;
0900417705;000080;ZDRP;20260228;C;;P;20260302;000000000000110135;161.22;30.63;0013;;;;
0900417705;000090;ZDRP;20260228;C;;P;20260302;000000000000713658;62.26;11.83;0013;;;;
0900417705;000100;ZDRP;20260228;C;;P;20260302;000000000000951986;3584.55;681.06;0013;;;;
0900417705;000110;ZDRP;20260228;C;;P;20260302;000000000000766681;152.26;28.93;0013;;;;
0900417705;000120;ZDRP;20260228;C;;P;20260302;000000000000831603;1049.64;199.43;0013;;;;
0900417705;000130;ZDRP;20260228;C;;P;20260302;000000000000716740;2392.99;454.67;0013;;;;
0900417705;000140;ZDRP;20260228;C;;P;20260302;000000000000875526;4201.40;798.27;0013;;;;
0900417705;000160;ZDRP;20260228;C;;P;20260302;000000000000110439;879.69;167.14;0013;;;;
0900417705;000170;ZDRP;20260228;C;;P;20260302;000000000000715130;203.44;38.65;0013;;;;
0900417705;000180;ZDRP;20260228;C;;P;20260302;000000000000716915;1806.45;343.23;0013;;;;
0900417705;000190;ZDRP;20260228;C;;P;20260302;000000000000936798;587.17;111.56;0013;;;;
0900417705;000200;ZDRP;20260228;C;;P;20260302;000000000000936797;1866.20;354.58;0013;;;;
0900417705;000210;ZDRP;20260228;C;;P;20260302;000000000000936796;1654.84;314.42;0013;;;;
0900417705;000220;ZDRP;20260228;C;;P;20260302;000000000001006174;1986.29;377.40;0013;;;;
0900417705;000230;ZDRP;20260228;C;;P;20260302;000000000000766630;364.23;69.20;0013;;;;
0900417705;000240;ZDRP;20260228;C;;P;20260302;000000000000766661;141.63;26.91;0013;;;;
0900417705;000250;ZDRP;20260228;C;;P;20260302;000000000000917637;984.83;187.12;0013;;;;
0900417705;000260;ZDRP;20260228;C;;P;20260302;000000000000111128;1171.64;222.61;0013;;;;
0900417705;000270;ZDRP;20260228;C;;P;20260302;000000000000110444;394.53;74.96;0013;;;;
0900417705;000280;ZDRP;20260228;C;;P;20260302;000000000000731719;159.63;30.33;0013;;;;
0900417705;000290;ZDRP;20260228;C;;P;20260302;000000000000110433;1724.87;327.73;0013;;;;
0900417705;000300;ZDRP;20260228;C;;P;20260302;000000000000894326;175.29;33.31;0013;;;;
0900417705;000310;ZDRP;20260228;C;;P;20260302;000000000001007526;3594.97;683.04;0013;;;;
0900417705;000320;ZDRP;20260228;C;;P;20260302;000000000000936741;3016.08;573.06;0013;;;;
0900417705;000330;ZDRP;20260228;C;;P;20260302;000000000000871209;6682.62;1269.70;0013;;;;
0900417705;000340;ZDRP;20260228;C;;P;20260302;000000000000872221;1254.50;238.36;0013;;;;
0900417705;000350;ZDRP;20260228;C;;P;20260302;000000000000110420;2754.99;523.45;0013;;;;
0900417705;000360;ZDRP;20260228;C;;P;20260302;000000000000701110;135.07;25.66;0013;;;;
0900417705;000370;ZDRP;20260228;C;;P;20260302;000000000000713515;139.56;26.52;0013;;;;
0900417705;000380;ZDRP;20260228;C;;P;20260302;000000000000865928;789.46;150.00;0013;;;;
0900417705;000390;ZDRP;20260228;C;;P;20260302;000000000000947517;538.89;102.39;0013;;;;
0900417705;000400;ZDRP;20260228;C;;P;20260302;000000000000734604;131.66;25.02;0013;;;;
0900417705;000410;ZDRP;20260228;C;;P;20260302;000000000000731726;427.69;81.26;0013;;;;
0900417705;000420;ZDRP;20260228;C;;P;20260302;000000000000871736;217.08;41.25;0013;;;;
0900417705;000430;ZDRP;20260228;C;;P;20260302;000000000000701121;2601.14;494.22;0013;;;;
0900417705;000440;ZDRP;20260228;C;;P;20260302;000000000001006152;1546.01;293.74;0013;;;;
0900417705;000450;ZDRP;20260228;C;;P;20260302;000000000000871733;828.39;157.39;0013;;;;
0900417705;000460;ZDRP;20260228;C;;P;20260302;000000000000730391;1180.39;224.27;0013;;;;
0900417705;000480;ZDRP;20260228;C;;P;20260302;000000000000856101;197.60;37.54;0027;;;;
0900417705;000490;ZDRP;20260228;C;;P;20260302;000000000001062742;7107.30;1350.39;0013;;;;
0900417705;000500;ZDRP;20260228;C;;P;20260302;DEDUCIBLE;-33313.94;-6329.65;0085;;;;
0900417705;000510;ZDRP;20260228;C;;P;20260302;000000000001020065;314.50;59.76;0013;;;;
0900417705;000520;ZDRP;20260228;C;;P;20260302;VARIOS_CAM;284.28;54.01;0027;;;;
0900417705;000530;ZDRP;20260228;C;;P;20260302;CS38;5110.56;971.01;0082;;;;
0900417705;000540;ZDRP;20260228;C;;P;20260302;000000000000600044;1523.42;289.45;0083;;;;
0900417705;000550;ZDRP;20260228;C;;P;20260302;VARIOS_CAM;408.62;77.64;0027;;;;
0900417705;000560;ZDRP;20260228;C;;P;20260302;SERV.EXTERNO;4563.00;866.97;0086;;;;
0900417706;000010;ZDRP;20260228;C;;P;20260302;DEDUCIBLE;33313.94;6329.65;0085;;;;
0900417707;000010;ZSNB;20260302;C;;M;20260302;000000000000823989;10062.96;1911.96;0016;;;;
0900417707;000020;ZSNB;20260302;C;;M;20260302;000000000000850197;7078.32;1344.88;0016;;;;
0900417707;000030;ZSNB;20260302;C;;M;20260302;000000000000842870;6135.52;1165.75;0016;;;;
0900417707;000040;ZSNB;20260302;C;;M;20260302;000000000000873676;7166.08;1361.56;0016;;;;
0900417708;000010;ZSNB;20260302;C;;M;20260302;000000000000209544;1917.00;364.23;0309;;;;
0900417709;000010;ZSNB;20260302;C;;M;20260302;000000000001021873;2448.00;465.12;0292;;;;
0900417710;000002;ZBEN;20260302;C;;M;20260302;000000000000000397;33.53;6.37;0024;;;;
0900417710;000012;ZBEN;20260302;C;;M;20260302;000000000000140729;288.92;54.90;0003;;;;
0900417711;000010;ZSNB;20260302;C;;M;20260302;000000000000154643;408.39;77.60;0103;;;;
0900417711;000020;ZSNB;20260302;C;;M;20260302;000000000000155514;341.92;64.96;0103;;;;
0900417712;000001;ZSNB;20260302;C;;M;20260302;000000000001057682;208.85;39.68;0024;;;;
0900417713;000001;ZBEN;20260302;C;;M;20260302;000000000001007937;210.00;39.90;0102;;;;
0900417713;000002;ZBEN;20260302;C;;M;20260302;000000000000000397;33.53;6.37;0024;;;;
0900417714;000001;ZBEN;20260302;C;;M;20260302;000000000001057682;104.43;19.84;0024;;;;
0900417714;000002;ZBEN;20260302;C;;M;20260302;000000000000000397;33.53;6.37;0024;;;;
0900417715;000002;ZBEN;20260302;C;;M;20260302;000000000000000397;33.53;6.37;0024;;;;
0900417715;000012;ZBEN;20260302;C;;M;20260302;000000000000837669;1260.42;239.48;0102;;;;
0900417716;000001;ZBEN;20260302;C;;M;20260302;000000000000797245;420.08;79.82;0102;;;;
0900417716;000002;ZBEN;20260302;C;;M;20260302;000000000000000397;33.53;6.37;0024;;;;
0900417717;000010;ZSNB;20260302;C;;M;20260302;000000000000700404;406.76;77.28;0034;;;;
0900417718;000010;ZSNB;20260302;C;;M;20260302;000000000000866477;823.24;156.42;0034;;;;
0900417719;000010;ZSNB;20260302;C;;M;20260302;000000000000729392;548.94;104.30;0103;;;;
0900417720;000001;ZBEN;20260302;C;;M;20260302;000000000000155469;145.37;27.62;0103;;;;
0900417721;000001;ZBEN;20260302;C;;M;20260302;000000000001007937;210.00;39.90;0102;;;;
0900417722;000010;ZSNB;20260302;C;;M;20260302;000000000000770714;10222.11;1942.20;0034;;;;
0900417724;000010;ZSNB;20260302;C;;M;20260302;000000000000851961;3438.30;653.28;0016;;;;
0900417725;000010;ZDML;20260302;C;;P;20260302;000000000000922301;425.56;80.86;0253;;;;
0900417725;000020;ZDML;20260302;C;;P;20260302;000000000000922066;36.56;6.95;0253;;;;
0900417725;000030;ZDML;20260302;C;;P;20260302;000000000000922018;292.96;55.66;0253;;;;
0900417725;000040;ZDML;20260302;C;;P;20260302;000000000000923298;1030.53;195.80;0083;;;;
0900417725;000050;ZDML;20260302;C;;P;20260302;CS51;2200.02;418.00;0082;;;;
0900417725;000060;ZDML;20260302;C;;P;20260302;VARIOS_LIVIANO;173.95;33.05;0027;;;;
0900417726;000010;ZSNB;20260302;C;;M;20260302;000000000000156431;248.18;47.15;0103;;;;
0900417727;000010;ZSNB;20260302;C;;M;20260302;000000000000162133;728.69;138.45;0310;;;;
0900417727;000020;ZSNB;20260302;C;;M;20260302;000000000000835318;246.83;46.90;0013;;;;
0900417728;000010;ZSNB;20260302;C;;M;20260302;000000000000819714;220.88;41.97;0200;;;;
0900417728;000020;ZSNB;20260302;C;;M;20260302;000000000000819715;671.36;127.56;0200;;;;
0900417728;000030;ZSNB;20260302;C;;M;20260302;000000000000819716;381.06;72.40;0200;;;;
0900417728;000040;ZSNB;20260302;C;;M;20260302;000000000000819713;178.34;33.88;0200;;;;
0900417728;000050;ZSNB;20260302;C;;M;20260302;000000000000727966;404.56;76.87;0200;;;;
0900417728;000060;ZSNB;20260302;C;;M;20260302;000000000000754274;891.27;169.34;0013;;;;
0900417729;000010;ZSNB;20260302;C;;M;20260302;000000000000700781;1533.31;291.32;0034;;;;
0900417729;000020;ZSNB;20260302;C;;M;20260302;000000000000743752;445.29;84.61;0034;;;;
0900417729;000030;ZSNB;20260302;C;;M;20260302;000000000000700781;511.10;97.11;0034;;;;
0900417730;000010;ZSNB;20260302;C;;M;20260302;000000000000156431;248.18;47.15;0103;;;;
0900417730;000020;ZSNB;20260302;C;;M;20260302;000000000000188937;370.56;70.41;0103;;;;
0900417730;000030;ZSNB;20260302;C;;M;20260302;000000000000188936;271.53;51.59;0103;;;;
0900417730;000040;ZSNB;20260302;C;;M;20260302;000000000000170833;757.31;143.89;0103;;;;
0900417730;000050;ZSNB;20260302;C;;M;20260302;000000000000170834;530.44;100.78;0103;;;;
0900417732;000020;ZDRP;20260302;C;;P;20260302;CS40;3407.04;647.34;0082;;;;
0900417732;000030;ZDRP;20260302;C;;P;20260302;000000000001034573;6122.80;1163.33;0034;;;;
0900417732;000040;ZDRP;20260302;C;;P;20260302;000000000001057682;407.43;77.41;0024;;;;
0900417732;000060;ZDRP;20260302;C;;P;20260302;000000000000918918;2865.31;544.41;0034;;;;
0900417732;000070;ZDRP;20260302;C;;P;20260302;000000000000860509;22.76;4.32;0034;;;;
0900417732;000080;ZDRP;20260302;C;;P;20260302;000000000000860775;39.59;7.52;0034;;;;
0900417732;000090;ZDRP;20260302;C;;P;20260302;000000000000860755;34.13;6.48;0034;;;;
0900417732;000100;ZDRP;20260302;C;;P;20260302;SERV.EXTERNO;7200.00;1368.00;0086;;;;
0900417732;000110;ZDRP;20260302;C;;P;20260302;000000000000714453;82.26;15.63;0034;;;;
0900417732;000120;ZDRP;20260302;C;;P;20260302;000000000000936473;7182.04;1364.59;0034;;;;
0900417732;000140;ZDRP;20260302;C;;P;20260302;000000000000859386;10337.77;1964.18;0034;;;;
0900417732;000150;ZDRP;20260302;C;;P;20260302;CS38;13833.25;2628.32;0082;;;;
0900417733;000001;ZBEN;20260302;C;;M;20260302;000000000000977530;252.02;47.88;0102;;;;
0900417734;000010;ZSNB;20260302;C;;M;20260302;000000000000115884;614.30;116.72;0103;;;;
0900417734;000020;ZSNB;20260302;C;;M;20260302;000000000000171739;299.99;57.00;0103;;;;
0900417734;000030;ZSNB;20260302;C;;M;20260302;000000000000156546;61.87;11.76;0103;;;;
0900417734;000040;ZSNB;20260302;C;;M;20260302;000000000000728202;307.15;58.36;0103;;;;
0900417734;000050;ZSNB;20260302;C;;M;20260302;000000000000162956;528.39;100.39;0103;;;;
0900417734;000060;ZSNB;20260302;C;;M;20260302;000000000000164951;705.15;133.97;0103;;;;
0900417736;000010;ZSNB;20260302;C;;M;20260302;000000000001067719;3336.02;633.84;0103;;;;
0900417736;000020;ZSNB;20260302;C;;M;20260302;000000000000786063;19.87;3.78;0103;;;;
0900417737;000010;ZSNB;20260302;C;;M;20260302;000000000000155802;1145.52;217.65;0103;;;;
0900417738;000010;ZSNB;20260302;C;;M;20260302;000000000000818466;5572.17;1058.71;0103;;;;
0900417739;000010;ZSNB;20260302;C;;M;20260302;000000000001057682;104.43;19.84;0024;;;;
0096967316;000010;S1;20260302;C;;N;20260302;000000000001021879;1994.17;378.89;0292;;;;
0900417740;000010;ZSNB;20260302;C;;M;20260302;000000000000859899;88.96;16.90;0114;;;;
0900417740;000020;ZSNB;20260302;C;;M;20260302;000000000000109453;1991.87;378.46;0013;;;;
0900417740;000040;ZSNB;20260302;C;;M;20260302;000000000000103401;107.64;20.45;0013;;;;
0900417740;000060;ZSNB;20260302;C;;M;20260302;000000000000980850;4585.43;871.23;0013;;;;
0900417740;000070;ZSNB;20260302;C;;M;20260302;000000000000743950;275.48;52.34;0013;;;;
0900417740;000080;ZSNB;20260302;C;;M;20260302;000000000000738326;495.87;94.22;0013;;;;
0900417740;000090;ZSNB;20260302;C;;M;20260302;000000000000734494;1034.90;196.63;0013;;;;
0900417740;000100;ZSNB;20260302;C;;M;20260302;000000000000744029;1092.88;207.65;0013;;;;
0900417740;000110;ZSNB;20260302;C;;M;20260302;000000000000116147;1514.70;287.79;0013;;;;
0900417740;000120;ZSNB;20260302;C;;M;20260302;000000000000116147;1514.70;287.79;0013;;;;
0900417742;000030;ZSNB;20260302;C;;M;20260302;000000000000104307;761.58;144.70;0013;;;;
0900417743;000010;S1;20260302;C;;N;20260302;000000000000704190;106.64;20.26;0034;;;;
0900417743;000020;S1;20260302;C;;N;20260302;000000000000705627;31.44;5.97;0034;;;;
0900417743;000030;S1;20260302;C;;N;20260302;000000000000705630;76.94;14.62;0034;;;;
0900417743;000040;S1;20260302;C;;N;20260302;000000000000724714;3807.66;723.46;0034;;;;
0900417743;000050;S1;20260302;C;;N;20260302;000000000000728953;11.84;2.25;0034;;;;
0900417743;000070;S1;20260302;C;;N;20260302;000000000000767206;59.77;11.36;0034;;;;
0900417743;000080;S1;20260302;C;;N;20260302;000000000000767340;445.23;84.59;0034;;;;
0900417743;000090;S1;20260302;C;;N;20260302;000000000000821466;2473.26;469.92;0034;;;;
0900417743;000100;S1;20260302;C;;N;20260302;000000000000850329;19545.76;3713.69;0034;;;;
0900417743;000110;S1;20260302;C;;N;20260302;000000000000859386;10337.77;1964.18;0034;;;;
0900417743;000120;S1;20260302;C;;N;20260302;CS38;8398.18;1595.65;0082;;;;
0900417743;000130;S1;20260302;C;;N;20260302;CS40;3407.04;647.34;0082;;;;
0900417743;000140;S1;20260302;C;;N;20260302;VARIOS_CAM;3300.00;627.00;0027;;;;
0900417743;000150;S1;20260302;C;;N;20260302;000000000001057682;407.43;77.41;0024;;;;
0900417744;000010;ZDBE;20260302;C;;P;20260302;CS51;100.00;19.00;0082;;;;
0900417744;000020;ZDBE;20260302;C;;P;20260302;VARIOS_LIVIANO;26.05;4.95;0027;;;;
0900417745;000010;ZSNB;20260302;C;;M;20260302;000000000001003607;1867.24;354.78;0016;;;;
0900417746;000010;ZSNB;20260302;C;;M;20260302;000000000000857453;1185.48;225.24;0016;;;;
0900417747;000010;ZSNB;20260302;C;;M;20260302;000000000000863888;3112.36;591.35;0016;;;;
0900417750;000010;ZSNB;20260302;C;;M;20260302;000000000000850201;601.46;114.28;0016;;;;
0900417751;000020;ZSNB;20260302;C;;M;20260302;000000000000803015;15285.54;2904.25;0006;;;;
0900417752;000010;ZSNB;20260302;C;;M;20260302;000000000000863883;11943.53;2269.27;0019;;;;
0900417753;000010;ZSNB;20260302;C;;M;20260302;000000000000996082;1482.78;281.73;0002;;;;
0900417754;000010;ZSNB;20260302;C;;M;20260302;000000000000813503;69.48;13.21;0200;;;;
0900417754;000020;ZSNB;20260302;C;;M;20260302;000000000000135228;28.02;5.32;0200;;;;
0900417755;000010;ZBEN;20260302;C;;M;20260302;000000000000914464;210.00;39.90;0102;;;;
0900417757;000001;ZBEN;20260302;C;;M;20260302;000000000000809203;1534.62;291.58;0016;;;;
0900417758;000010;ZSNB;20260302;C;;M;20260302;000000000000863888;3112.36;591.35;0016;;;;
0096967317;000010;S1;20260302;C;;N;20260302;000000000000842579;2434.02;462.46;0103;;;;
0900417760;000010;ZSNB;20260302;C;;M;20260302;000000000000842579;2434.02;462.46;0103;;;;
0900417762;000010;ZSNB;20260302;C;;M;20260302;000000000000816349;2019.56;383.72;0016;;;;
0900417763;000020;ZSNB;20260302;C;;M;20260302;000000000000757981;241.98;45.98;0103;;;;
0900417763;000030;ZSNB;20260302;C;;M;20260302;000000000000884191;1210.19;229.93;0103;;;;
0900417763;000040;ZSNB;20260302;C;;M;20260302;000000000000164694;320.10;60.82;0103;;;;
0900417763;000050;ZSNB;20260302;C;;M;20260302;000000000000170833;757.31;143.89;0103;;;;
0900417763;000060;ZSNB;20260302;C;;M;20260302;000000000000170834;530.44;100.78;0103;;;;
0900417763;000070;ZSNB;20260302;C;;M;20260302;000000000000735982;899.37;170.88;0005;;;;
0900417764;000010;ZNCN;20260302;C;;O;20260302;NC01;4302.76;817.52;0180;;;;
0900417765;000010;ZSNB;20260302;C;;M;20260302;000000000000828615;4459.03;847.22;0016;;;;
0900417766;000010;ZSNB;20260302;C;;M;20260302;000000000000747130;928.10;176.34;0103;;;;
0900417766;000020;ZSNB;20260302;C;;M;20260302;000000000000155526;15.78;3.00;0103;;;;
0900417766;000030;ZSNB;20260302;C;;M;20260302;000000000000774145;268.24;50.97;0103;;;;
0900417766;000040;ZSNB;20260302;C;;M;20260302;000000000000154842;0.44;0.08;0103;;;;
0900417766;000050;ZSNB;20260302;C;;M;20260302;000000000000155526;15.78;3.00;0103;;;;
0900417766;000060;ZSNB;20260302;C;;M;20260302;000000000000761618;939.49;178.50;0103;;;;
0900417766;000070;ZSNB;20260302;C;;M;20260302;000000000000747126;4121.33;783.05;0103;;;;
0900417767;000010;ZSNB;20260302;C;;M;20260302;000000000000728941;21065.93;4002.53;0103;;;;
0900417768;000010;ZDBE;20260302;C;;P;20260302;CS54;1352.00;256.88;0082;;;;
0900417769;000010;ZSNB;20260302;C;;M;20260302;000000000000832561;1659.54;315.31;0019;;;;
0900417771;000010;ZSNB;20260302;C;;M;20260302;000000000000972995;721.25;137.04;0103;;;;
0900417772;000010;ZBEN;20260302;C;;M;20260302;000000000000914464;210.00;39.90;0102;;;;
0900417773;000010;ZBEN;20260302;C;;M;20260302;000000000000965018;2622.74;498.32;0016;;;;
0900417774;000010;ZSNB;20260302;C;;M;20260302;000000000000773433;294.07;55.87;0005;;;;
0900417775;000010;ZSNB;20260302;C;;M;20260302;000000000000700431;771.13;146.51;0034;;;;
0900417775;000040;ZSNB;20260302;C;;M;20260302;000000000000700770;253.99;48.26;0034;;;;
0900417775;000050;ZSNB;20260302;C;;M;20260302;000000000000700400;282.76;53.72;0034;;;;
0900417775;000060;ZSNB;20260302;C;;M;20260302;000000000000700724;300.68;57.13;0034;;;;
0900417775;000070;ZSNB;20260302;C;;M;20260302;000000000000704094;278.46;52.91;0034;;;;
0900417778;000010;S1;20260228;C;;N;20260302;CS08;15167.70;2881.86;0082;;;;
0900417778;000020;S1;20260228;C;;N;20260302;000000000000164951;634.58;120.57;0103;;;;
0900417778;000030;S1;20260228;C;;N;20260302;000000000000162956;528.39;100.39;0103;;;;
0900417778;000040;S1;20260228;C;;N;20260302;000000000000171739;299.99;57.00;0103;;;;
0900417778;000050;S1;20260228;C;;N;20260302;000000000000735981;601.69;114.32;0005;;;;
0900417778;000060;S1;20260228;C;;N;20260302;000000000000728202;307.15;58.36;0103;;;;
0900417778;000070;S1;20260228;C;;N;20260302;000000000000115884;614.30;116.72;0103;;;;
0900417778;000080;S1;20260228;C;;N;20260302;000000000000159466;89.31;16.97;0103;;;;
0900417778;000090;S1;20260228;C;;N;20260302;000000000000180624;154.08;29.28;0103;;;;
0900417778;000100;S1;20260228;C;;N;20260302;CS40;8080.80;1535.35;0082;;;;
0900417778;000110;S1;20260228;C;;N;20260302;SERV.EXTERNO;12000.00;2280.00;0086;;;;
0900417778;000120;S1;20260228;C;;N;20260302;000000000000704990;140.06;26.61;0034;;;;
0900417778;000130;S1;20260228;C;;N;20260302;000000000000177451;47.89;9.10;0103;;;;
0900417778;000140;S1;20260228;C;;N;20260302;000000000000771134;304.39;57.83;0013;;;;
0900417778;000150;S1;20260228;C;;N;20260302;000000000000713780;119.58;22.72;0013;;;;
0900417778;000160;S1;20260228;C;;N;20260302;000000000000713754;183.98;34.96;0013;;;;
0900417778;000170;S1;20260228;C;;N;20260302;000000000000757231;2079.59;395.12;0013;;;;
0900417778;000180;S1;20260228;C;;N;20260302;000000000000713746;3473.35;659.94;0013;;;;
0900417778;000190;S1;20260228;C;;N;20260302;000000000000191358;455.67;86.58;0013;;;;
0900417778;000200;S1;20260228;C;;N;20260302;000000000000887311;529.41;100.59;0024;;;;
0900417778;000210;S1;20260228;C;;N;20260302;000000000000114894;648.44;123.20;0310;;;;
0900417778;000220;S1;20260228;C;;N;20260302;000000000000819909;297.40;56.51;0001;;;;
0900417778;000230;S1;20260228;C;;N;20260302;000000000000828304;941.25;178.84;0001;;;;
0900417778;000240;S1;20260228;C;;N;20260302;000000000000819952;259.43;49.29;0001;;;;
0900417778;000250;S1;20260228;C;;N;20260302;000000000000819951;127.90;24.30;0001;;;;
0900417778;000260;S1;20260228;C;;N;20260302;000000000000717613;1028.26;195.37;0001;;;;
0900417778;000270;S1;20260228;C;;N;20260302;000000000000819953;71.19;13.53;0001;;;;
0900417778;000280;S1;20260228;C;;N;20260302;000000000000772299;1635.66;310.78;0001;;;;
0900417778;000290;S1;20260228;C;;N;20260302;000000000000772461;32.77;6.23;0001;;;;
0900417778;000300;S1;20260228;C;;N;20260302;000000000000717614;46.78;8.89;0001;;;;
0900417778;000310;S1;20260228;C;;N;20260302;000000000000717615;37.06;7.04;0001;;;;
0900417778;000320;S1;20260228;C;;N;20260302;000000000000735475;327.01;62.13;0001;;;;
0900417778;000330;S1;20260228;C;;N;20260302;000000000000800753;3353.51;637.17;0001;;;;
0900417778;000340;S1;20260228;C;;N;20260302;000000000000143944;515.04;97.86;0001;;;;
0900417778;000350;S1;20260228;C;;N;20260302;000000000000107430;1189.87;226.08;0013;;;;
0900417778;000360;S1;20260228;C;;N;20260302;000000000000791502;880.00;167.20;0001;;;;
0900417778;000370;S1;20260228;C;;N;20260302;000000000000791501;2621.96;498.17;0001;;;;
0900417778;000380;S1;20260228;C;;N;20260302;CS08;7983.00;1516.77;0082;;;;
0900417778;000390;S1;20260228;C;;N;20260302;000000000000770767;115.29;21.91;0013;;;;
0900417778;000400;S1;20260228;C;;N;20260302;000000000000733380;1292.80;245.63;0013;;;;
0900417778;000410;S1;20260228;C;;N;20260302;000000000000717234;376.35;71.51;0013;;;;
0900417778;000420;S1;20260228;C;;N;20260302;000000000000717233;401.09;76.21;0013;;;;
0900417778;000430;S1;20260228;C;;N;20260302;000000000000885006;1756.94;333.82;0034;;;;
0900417778;000440;S1;20260228;C;;N;20260302;SERV.EXTERNO;425.00;80.75;0086;;;;
0900417778;000450;S1;20260228;C;;N;20260302;VARIOS_MAQ;67.50;12.83;0027;;;;
0900417778;000460;S1;20260228;C;;N;20260302;MOV0002;1995.21;379.09;0070;;;;
0900417778;000470;S1;20260228;C;;N;20260302;SERV.EXTERNO;18765.00;3565.35;0086;;;;
0900417778;000480;S1;20260228;C;;N;20260302;000000000000772367;4906.52;932.24;0013;;;;
0900417778;000490;S1;20260228;C;;N;20260302;000000000000809800;262.11;49.80;0013;;;;
0900417778;000500;S1;20260228;C;;N;20260302;CS08;11974.50;2275.16;0082;;;;
0900417778;000510;S1;20260228;C;;N;20260302;000000000000735982;918.00;174.42;0005;;;;
0900417778;000520;S1;20260228;C;;N;20260302;000000000000735981;590.86;112.26;0005;;;;
0900417778;000530;S1;20260228;C;;N;20260302;000000000000180624;154.08;29.28;0103;;;;
0900417778;000540;S1;20260228;C;;N;20260302;000000000000159466;89.31;16.97;0103;;;;
0900417778;000550;S1;20260228;C;;N;20260302;000000000000162956;528.39;100.39;0103;;;;
0900417778;000560;S1;20260228;C;;N;20260302;000000000000164951;634.58;120.57;0103;;;;
0900417778;000570;S1;20260228;C;;N;20260302;000000000000728202;307.15;58.36;0103;;;;
0900417778;000580;S1;20260228;C;;N;20260302;000000000000115884;614.30;116.72;0103;;;;
0900417778;000590;S1;20260228;C;;N;20260302;000000000000171739;299.99;57.00;0103;;;;
0900417778;000600;S1;20260228;C;;N;20260302;000000000000163175;362.95;68.96;0103;;;;
0900417778;000610;S1;20260228;C;;N;20260302;000000000000163176;3014.22;572.70;0103;;;;
0900417778;000620;S1;20260228;C;;N;20260302;000000000000191022;50.70;9.63;0103;;;;
0900417778;000630;S1;20260228;C;;N;20260302;000000000000163429;5.79;1.10;0103;;;;
0900417778;000640;S1;20260228;C;;N;20260302;000000000000191779;5.60;1.06;0103;;;;
0900417778;000650;S1;20260228;C;;N;20260302;000000000000115670;2794.38;530.93;0103;;;;
0900417778;000660;S1;20260228;C;;N;20260302;000000000000140628;2989.66;568.04;0103;;;;
0900417778;000670;S1;20260228;C;;N;20260302;000000000000191164;401.35;76.26;0103;;;;
0900417778;000680;S1;20260228;C;;N;20260302;000000000000852567;87.48;16.62;0103;;;;
0900417778;000690;S1;20260228;C;;N;20260302;000000000000724349;490.99;93.29;0103;;;;
0900417778;000700;S1;20260228;C;;N;20260302;000000000000159242;165.31;31.41;0103;;;;
0900417778;000710;S1;20260228;C;;N;20260302;000000000000160256;19.19;3.65;0103;;;;
0900417778;000720;S1;20260228;C;;N;20260302;000000000000743842;3725.85;707.91;0103;;;;
0900417778;000730;S1;20260228;C;;N;20260302;000000000000735982;1836.00;348.84;0005;;;;
0900417778;000740;S1;20260228;C;;N;20260302;000000000000180624;154.08;29.28;0103;;;;
0900417778;000750;S1;20260228;C;;N;20260302;000000000000159466;89.31;16.97;0103;;;;
0900417778;000760;S1;20260228;C;;N;20260302;000000000000162956;528.39;100.39;0103;;;;
0900417778;000770;S1;20260228;C;;N;20260302;000000000000164951;634.58;120.57;0103;;;;
0900417778;000780;S1;20260228;C;;N;20260302;000000000000728202;307.15;58.36;0103;;;;
0900417778;000790;S1;20260228;C;;N;20260302;000000000000115884;614.30;116.72;0103;;;;
0900417778;000800;S1;20260228;C;;N;20260302;000000000000171739;299.99;57.00;0103;;;;
0900417778;000810;S1;20260228;C;;N;20260302;CS08;7983.00;1516.77;0082;;;;
0900417778;000820;S1;20260228;C;;N;20260302;VARIOS_MAQ;45.00;8.55;0027;;;;
0900417778;000830;S1;20260228;C;;N;20260302;SERV.EXTERNO;473.82;90.03;0086;;;;
0900417778;000840;S1;20260228;C;;N;20260302;MOV0002;1831.30;347.95;0070;;;;
0900417778;000850;S1;20260228;C;;N;20260302;000000000000121484;227.57;43.24;0001;;;;
0900417778;000860;S1;20260228;C;;N;20260302;000000000000145280;228.48;43.41;0001;;;;
0900417778;000870;S1;20260228;C;;N;20260302;000000000000771459;49.67;9.44;0013;;;;
0900417778;000880;S1;20260228;C;;N;20260302;000000000000713587;60.10;11.42;0013;;;;
0900417778;000890;S1;20260228;C;;N;20260302;000000000000799450;59.48;11.30;0013;;;;
0900417778;000900;S1;20260228;C;;N;20260302;000000000000893069;27.79;5.28;0013;;;;
0900417778;000910;S1;20260228;C;;N;20260302;000000000000771134;304.39;57.83;0013;;;;
0900417778;000920;S1;20260228;C;;N;20260302;000000000000713780;119.58;22.72;0013;;;;
0900417778;000930;S1;20260228;C;;N;20260302;000000000000713754;183.98;34.96;0013;;;;
0900417778;000940;S1;20260228;C;;N;20260302;000000000000757231;1386.39;263.41;0013;;;;
0900417778;000950;S1;20260228;C;;N;20260302;000000000000713746;3473.35;659.94;0013;;;;
0900417778;000960;S1;20260228;C;;N;20260302;CS40;16161.60;3070.70;0082;;;;
0900417778;000970;S1;20260228;C;;N;20260302;SERV.EXTERNO;1324.96;251.74;0086;;;;
0900417778;000980;S1;20260228;C;;N;20260302;VARIOS_CAM;45.00;8.55;0027;;;;
0900417778;000990;S1;20260228;C;;N;20260302;MOV0001;538.94;102.40;0070;;;;
0900417778;001000;S1;20260228;C;;N;20260302;SERV.EXTERNO;1238.91;235.39;0086;;;;
0900417778;001010;S1;20260228;C;;N;20260302;CS03;3991.50;758.39;0082;;;;
0900417778;001020;S1;20260228;C;;N;20260302;000000000000739713;901.34;171.25;0103;;;;
0900417778;001030;S1;20260228;C;;N;20260302;000000000000733752;2145.63;407.67;0103;;;;
0900417778;001040;S1;20260228;C;;N;20260302;000000000000755624;497.64;94.55;0013;;;;
0900417778;001050;S1;20260228;C;;N;20260302;000000000000183563;1168.56;222.03;0005;;;;
0900417778;001060;S1;20260228;C;;N;20260302;000000000000160256;38.38;7.29;0103;;;;
0900417778;001070;S1;20260228;C;;N;20260302;000000000000159242;165.31;31.41;0103;;;;
0900417778;001080;S1;20260228;C;;N;20260302;000000000000163176;3014.22;572.70;0103;;;;
0900417778;001090;S1;20260228;C;;N;20260302;000000000000743842;3725.85;707.91;0103;;;;
0900417778;001100;S1;20260228;C;;N;20260302;000000000000735982;918.00;174.42;0005;;;;
0900417778;001110;S1;20260228;C;;N;20260302;000000000000191545;37.29;7.09;0001;;;;
0900417778;001120;S1;20260228;C;;N;20260302;000000000000191542;340.35;64.67;0001;;;;
0900417778;001130;S1;20260228;C;;N;20260302;000000000000109258;212.79;40.43;0001;;;;
0900417778;001140;S1;20260228;C;;N;20260302;000000000000109255;463.97;88.15;0001;;;;
0900417778;001150;S1;20260228;C;;N;20260302;000000000000192424;705.98;134.14;0009;;;;
0900417778;001160;S1;20260228;C;;N;20260302;000000000000169035;649.37;123.38;0001;;;;
0900417778;001170;S1;20260228;C;;N;20260302;000000000000109259;1263.42;240.05;0001;;;;
0900417778;001180;S1;20260228;C;;N;20260302;CS08;7983.00;1516.77;0082;;;;
0900417778;001190;S1;20260228;C;;N;20260302;MOV0002;1616.82;307.20;0070;;;;
0900417778;001200;S1;20260228;C;;N;20260302;000000000000120150;5.00;0.95;0103;;;;
0900417778;001210;S1;20260228;C;;N;20260302;000000000000131541;348.20;66.16;0103;;;;
0900417778;001220;S1;20260228;C;;N;20260302;000000000000154780;282.14;53.61;0103;;;;
0900417778;001230;S1;20260228;C;;N;20260302;000000000000155728;558.48;106.11;0103;;;;
0900417778;001240;S1;20260228;C;;N;20260302;000000000000156254;191.69;36.42;0103;;;;
0900417778;001250;S1;20260228;C;;N;20260302;CS08;132880.97;25247.30;0082;;;;
0900417778;001260;S1;20260228;C;;N;20260302;MOV0002;863.40;164.05;0070;;;;
0900417778;001270;S1;20260228;C;;N;20260302;SERV.EXTERNO;275.00;52.25;0086;;;;
0900417778;001280;S1;20260228;C;;N;20260302;000000000000887311;529.41;100.59;0024;;;;
0900417778;001290;S1;20260228;C;;N;20260302;CS08;100414.74;19078.80;0082;;;;
0900417780;000010;ZBEN;20260302;C;;M;20260302;000000000000806756;1810.78;344.05;0016;;;;
0900417781;000010;ZSNB;20260302;C;;M;20260302;000000000000122824;99.54;18.91;0103;;;;
0900417781;000020;ZSNB;20260302;C;;M;20260302;000000000001008088;210.00;39.90;0102;;;;
0900417782;000010;ZSNB;20260302;C;;M;20260302;000000000000757344;1008.63;191.64;0103;;;;
0900417782;000020;ZSNB;20260302;C;;M;20260302;000000000000757345;339.64;64.53;0103;;;;
0900417782;000030;ZSNB;20260302;C;;M;20260302;000000000000757342;255.43;48.53;0103;;;;
0900417785;000010;ZSNB;20260302;C;;M;20260302;000000000000156431;248.18;47.15;0103;;;;
0900417785;000020;ZSNB;20260302;C;;M;20260302;000000000000188936;271.53;51.59;0103;;;;
0900417785;000030;ZSNB;20260302;C;;M;20260302;000000000000188937;370.56;70.41;0103;;;;
0900417785;000040;ZSNB;20260302;C;;M;20260302;000000000000170833;757.31;143.89;0103;;;;
0900417785;000050;ZSNB;20260302;C;;M;20260302;000000000000170834;530.44;100.78;0103;;;;
0900417785;000060;ZSNB;20260302;C;;M;20260302;000000000000180624;154.08;29.28;0103;;;;
0900417785;000070;ZSNB;20260302;C;;M;20260302;000000000000159466;99.20;18.85;0103;;;;
0096967318;000010;S1;20260302;C;;N;20260302;000000000000879214;1806.71;343.27;0034;;;;
0096967318;000030;S1;20260302;C;;N;20260302;000000000000702529;188.44;35.80;0034;;;;
0096967318;000040;S1;20260302;C;;N;20260302;000000000000700940;350.81;66.65;0034;;;;
0096967318;000050;S1;20260302;C;;N;20260302;000000000000700936;420.40;79.88;0034;;;;
0096967318;000060;S1;20260302;C;;N;20260302;000000000000713481;70.67;13.43;0034;;;;
0096967318;000070;S1;20260302;C;;N;20260302;000000000000866448;415.54;78.95;0034;;;;
0096967318;000080;S1;20260302;C;;N;20260302;000000000000858946;341.72;64.93;0034;;;;
0096967318;000090;S1;20260302;C;;N;20260302;000000000000858954;916.24;174.09;0034;;;;
0096967318;000100;S1;20260302;C;;N;20260302;000000000000700884;327.57;62.24;0034;;;;
0900417786;000010;ZDRP;20260228;C;;P;20260302;CS08;15167.70;2881.86;0082;;;;
0900417786;000020;ZDRP;20260228;C;;P;20260302;000000000000164951;634.58;120.57;0103;;;;
0900417786;000030;ZDRP;20260228;C;;P;20260302;000000000000162956;528.39;100.39;0103;;;;
0900417786;000040;ZDRP;20260228;C;;P;20260302;000000000000171739;299.99;57.00;0103;;;;
0900417786;000050;ZDRP;20260228;C;;P;20260302;000000000000735981;601.69;114.32;0005;;;;
0900417786;000060;ZDRP;20260228;C;;P;20260302;000000000000728202;307.15;58.36;0103;;;;
0900417786;000070;ZDRP;20260228;C;;P;20260302;000000000000115884;614.30;116.72;0103;;;;
0900417786;000080;ZDRP;20260228;C;;P;20260302;000000000000159466;89.31;16.97;0103;;;;
0900417786;000090;ZDRP;20260228;C;;P;20260302;000000000000180624;154.08;29.28;0103;;;;
0900417786;000100;ZDRP;20260228;C;;P;20260302;CS40;8080.80;1535.35;0082;;;;
0900417786;000110;ZDRP;20260228;C;;P;20260302;SERV.EXTERNO;12000.00;2280.00;0086;;;;
0900417786;000120;ZDRP;20260228;C;;P;20260302;000000000000704990;140.06;26.61;0034;;;;
0900417786;000130;ZDRP;20260228;C;;P;20260302;000000000000177451;47.89;9.10;0103;;;;
0900417786;000140;ZDRP;20260228;C;;P;20260302;000000000000771134;304.39;57.83;0013;;;;
0900417786;000150;ZDRP;20260228;C;;P;20260302;000000000000713780;119.58;22.72;0013;;;;
0900417786;000160;ZDRP;20260228;C;;P;20260302;000000000000713754;183.98;34.96;0013;;;;
0900417786;000170;ZDRP;20260228;C;;P;20260302;000000000000757231;2079.59;395.12;0013;;;;
0900417786;000180;ZDRP;20260228;C;;P;20260302;000000000000713746;3473.35;659.94;0013;;;;
0900417786;000190;ZDRP;20260228;C;;P;20260302;000000000000191358;455.67;86.58;0013;;;;
0900417786;000200;ZDRP;20260228;C;;P;20260302;000000000000887311;529.41;100.59;0024;;;;
0900417786;000210;ZDRP;20260228;C;;P;20260302;000000000000114894;648.44;123.20;0310;;;;
0900417786;000220;ZDRP;20260228;C;;P;20260302;000000000000819909;297.40;56.51;0001;;;;
0900417786;000230;ZDRP;20260228;C;;P;20260302;000000000000828304;941.25;178.84;0001;;;;
0900417786;000240;ZDRP;20260228;C;;P;20260302;000000000000819952;259.43;49.29;0001;;;;
0900417786;000250;ZDRP;20260228;C;;P;20260302;000000000000819951;127.90;24.30;0001;;;;
0900417786;000260;ZDRP;20260228;C;;P;20260302;000000000000717613;1028.26;195.37;0001;;;;
0900417786;000270;ZDRP;20260228;C;;P;20260302;000000000000819953;71.19;13.53;0001;;;;
0900417786;000280;ZDRP;20260228;C;;P;20260302;000000000000772299;1635.66;310.78;0001;;;;
0900417786;000290;ZDRP;20260228;C;;P;20260302;000000000000772461;32.77;6.23;0001;;;;
0900417786;000300;ZDRP;20260228;C;;P;20260302;000000000000717614;46.78;8.89;0001;;;;
0900417786;000310;ZDRP;20260228;C;;P;20260302;000000000000717615;37.06;7.04;0001;;;;
0900417786;000320;ZDRP;20260228;C;;P;20260302;000000000000735475;327.01;62.13;0001;;;;
0900417786;000330;ZDRP;20260228;C;;P;20260302;000000000000800753;3353.51;637.17;0001;;;;
0900417786;000340;ZDRP;20260228;C;;P;20260302;000000000000143944;515.04;97.86;0001;;;;
0900417786;000350;ZDRP;20260228;C;;P;20260302;000000000000107430;1189.87;226.08;0013;;;;
0900417786;000360;ZDRP;20260228;C;;P;20260302;000000000000791502;880.00;167.20;0001;;;;
0900417786;000370;ZDRP;20260228;C;;P;20260302;000000000000791501;2621.96;498.17;0001;;;;
0900417786;000380;ZDRP;20260228;C;;P;20260302;CS08;7983.00;1516.77;0082;;;;
0900417786;000390;ZDRP;20260228;C;;P;20260302;000000000000770767;115.29;21.91;0013;;;;
0900417786;000400;ZDRP;20260228;C;;P;20260302;000000000000733380;1292.80;245.63;0013;;;;
0900417786;000410;ZDRP;20260228;C;;P;20260302;000000000000717234;376.35;71.51;0013;;;;
0900417786;000420;ZDRP;20260228;C;;P;20260302;000000000000717233;401.09;76.21;0013;;;;
0900417786;000430;ZDRP;20260228;C;;P;20260302;000000000000885006;1756.94;333.82;0034;;;;
0900417786;000440;ZDRP;20260228;C;;P;20260302;SERV.EXTERNO;425.00;80.75;0086;;;;
0900417786;000450;ZDRP;20260228;C;;P;20260302;VARIOS_MAQ;67.50;12.83;0027;;;;
0900417786;000460;ZDRP;20260228;C;;P;20260302;MOV0002;1995.21;379.09;0070;;;;
0900417786;000470;ZDRP;20260228;C;;P;20260302;SERV.EXTERNO;18765.00;3565.35;0086;;;;
0900417786;000480;ZDRP;20260228;C;;P;20260302;000000000000772367;4906.52;932.24;0013;;;;
0900417786;000490;ZDRP;20260228;C;;P;20260302;000000000000809800;262.11;49.80;0013;;;;
0900417786;000500;ZDRP;20260228;C;;P;20260302;CS08;11974.50;2275.16;0082;;;;
0900417786;000510;ZDRP;20260228;C;;P;20260302;000000000000735982;918.00;174.42;0005;;;;
0900417786;000520;ZDRP;20260228;C;;P;20260302;000000000000735981;590.86;112.26;0005;;;;
0900417786;000530;ZDRP;20260228;C;;P;20260302;000000000000180624;154.08;29.28;0103;;;;
0900417786;000540;ZDRP;20260228;C;;P;20260302;000000000000159466;89.31;16.97;0103;;;;
0900417786;000550;ZDRP;20260228;C;;P;20260302;000000000000162956;528.39;100.39;0103;;;;
0900417786;000560;ZDRP;20260228;C;;P;20260302;000000000000164951;634.58;120.57;0103;;;;
0900417786;000570;ZDRP;20260228;C;;P;20260302;000000000000728202;307.15;58.36;0103;;;;
0900417786;000580;ZDRP;20260228;C;;P;20260302;000000000000115884;614.30;116.72;0103;;;;
0900417786;000590;ZDRP;20260228;C;;P;20260302;000000000000171739;299.99;57.00;0103;;;;
0900417786;000600;ZDRP;20260228;C;;P;20260302;000000000000163175;362.95;68.96;0103;;;;
0900417786;000610;ZDRP;20260228;C;;P;20260302;000000000000163176;3014.22;572.70;0103;;;;
0900417786;000620;ZDRP;20260228;C;;P;20260302;000000000000191022;50.70;9.63;0103;;;;
0900417786;000630;ZDRP;20260228;C;;P;20260302;000000000000163429;5.79;1.10;0103;;;;
0900417786;000640;ZDRP;20260228;C;;P;20260302;000000000000191779;5.60;1.06;0103;;;;
0900417786;000650;ZDRP;20260228;C;;P;20260302;000000000000115670;2794.38;530.93;0103;;;;
0900417786;000660;ZDRP;20260228;C;;P;20260302;000000000000140628;2989.66;568.04;0103;;;;
0900417786;000670;ZDRP;20260228;C;;P;20260302;000000000000191164;401.35;76.26;0103;;;;
0900417786;000680;ZDRP;20260228;C;;P;20260302;000000000000852567;87.48;16.62;0103;;;;
0900417786;000690;ZDRP;20260228;C;;P;20260302;000000000000724349;490.99;93.29;0103;;;;
0900417786;000700;ZDRP;20260228;C;;P;20260302;000000000000159242;165.31;31.41;0103;;;;
0900417786;000710;ZDRP;20260228;C;;P;20260302;000000000000160256;19.19;3.65;0103;;;;
0900417786;000720;ZDRP;20260228;C;;P;20260302;000000000000743842;3725.85;707.91;0103;;;;
0900417786;000730;ZDRP;20260228;C;;P;20260302;000000000000735982;1836.00;348.84;0005;;;;
0900417786;000740;ZDRP;20260228;C;;P;20260302;000000000000180624;154.08;29.28;0103;;;;
0900417786;000750;ZDRP;20260228;C;;P;20260302;000000000000159466;89.31;16.97;0103;;;;
0900417786;000760;ZDRP;20260228;C;;P;20260302;000000000000162956;528.39;100.39;0103;;;;
0900417786;000770;ZDRP;20260228;C;;P;20260302;000000000000164951;634.58;120.57;0103;;;;
0900417786;000780;ZDRP;20260228;C;;P;20260302;000000000000728202;307.15;58.36;0103;;;;
0900417786;000790;ZDRP;20260228;C;;P;20260302;000000000000115884;614.30;116.72;0103;;;;
0900417786;000800;ZDRP;20260228;C;;P;20260302;000000000000171739;299.99;57.00;0103;;;;
0900417786;000810;ZDRP;20260228;C;;P;20260302;CS08;7983.00;1516.77;0082;;;;
0900417786;000820;ZDRP;20260228;C;;P;20260302;VARIOS_MAQ;45.00;8.55;0027;;;;
0900417786;000830;ZDRP;20260228;C;;P;20260302;SERV.EXTERNO;473.82;90.03;0086;;;;
0900417786;000840;ZDRP;20260228;C;;P;20260302;MOV0002;1831.30;347.95;0070;;;;
0900417786;000850;ZDRP;20260228;C;;P;20260302;000000000000121484;227.57;43.24;0001;;;;
0900417786;000860;ZDRP;20260228;C;;P;20260302;000000000000145280;228.48;43.41;0001;;;;
0900417786;000870;ZDRP;20260228;C;;P;20260302;000000000000771459;49.67;9.44;0013;;;;
0900417786;000880;ZDRP;20260228;C;;P;20260302;000000000000713587;60.10;11.42;0013;;;;
0900417786;000890;ZDRP;20260228;C;;P;20260302;000000000000799450;59.48;11.30;0013;;;;
0900417786;000900;ZDRP;20260228;C;;P;20260302;000000000000893069;27.79;5.28;0013;;;;
0900417786;000910;ZDRP;20260228;C;;P;20260302;000000000000771134;304.39;57.83;0013;;;;
0900417786;000920;ZDRP;20260228;C;;P;20260302;000000000000713780;119.58;22.72;0013;;;;
0900417786;000930;ZDRP;20260228;C;;P;20260302;000000000000713754;183.98;34.96;0013;;;;
0900417786;000940;ZDRP;20260228;C;;P;20260302;000000000000757231;1386.39;263.41;0013;;;;
0900417786;000950;ZDRP;20260228;C;;P;20260302;000000000000713746;3473.35;659.94;0013;;;;
0900417786;000960;ZDRP;20260228;C;;P;20260302;CS40;16161.60;3070.70;0082;;;;
0900417786;000970;ZDRP;20260228;C;;P;20260302;SERV.EXTERNO;1324.96;251.74;0086;;;;
0900417786;000980;ZDRP;20260228;C;;P;20260302;VARIOS_CAM;45.00;8.55;0027;;;;
0900417786;000990;ZDRP;20260228;C;;P;20260302;MOV0001;538.94;102.40;0070;;;;
0900417786;001000;ZDRP;20260228;C;;P;20260302;SERV.EXTERNO;1238.91;235.39;0086;;;;
0900417786;001010;ZDRP;20260228;C;;P;20260302;CS03;3991.50;758.39;0082;;;;
0900417786;001020;ZDRP;20260228;C;;P;20260302;000000000000739713;901.34;171.25;0103;;;;
0900417786;001030;ZDRP;20260228;C;;P;20260302;000000000000733752;2145.63;407.67;0103;;;;
0900417786;001040;ZDRP;20260228;C;;P;20260302;000000000000755624;497.64;94.55;0013;;;;
0900417786;001050;ZDRP;20260228;C;;P;20260302;000000000000183563;1168.56;222.03;0005;;;;
0900417786;001060;ZDRP;20260228;C;;P;20260302;000000000000160256;38.38;7.29;0103;;;;
0900417786;001070;ZDRP;20260228;C;;P;20260302;000000000000159242;165.31;31.41;0103;;;;
0900417786;001080;ZDRP;20260228;C;;P;20260302;000000000000163176;3014.22;572.70;0103;;;;
0900417786;001090;ZDRP;20260228;C;;P;20260302;000000000000743842;3725.85;707.91;0103;;;;
0900417786;001100;ZDRP;20260228;C;;P;20260302;000000000000735982;918.00;174.42;0005;;;;
0900417786;001110;ZDRP;20260228;C;;P;20260302;000000000000191545;37.29;7.09;0001;;;;
0900417786;001120;ZDRP;20260228;C;;P;20260302;000000000000191542;340.35;64.67;0001;;;;
0900417786;001130;ZDRP;20260228;C;;P;20260302;000000000000109258;212.79;40.43;0001;;;;
0900417786;001140;ZDRP;20260228;C;;P;20260302;000000000000109255;463.97;88.15;0001;;;;
0900417786;001150;ZDRP;20260228;C;;P;20260302;000000000000192424;705.98;134.14;0009;;;;
0900417786;001160;ZDRP;20260228;C;;P;20260302;000000000000169035;649.37;123.38;0001;;;;
0900417786;001170;ZDRP;20260228;C;;P;20260302;000000000000109259;1263.42;240.05;0001;;;;
0900417786;001180;ZDRP;20260228;C;;P;20260302;CS08;7983.00;1516.77;0082;;;;
0900417786;001190;ZDRP;20260228;C;;P;20260302;MOV0002;1616.82;307.20;0070;;;;
0900417786;001200;ZDRP;20260228;C;;P;20260302;000000000000120150;5.00;0.95;0103;;;;
0900417786;001210;ZDRP;20260228;C;;P;20260302;000000000000131541;348.20;66.16;0103;;;;
0900417786;001220;ZDRP;20260228;C;;P;20260302;000000000000154780;282.14;53.61;0103;;;;
0900417786;001230;ZDRP;20260228;C;;P;20260302;000000000000155728;558.48;106.11;0103;;;;
0900417786;001240;ZDRP;20260228;C;;P;20260302;000000000000156254;191.69;36.42;0103;;;;
0900417786;001250;ZDRP;20260228;C;;P;20260302;CS08;132880.97;25247.30;0082;;;;
0900417786;001260;ZDRP;20260228;C;;P;20260302;MOV0002;863.40;164.05;0070;;;;
0900417786;001270;ZDRP;20260228;C;;P;20260302;SERV.EXTERNO;275.00;52.25;0086;;;;
0900417786;001280;ZDRP;20260228;C;;P;20260302;000000000000887311;529.41;100.59;0024;;;;
0900417786;001290;ZDRP;20260228;C;;P;20260302;CS08;100414.74;19078.80;0082;;;;
0900417787;000010;ZSNB;20260302;C;;M;20260302;000000000001026329;3496.36;664.31;0014;;;;
0900417787;000020;ZSNB;20260302;C;;M;20260302;SN112;80.00;15.20;0016;;;;
0900417787;000030;ZSNB;20260302;C;;M;20260302;SN114;80.00;15.20;0016;;;;
0900417788;000010;ZSNB;20260302;C;;M;20260302;000000000000907926;3382.93;642.76;0016;;;;
0900417790;000010;ZSNB;20260302;C;;M;20260302;000000000001041683;1397.97;265.61;0014;;;;
0900417790;000020;ZSNB;20260302;C;;M;20260302;SN112;80.00;15.20;0016;;;;
0900417790;000030;ZSNB;20260302;C;;M;20260302;SN114;80.00;15.20;0016;;;;
0900417793;000010;ZSNB;20260302;C;;M;20260302;000000000000849204;6647.92;1263.10;0103;;;;
0900417795;000010;ZBEN;20260302;C;;M;20260302;000000000000965014;2360.58;448.51;0016;;;;
0900417799;000010;ZSNB;20260302;C;;M;20260302;000000000000757344;1008.63;191.64;0103;;;;
0900417799;000020;ZSNB;20260302;C;;M;20260302;000000000000757345;339.64;64.53;0103;;;;
0900417799;000030;ZSNB;20260302;C;;M;20260302;000000000000757342;255.43;48.53;0103;;;;
0900417801;000010;ZSNB;20260302;C;;M;20260302;000000000000830978;23963.38;4553.04;0016;;;;
0900417802;000010;ZSNB;20260302;C;;M;20260302;000000000000156431;248.18;47.15;0103;;;;
0900417802;000020;ZSNB;20260302;C;;M;20260302;000000000000903097;700.55;133.11;0103;;;;
0900417802;000030;ZSNB;20260302;C;;M;20260302;000000000000155377;203.01;38.57;0103;;;;
0900417802;000040;ZSNB;20260302;C;;M;20260302;000000000000113892;508.62;96.64;0103;;;;
0900417802;000050;ZSNB;20260302;C;;M;20260302;000000000000113893;241.02;45.79;0103;;;;
0900417802;000060;ZSNB;20260302;C;;M;20260302;000000000000159466;99.20;18.85;0103;;;;
0900417802;000070;ZSNB;20260302;C;;M;20260302;000000000000154453;379.35;72.08;0103;;;;
0900417803;000010;ZSNB;20260302;C;;M;20260302;000000000000835071;776.58;147.55;0019;;;;
0900417804;000010;ZSNB;20260302;C;;M;20260302;000000000000754390;4105.44;780.04;0103;;;;
0900417804;000020;ZSNB;20260302;C;;M;20260302;000000000000754401;3362.70;638.91;0103;;;;
0900417804;000030;ZSNB;20260302;C;;M;20260302;000000000000177456;3573.02;678.87;0103;;;;
0900417804;000040;ZSNB;20260302;C;;M;20260302;000000000000177455;2982.90;566.75;0103;;;;
0900417804;000060;ZSNB;20260302;C;;M;20260302;000000000000754401;672.54;127.78;0103;;;;
0900417804;000070;ZSNB;20260302;C;;M;20260302;000000000000177455;596.58;113.35;0103;;;;
0900417807;000010;ZSNB;20260302;C;;M;20260302;000000000000791352;6199.01;1177.81;0016;;;;
0900417807;000020;ZSNB;20260302;C;;M;20260302;000000000001026590;10945.49;2079.64;0016;;;;
0900417807;000030;ZSNB;20260302;C;;M;20260302;000000000000701511;3533.56;671.38;0016;;;;
0900417811;000010;ZSNB;20260302;C;;M;20260302;000000000000198592;575.98;109.44;0276;;;;
0900417813;000010;ZSNB;20260302;C;;M;20260302;000000000000806839;196.91;37.41;0251;;;;
0900417813;000020;ZSNB;20260302;C;;M;20260302;000000000000117967;614.60;116.77;0251;;;;
0900417813;000030;ZSNB;20260302;C;;M;20260302;000000000000913060;1013.32;192.53;0251;;;;
0900417813;000040;ZSNB;20260302;C;;M;20260302;000000000000147782;1092.52;207.59;0013;;;;
0900417814;000010;ZSNB;20260302;C;;M;20260302;000000000000160417;1200.07;228.01;0103;;;;
0900417815;000010;ZSNB;20260302;C;;M;20260302;000000000000917185;7776.30;1477.50;0016;;;;
0900417816;000010;ZSNB;20260302;C;;M;20260302;000000000000107897;497.64;94.55;0013;;;;
0900417819;000010;ZSNB;20260302;C;;M;20260302;000000000000754273;8444.92;1604.53;0013;;;;
0900417820;000010;ZBEN;20260302;C;;M;20260302;000000000001007937;210.00;39.90;0102;;;;
0900417822;000010;ZSNB;20260302;C;;M;20260302;000000000000827153;921.11;175.01;0019;;;;
0900417824;000010;ZSNB;20260302;C;;M;20260302;000000000000771169;70.88;13.47;0051;;;;
0900417824;000020;ZSNB;20260302;C;;M;20260302;000000000000136271;95.49;18.14;0010;;;;
0900417824;000030;ZSNB;20260302;C;;M;20260302;000000000000837739;363.72;69.11;0010;;;;
0900417824;000040;ZSNB;20260302;C;;M;20260302;000000000000897478;113.28;21.52;0051;;;;
0900417825;000010;ZSNB;20260302;C;;M;20260302;000000000000162133;728.69;138.45;0310;;;;
0900417825;000020;ZSNB;20260302;C;;M;20260302;000000000000108953;186.12;35.36;0013;;;;
0900417826;000010;ZSNB;20260302;C;;M;20260302;000000000001060873;10675.63;2028.37;0003;;;;
0900417827;000010;ZSNB;20260302;C;;M;20260302;000000000000155717;427.76;81.27;0103;;;;
0900417827;000020;ZSNB;20260302;C;;M;20260302;000000000000155531;205.12;38.97;0103;;;;
0900417827;000050;ZSNB;20260302;C;;M;20260302;000000000000739659;139.39;26.48;0103;;;;
0900417827;000060;ZSNB;20260302;C;;M;20260302;000000000000161215;60.26;11.45;0103;;;;
0900417827;000070;ZSNB;20260302;C;;M;20260302;000000000000161133;11.40;2.17;0103;;;;
0900417827;000080;ZSNB;20260302;C;;M;20260302;000000000000101267;1007.88;191.50;0103;;;;
0900417827;000100;ZSNB;20260302;C;;M;20260302;000000000000120977;175.10;33.27;0103;;;;
0900417827;000110;ZSNB;20260302;C;;M;20260302;000000000000136298;434.82;82.62;0103;;;;
0900417827;000120;ZSNB;20260302;C;;M;20260302;000000000000146317;458.69;87.15;0103;;;;
0900417827;000130;ZSNB;20260302;C;;M;20260302;000000000000155716;484.11;91.98;0103;;;;
0900417827;000140;ZSNB;20260302;C;;M;20260302;000000000000133473;1155.80;219.60;0103;;;;
0900417827;000150;ZSNB;20260302;C;;M;20260302;000000000000739883;95.32;18.11;0103;;;;
0900417827;000160;ZSNB;20260302;C;;M;20260302;000000000000194742;800.34;152.06;0103;;;;
0900417827;000180;ZSNB;20260302;C;;M;20260302;000000000000155735;943.62;179.29;0103;;;;
0900417827;000190;ZSNB;20260302;C;;M;20260302;000000000000155049;1602.44;304.47;0103;;;;
0900417827;000200;ZSNB;20260302;C;;M;20260302;000000000000155010;717.04;136.24;0103;;;;
0900417827;000210;ZSNB;20260302;C;;M;20260302;000000000000154991;181.89;34.56;0103;;;;
0900417827;000220;ZSNB;20260302;C;;M;20260302;000000000000154991;363.80;69.12;0103;;;;
0900417828;000010;ZSNB;20260302;C;;M;20260302;000000000000156431;248.18;47.15;0103;;;;
0900417828;000020;ZSNB;20260302;C;;M;20260302;000000000000156432;303.91;57.74;0103;;;;
0900417828;000040;ZSNB;20260302;C;;M;20260302;000000000000733268;602.20;114.43;0103;;;;
0900417829;000010;ZBEN;20260302;C;;M;20260302;000000000000797974;588.49;111.81;0019;;;;
0900417830;000010;ZBEN;20260302;C;;M;20260302;000000000000989620;5685.66;1080.28;0015;;;;
0900417830;000020;ZBEN;20260302;C;;M;20260302;SN115;160.00;30.40;0016;;;;
0900417834;000010;ZSNB;20260302;C;;M;20260302;000000000001042932;637.38;121.10;0129;;;;
0900417835;000010;ZNGR;20260302;C;;P;20260302;CS88;264.00;0.00;0082;;;;
0900417836;000010;ZSNB;20260302;C;;M;20260302;000000000000006233;23874.38;4536.13;0186;;;;
0900417837;000010;ZBEN;20260302;C;;M;20260302;000000000000819264;3018.19;573.46;0016;;;;
0900417838;000010;ZSNB;20260302;C;;M;20260302;000000000000106721;896.36;170.31;0103;;;;
0900417839;000010;ZSNB;20260302;C;;M;20260302;000000000000735982;899.37;170.88;0005;;;;
0900417840;000010;ZSNB;20260302;C;;M;20260302;000000000000106721;448.18;85.15;0103;;;;
0900417841;000010;ZSNB;20260302;C;;M;20260302;000000000000857402;1836.96;349.02;0103;;;;
0900417841;000020;ZSNB;20260302;C;;M;20260302;000000000000156140;193.33;36.73;0005;;;;
0900417841;000030;ZSNB;20260302;C;;M;20260302;000000000000197610;913.95;173.65;0005;;;;
0900417841;000040;ZSNB;20260302;C;;M;20260302;000000000000122824;49.77;9.46;0103;;;;
0900417841;000050;ZSNB;20260302;C;;M;20260302;000000000000156431;248.18;47.15;0103;;;;
0900417841;000060;ZSNB;20260302;C;;M;20260302;000000000000188937;370.56;70.41;0103;;;;
0900417841;000070;ZSNB;20260302;C;;M;20260302;000000000000188936;271.53;51.59;0103;;;;
0900417841;000080;ZSNB;20260302;C;;M;20260302;000000000000926093;8406.59;1597.27;0103;;;;
0900417841;000100;ZSNB;20260302;C;;M;20260302;000000000000122833;127.59;24.24;0103;;;;
0900417841;000110;ZSNB;20260302;C;;M;20260302;000000000000950930;504.53;95.86;0103;;;;
0900417841;000120;ZSNB;20260302;C;;M;20260302;000000000000161810;258.22;49.06;0103;;;;
0900417841;000130;ZSNB;20260302;C;;M;20260302;000000000000198927;44.07;8.37;0103;;;;
0900417841;000140;ZSNB;20260302;C;;M;20260302;000000000000155552;73.08;13.89;0103;;;;
0900417841;000150;ZSNB;20260302;C;;M;20260302;000000000000171575;113.94;21.65;0103;;;;
0900417841;000160;ZSNB;20260302;C;;M;20260302;000000000000173004;130.02;24.70;0103;;;;
0900417841;000170;ZSNB;20260302;C;;M;20260302;000000000000168439;112.50;21.38;0103;;;;
0900417841;000180;ZSNB;20260302;C;;M;20260302;000000000000155508;2670.71;507.43;0103;;;;
0900417841;000190;ZSNB;20260302;C;;M;20260302;000000000000177458;2657.86;504.99;0103;;;;
0900417841;000200;ZSNB;20260302;C;;M;20260302;000000000000155054;362.28;68.83;0103;;;;
0900417841;000210;ZSNB;20260302;C;;M;20260302;000000000000155261;702.43;133.46;0103;;;;
0900417841;000220;ZSNB;20260302;C;;M;20260302;000000000000157277;501.14;95.22;0103;;;;
0900417841;000230;ZSNB;20260302;C;;M;20260302;000000000000156877;197.97;37.61;0103;;;;
0900417842;000240;ZSNB;20260302;C;;M;20260302;000000000000844862;744.93;141.54;0103;;;;
0900417842;000250;ZSNB;20260302;C;;M;20260302;000000000000800880;1564.99;297.34;0103;;;;
0900417845;000010;ZNCN;20260302;C;;O;20260302;000000000000775003;445.36;84.62;0103;;;;
0900417845;000020;ZNCN;20260302;C;;O;20260302;000000000000775427;97.89;18.60;0103;;;;
0900417846;000010;ZSNB;20260302;C;;M;20260302;000000000000106721;2689.08;510.93;0103;;;;
0900417848;000010;ZSNB;20260302;C;;M;20260302;000000000000106721;448.18;85.15;0103;;;;
0900417849;000040;ZSNB;20260302;C;;M;20260302;000000000000700940;350.81;66.65;0034;;;;
0900417849;000050;ZSNB;20260302;C;;M;20260302;000000000000713481;70.67;13.43;0034;;;;
0900417849;000060;ZSNB;20260302;C;;M;20260302;000000000000858965;1232.24;234.13;0034;;;;
0900417851;000010;ZSNB;20260302;C;;M;20260302;000000000000965016;1008.68;191.65;0016;;;;
0900417852;000001;ZBEN;20260302;C;;M;20260302;000000000001024565;3980.77;756.35;0016;;;;
0900417854;000010;ZSNB;20260302;C;;M;20260302;000000000000106721;448.18;85.15;0103;;;;
0900417856;000010;ZBEN;20260302;C;;M;20260302;000000000000914464;210.00;39.90;0102;;;;
0900417857;000010;ZSNB;20260302;C;;M;20260302;000000000001042929;1095.40;208.13;0129;;;;
0900417857;000020;ZSNB;20260302;C;;M;20260302;000000000001042931;272.24;51.73;0129;;;;
0900417857;000030;ZSNB;20260302;C;;M;20260302;000000000001042932;106.23;20.18;0129;;;;
0900417857;000040;ZSNB;20260302;C;;M;20260302;000000000000106721;672.27;127.73;0103;;;;
0900417857;000050;ZSNB;20260302;C;;M;20260302;000000000001042929;219.08;41.63;0129;;;;
0900417857;000060;ZSNB;20260302;C;;M;20260302;000000000001042908;1902.90;361.54;0129;;;;
0900417858;000010;ZSNB;20260302;C;;M;20260302;000000000000735983;9250.70;1757.63;0005;;;;
0900417859;000010;ZSNB;20260302;C;;M;20260302;000000000000744712;4040.20;767.64;0013;;;;
0900417859;000020;ZSNB;20260302;C;;M;20260302;000000000000134133;933.06;177.28;0310;;;;
0900417861;000010;ZSNB;20260302;C;;M;20260302;000000000000825845;389.61;74.03;0013;;;;
0900417862;000010;ZSNB;20260302;C;;M;20260302;000000000000823799;5197.66;987.56;0310;;;;
0900417862;000020;ZSNB;20260302;C;;M;20260302;000000000000743950;275.48;52.34;0013;;;;
0900417862;000030;ZSNB;20260302;C;;M;20260302;000000000000743919;1332.97;253.26;0013;;;;
0900417862;000040;ZSNB;20260302;C;;M;20260302;000000000000701119;493.58;93.78;0013;;;;
0900417862;000050;ZSNB;20260302;C;;M;20260302;000000000000701123;938.31;178.28;0013;;;;
0900417863;000010;ZSNB;20260302;C;;M;20260302;000000000000208874;499.89;94.98;0026;;;;
0900417866;000010;ZSNB;20260302;C;;M;20260302;000000000001039632;745.20;141.59;0005;;;;
0900417867;000010;ZSNB;20260302;C;;M;20260302;000000000000835318;493.67;93.80;0013;;;;
0900417868;000010;ZSNB;20260302;C;;M;20260302;000000000000162116;665.06;126.36;0103;;;;
0900417869;000020;ZSNB;20260302;C;;M;20260302;000000000000161049;5302.02;1007.38;0103;;;;
0900417870;000010;ZSNB;20260302;C;;M;20260302;000000000000940796;1301.05;247.20;0016;;;;
0900417872;000010;ZBEN;20260302;C;;M;20260302;000000000000774877;1998.06;379.63;0015;;;;
0900417873;000010;ZSNB;20260302;C;;M;20260302;000000000000769220;4478.43;850.90;0016;;;;
0900417873;000020;ZSNB;20260302;C;;M;20260302;SN115;160.00;30.40;0016;;;;
0900417874;000010;ZSNB;20260302;C;;M;20260302;000000000000138393;193.27;36.72;0003;;;;
0900417875;000010;ZBEN;20260302;C;;M;20260302;000000000000797260;252.02;47.88;0102;;;;
0900417876;000010;ZSNB;20260302;C;;M;20260302;000000000000208829;693.72;131.81;0026;;;;
0900417877;000010;ZSNB;20260302;C;;M;20260302;000000000000155337;1604.01;304.76;0103;;;;
0900417877;000020;ZSNB;20260302;C;;M;20260302;000000000000155406;957.46;181.92;0103;;;;
0900417879;000010;ZBEN;20260302;C;;M;20260302;000000000000993028;6077.54;1154.73;0015;;;;
0900417882;000010;ZSNB;20260302;C;;M;20260302;000000000000156431;248.18;47.15;0103;;;;
0900417882;000020;ZSNB;20260302;C;;M;20260302;000000000000735981;192.94;36.66;0005;;;;
0900417883;000010;ZSNB;20260302;C;;M;20260302;000000000000846234;1656.51;314.74;0016;;;;
0900417884;000010;ZSNB;20260302;C;;M;20260302;000000000000119129;1095.31;208.11;0026;;;;
0900417885;000010;ZBEN;20260302;C;;M;20260302;000000000000875325;428.41;81.40;0003;;;;
0900417886;000010;ZSNB;20260302;C;;M;20260302;000000000000700770;507.98;96.52;0034;;;;
0900417886;000020;ZSNB;20260302;C;;M;20260302;000000000000700724;300.68;57.13;0034;;;;
0900417886;000040;ZSNB;20260302;C;;M;20260302;000000000000124213;142.18;27.01;0013;;;;
0900417887;000010;ZSNB;20260302;C;;M;20260302;000000000001012645;385.71;73.28;0003;;;;
0900417888;000010;ZSNB;20260302;C;;M;20260302;000000000000965011;1262.86;239.94;0016;;;;
0900417889;000010;ZSNB;20260302;C;;M;20260302;000000000000954979;2423.56;460.48;0016;;;;
0900417890;000010;ZSNB;20260302;C;;M;20260302;000000000000873674;7266.32;1380.60;0016;;;;
0900417891;000010;ZSNB;20260302;C;;M;20260302;000000000000113431;8239.27;1565.46;0019;;;;
0900417893;000010;ZSNB;20260302;C;;M;20260302;000000000000745290;3511.32;667.15;0016;;;;
0096967319;000010;S1;20260302;C;;N;20260302;000000000000111157;1953.11;371.09;0013;;;;
0900417896;000010;ZBEN;20260302;C;;M;20260302;000000000000914464;210.00;39.90;0102;;;;
0900417898;000010;ZSNB;20260302;C;;M;20260302;000000000000111157;1953.11;371.09;0013;;;;
0900417899;000010;ZSNB;20260302;C;;M;20260302;000000000000155441;513.57;97.58;0103;;;;
0900417899;000020;ZSNB;20260302;C;;M;20260302;000000000000774518;2439.78;463.56;0103;;;;
0900417900;000010;ZBEN;20260302;C;;M;20260302;000000000000964870;1267.64;240.85;0016;;;;
0900417901;000010;ZSNB;20260302;C;;M;20260302;000000000000932530;2631.99;500.07;0103;;;;
0900417901;000020;ZSNB;20260302;C;;M;20260302;000000000000161922;380.45;72.29;0005;;;;
0900417903;000010;ZSNB;20260302;C;;M;20260302;000000000000851961;3555.52;675.55;0016;;;;
0900417904;000010;ZSNB;20260302;C;;M;20260302;000000000000700884;327.57;62.24;0034;;;;
0900417906;000030;ZSNB;20260302;C;;M;20260302;000000000001047715;193.60;36.78;0104;;;;
0900417907;000010;ZSNB;20260302;C;;M;20260302;000000000000124213;142.18;27.01;0013;;;;
0900417908;000010;ZSNB;20260302;C;;M;20260302;000000000000702529;188.44;35.80;0034;;;;
0900417908;000040;ZSNB;20260302;C;;M;20260302;000000000000754274;1782.54;338.69;0013;;;;
0900417909;000010;ZBEN;20260302;C;;M;20260302;000000000000995499;77.19;14.67;0265;;;;
0900417910;000010;ZSNB;20260302;C;;M;20260302;000000000000827153;959.45;182.30;0019;;;;
0900417914;000010;ZSNB;20260302;C;;M;20260302;000000000001009307;6238.78;1185.37;0176;;;;
0900417915;000010;ZSNB;20260302;C;;M;20260302;000000000001008146;2833.65;538.39;0016;;;;
0900417916;000010;ZSNB;20260302;C;;M;20260302;000000000000156431;248.18;47.15;0103;;;;
0900417916;000020;ZSNB;20260302;C;;M;20260302;000000000000188937;370.56;70.41;0103;;;;
0900417916;000030;ZSNB;20260302;C;;M;20260302;000000000000741201;211.53;40.19;0103;;;;
0900417918;000070;ZSNB;20260302;C;;M;20260302;000000000000700884;327.57;62.24;0034;;;;
0900417919;000010;ZNGR;20260302;C;;P;20260302;CS0099;709.02;134.71;0027;;;;
0900417920;000010;ZBEN;20260302;C;;M;20260302;000000000000813258;2019.51;383.71;0016;;;;
0900417921;000001;ZBEN;20260302;C;;M;20260302;000000000001057682;104.43;19.84;0024;;;;
0900417927;000010;ZSNB;20260302;C;;M;20260302;000000000000121498;2431.62;462.01;0013;;;;
0900417930;000010;ZSNB;20260302;C;;M;20260302;000000000001042924;383.40;72.85;0129;;;;
0900417930;000020;ZSNB;20260302;C;;M;20260302;000000000001042908;126.86;24.10;0129;;;;
0900417931;000010;ZSNB;20260302;C;;M;20260302;000000000000154790;102.95;19.56;0103;;;;
0900417931;000020;ZSNB;20260302;C;;M;20260302;000000000000154651;283.97;53.95;0103;;;;
0900417931;000030;ZSNB;20260302;C;;M;20260302;000000000000932044;298.01;56.63;0104;;;;
0900417931;000040;ZSNB;20260302;C;;M;20260302;000000000000932050;109.74;20.85;0104;;;;
0900417932;000010;ZSNB;20260302;C;;M;20260302;000000000000106721;224.09;42.58;0103;;;;
0900417932;000020;ZSNB;20260302;C;;M;20260302;000000000000115884;599.80;113.96;0103;;;;
0900417933;000010;ZSNB;20260302;C;;M;20260302;000000000000706149;3872.09;735.70;0034;;;;
0900417934;000010;ZSNB;20260302;C;;M;20260302;000000000000700884;327.57;62.24;0034;;;;
0900417937;000010;ZSNB;20260302;C;;M;20260302;000000000000161654;202.50;38.48;0024;;;;
0900417941;000010;ZSNB;20260302;C;;M;20260302;000000000000907417;2303.47;437.66;0095;;;;
0900417941;000020;ZSNB;20260302;C;;M;20260302;000000000000812713;312.26;59.33;0095;;;;
0900417942;000010;ZS1B;20260227;C;;N;20260302;000000000000911999;55.12;10.47;0083;;;;
0900417942;000020;ZS1B;20260227;C;;N;20260302;000000000000853837;238.68;45.35;0003;;;;
0900417942;000030;ZS1B;20260227;C;;N;20260302;000000000000853952;203.00;38.57;0251;;;;
0900417942;000040;ZS1B;20260227;C;;N;20260302;000000000000927328;32.64;6.20;0251;;;;
0900417942;000050;ZS1B;20260227;C;;N;20260302;000000000000897419;552.16;104.91;0083;;;;
0900417942;000060;ZS1B;20260227;C;;N;20260302;000000000000999250;27.35;5.20;0083;;;;
0900417942;000070;ZS1B;20260227;C;;N;20260302;000000000001033702;158.54;30.12;0083;;;;
0900417942;000080;ZS1B;20260227;C;;N;20260302;CS51;1487.51;282.63;0082;;;;
0900417943;000010;ZSNB;20260302;C;;M;20260302;000000000001067332;5261.48;999.68;0095;;;;
0900417943;000020;ZSNB;20260302;C;;M;20260302;000000000001067301;14446.82;2744.90;0095;;;;
0900417944;000010;ZDBE;20260302;C;;P;20260302;000000000000911999;55.12;10.47;0083;;;;
0900417944;000020;ZDBE;20260302;C;;P;20260302;000000000000853837;238.68;45.35;0003;;;;
0900417944;000030;ZDBE;20260302;C;;P;20260302;000000000000853952;203.00;38.57;0251;;;;
0900417944;000040;ZDBE;20260302;C;;P;20260302;000000000000927328;32.64;6.20;0251;;;;
0900417944;000050;ZDBE;20260302;C;;P;20260302;000000000000897419;552.16;104.91;0083;;;;
0900417944;000060;ZDBE;20260302;C;;P;20260302;000000000000999250;27.35;5.20;0083;;;;
0900417944;000070;ZDBE;20260302;C;;P;20260302;000000000001033702;158.54;30.12;0083;;;;
0900417944;000080;ZDBE;20260302;C;;P;20260302;CS51;1487.51;282.63;0082;;;;
0900417947;000010;ZSNB;20260302;C;;M;20260302;000000000000842579;4868.05;924.93;0103;;;;
0900417949;000020;ZSNB;20260302;C;;M;20260302;000000000000140693;1616.09;307.06;0200;;;;
0900417949;000030;ZSNB;20260302;C;;M;20260302;000000000000141667;1942.08;369.00;0200;;;;
0900417949;000040;ZSNB;20260302;C;;M;20260302;000000000000141668;993.27;188.72;0200;;;;
0900417949;000050;ZSNB;20260302;C;;M;20260302;000000000000123258;701.58;133.30;0200;;;;
0900417949;000060;ZSNB;20260302;C;;M;20260302;000000000000124616;541.60;102.90;0200;;;;
0900417949;000070;ZSNB;20260302;C;;M;20260302;000000000000111725;99.62;18.93;0200;;;;
0900417952;000010;ZSNB;20260302;C;;M;20260302;000000000000757981;241.98;45.98;0103;;;;
0900417952;000030;ZSNB;20260302;C;;M;20260302;000000000000886860;631.52;119.99;0103;;;;
0900417952;000040;ZSNB;20260302;C;;M;20260302;000000000000737333;494.98;94.05;0103;;;;
0900417952;000050;ZSNB;20260302;C;;M;20260302;000000000000884191;1210.19;229.94;0103;;;;
0900417952;000060;ZSNB;20260302;C;;M;20260302;000000000000192057;294.88;56.03;0103;;;;
0900417952;000070;ZSNB;20260302;C;;M;20260302;000000000000978661;586.28;111.39;0001;;;;
0900417952;000080;ZSNB;20260302;C;;M;20260302;000000000000978662;434.84;82.62;0001;;;;
0900417952;000090;ZSNB;20260302;C;;M;20260302;000000000000194051;729.18;138.54;0103;;;;
0900417952;000100;ZSNB;20260302;C;;M;20260302;000000000000908798;1217.38;231.29;0103;;;;
0900417952;000110;ZSNB;20260302;C;;M;20260302;000000000000735982;899.37;170.88;0005;;;;
0900417954;000010;ZSNB;20260302;C;;M;20260302;000000000000157480;2032.74;386.22;0103;;;;
0900417956;000010;ZSNB;20260302;C;;M;20260302;000000000000107772;838.04;159.23;0013;;;;
0900417956;000020;ZSNB;20260302;C;;M;20260302;000000000000107764;444.33;84.42;0013;;;;
0900417956;000030;ZSNB;20260302;C;;M;20260302;000000000000107823;495.15;94.08;0013;;;;
0900417956;000040;ZSNB;20260302;C;;M;20260302;000000000000119242;267.73;50.87;0103;;;;
0900417957;000010;ZSNB;20260302;C;;M;20260302;000000000000782093;85.25;16.20;0103;;;;
0900417957;000020;ZSNB;20260302;C;;M;20260302;000000000000160424;626.53;119.04;0103;;;;
0900417958;000010;ZSNB;20260302;C;;M;20260302;000000000000896239;17584.44;3341.06;0034;;;;
0900417958;000020;ZSNB;20260302;C;;M;20260302;000000000000863901;5842.68;1110.11;0034;;;;
0900417958;000030;ZSNB;20260302;C;;M;20260302;000000000000721524;5438.52;1033.32;0034;;;;
0900417958;000050;ZSNB;20260302;C;;M;20260302;000000000000107772;419.02;79.61;0013;;;;
0900417958;000060;ZSNB;20260302;C;;M;20260302;000000000000702529;188.44;35.80;0034;;;;
0900417958;000070;ZSNB;20260302;C;;M;20260302;000000000000700940;350.81;66.65;0034;;;;
0900417958;000080;ZSNB;20260302;C;;M;20260302;000000000000700936;420.40;79.88;0034;;;;
0900417958;000090;ZSNB;20260302;C;;M;20260302;000000000000879214;1806.71;343.27;0034;;;;
0900417958;000100;ZSNB;20260302;C;;M;20260302;000000000000859610;1015.41;192.93;0034;;;;
0900417958;000110;ZSNB;20260302;C;;M;20260302;000000000000764710;6276.07;1192.45;0034;;;;
0900417961;000010;ZSNB;20260302;C;;M;20260302;000000000001042959;450.18;85.53;0129;;;;
0900417961;000020;ZSNB;20260302;C;;M;20260302;000000000001042974;1648.24;313.17;0129;;;;
0900417962;000010;ZBEN;20260302;C;;M;20260302;SN115;160.00;30.40;0016;;;;
0900417963;000010;ZSNB;20260302;C;;M;20260302;000000000000781196;743.71;141.30;0103;;;;
0900417963;000050;ZSNB;20260302;C;;M;20260302;000000000000154495;509.61;96.83;0103;;;;
0900417963;000060;ZSNB;20260302;C;;M;20260302;000000000000780447;123.44;23.45;0103;;;;
0900417964;000010;ZSNB;20260302;C;;M;20260302;000000000000767933;542.20;103.02;0103;;;;
0900417965;000010;ZSNB;20260302;C;;M;20260302;000000000000109117;1217.03;231.24;0013;;;;
0900417967;000010;ZSNB;20260302;C;;M;20260302;000000000000864522;1478.20;280.86;0034;;;;
0900417969;000010;ZDRL;20260228;C;;P;20260302;SERV.EXTERNO;800.00;152.00;0086;;;;
0900417969;000020;ZDRL;20260228;C;;P;20260302;000000000001010724;819.85;155.77;0003;;;;
0900417969;000030;ZDRL;20260228;C;;P;20260302;000000000000969869;1977.83;375.79;0003;;;;
0900417969;000040;ZDRL;20260228;C;;P;20260302;000000000000956529;4240.81;805.76;0003;;;;
0900417969;000050;ZDRL;20260228;C;;P;20260302;I330082_SL;3400.00;646.00;0035;;;;
0900417969;000060;ZDRL;20260228;C;;P;20260302;I320082_SL;1755.00;333.45;0036;;;;
0900417969;000070;ZDRL;20260228;C;;P;20260302;000000000000953820;386.79;73.49;0003;;;;
0900417969;000080;ZDRL;20260228;C;;P;20260302;000000000000962218;71.90;13.66;0003;;;;
0900417969;000090;ZDRL;20260228;C;;P;20260302;000000000000947060;1294.80;246.01;0003;;;;
0900417969;000100;ZDRL;20260228;C;;P;20260302;DEDUCIBLE;-1591.44;-302.37;0085;;;;
0900417969;000110;ZDRL;20260228;C;;P;20260302;VARIOS_TAPIDE;2123.97;403.55;0027;;;;
0900417970;000010;ZSNB;20260302;C;;M;20260302;000000000000759647;6043.11;1148.19;0091;;;;
0900417971;000010;ZDRP;20260228;C;;P;20260302;CS38;3121.54;593.09;0082;;;;
0900417971;000030;ZDRP;20260228;C;;P;20260302;000000000000110135;161.22;30.63;0013;;;;
0900417971;000040;ZDRP;20260228;C;;P;20260302;000000000000848978;7078.23;1344.87;0294;;;;
0900417971;000050;ZDRP;20260228;C;;P;20260302;CS38;1159.70;220.34;0082;;;;
0900417973;000010;ZDML;20260302;C;;P;20260302;000000000001051150;0.00;0.00;0029;;;;
0900417973;000020;ZDML;20260302;C;;P;20260302;000000000000852710;0.00;0.00;0003;;;;
0900417973;000030;ZDML;20260302;C;;P;20260302;000000000000931088;0.00;0.00;0003;;;;
0900417973;000040;ZDML;20260302;C;;P;20260302;000000000000006478;0.00;0.00;0027;;;;
0900417973;000050;ZDML;20260302;C;;P;20260302;000000000000999250;0.00;0.00;0083;;;;
0900417973;000060;ZDML;20260302;C;;P;20260302;000000000001033702;0.00;0.00;0083;;;;
0900417973;000070;ZDML;20260302;C;;P;20260302;000000000000956201;0.00;0.00;0083;;;;
0900417973;000080;ZDML;20260302;C;;P;20260302;CS51;0.00;0.00;0082;;;;
0900417974;000010;ZSNB;20260302;C;;M;20260302;000000000000971410;2037.36;387.10;0016;;;;
0900417975;000010;ZSNB;20260302;C;;M;20260302;000000000000188773;565.44;107.43;0013;;;;
0900417977;000010;ZSNB;20260302;C;;M;20260302;000000000000198360;143.40;27.25;0200;;;;
0900417977;000020;ZSNB;20260302;C;;M;20260302;000000000000819713;222.92;42.35;0200;;;;
0900417977;000030;ZSNB;20260302;C;;M;20260302;000000000000100566;242.55;46.08;0200;;;;
0900417977;000040;ZSNB;20260302;C;;M;20260302;000000000000819712;449.58;85.42;0200;;;;
0900417977;000050;ZSNB;20260302;C;;M;20260302;000000000000754274;891.27;169.35;0013;;;;
0900417979;000010;ZSNB;20260302;C;;M;20260302;000000000000910961;4986.03;947.35;0003;;;;
0900417980;000010;ZSNB;20260302;C;;M;20260302;000000000000156806;570.67;108.43;0103;;;;
0900417981;000010;ZDML;20260302;C;;P;20260302;000000000000979791;0.00;0.00;0119;;;;
0900417981;000020;ZDML;20260302;C;;P;20260302;000000000001033702;0.00;0.00;0083;;;;
0900417981;000030;ZDML;20260302;C;;P;20260302;000000000000999250;0.00;0.00;0083;;;;
0900417981;000040;ZDML;20260302;C;;P;20260302;000000000000897419;0.00;0.00;0083;;;;
0900417981;000050;ZDML;20260302;C;;P;20260302;CS51;0.00;0.00;0082;;;;
0900417982;000010;ZSNB;20260302;C;;M;20260302;000000000000134133;186.61;35.46;0310;;;;
0900417982;000020;ZSNB;20260302;C;;M;20260302;000000000000130347;1041.32;197.85;0310;;;;
0900417982;000030;ZSNB;20260302;C;;M;20260302;000000000000754274;1782.54;338.68;0013;;;;
0900417982;000040;ZSNB;20260302;C;;M;20260302;000000000000744712;808.04;153.53;0013;;;;
0900417983;000010;ZSNB;20260302;C;;M;20260302;000000000000861996;2406.86;457.30;0034;;;;
0900417985;000010;ZDRL;20260302;C;;P;20260302;000000000001057682;0.00;0.00;0024;;;;
0900417985;000020;ZDRL;20260302;C;;P;20260302;CS54;0.00;0.00;0082;;;;
0900417986;000010;ZSNB;20260302;C;;M;20260302;000000000000718355;2138.55;406.32;0013;;;;
0900417987;000010;ZSNB;20260302;C;;M;20260302;000000000001026581;3377.14;641.66;0097;;;;
0900417988;000010;ZDML;20260302;C;;P;20260302;000000000001065747;0.00;0.00;0083;;;;
0900417988;000020;ZDML;20260302;C;;P;20260302;000000000000852710;0.00;0.00;0003;;;;
0900417988;000030;ZDML;20260302;C;;P;20260302;000000000000002525;0.00;0.00;0027;;;;
0900417988;000040;ZDML;20260302;C;;P;20260302;000000000000006478;0.00;0.00;0027;;;;
0900417988;000050;ZDML;20260302;C;;P;20260302;000000000001033702;0.00;0.00;0083;;;;
0900417988;000060;ZDML;20260302;C;;P;20260302;000000000000999250;0.00;0.00;0083;;;;
0900417988;000070;ZDML;20260302;C;;P;20260302;CS51;0.00;0.00;0082;;;;
0900417989;000010;ZSNB;20260302;C;;M;20260302;000000000000160026;799.17;151.85;0103;;;;
0900417989;000020;ZSNB;20260302;C;;M;20260302;000000000000159687;77.92;14.80;0103;;;;
0900417989;000030;ZSNB;20260302;C;;M;20260302;000000000000159276;11.68;2.22;0103;;;;
0900417990;000001;ZBEN;20260302;C;;M;20260302;000000000001014668;1128.84;214.48;0015;;;;
0900417991;000010;ZSNB;20260302;C;;M;20260302;000000000001042929;109.54;20.81;0129;;;;
0900417991;000020;ZSNB;20260302;C;;M;20260302;000000000001042924;511.20;97.13;0129;;;;
0900417992;000010;ZBEN;20260302;C;;M;20260302;000000000001062183;1370.37;260.37;0016;;;;
0900417992;000020;ZBEN;20260302;C;;M;20260302;SN103;130.00;24.70;0016;;;;
0900417993;000010;ZSNB;20260302;C;;M;20260302;000000000000965016;1448.97;275.30;0016;;;;
0900417994;000010;ZSNB;20260302;C;;M;20260302;000000000000917191;4760.89;904.57;0034;;;;
0900417995;000010;ZDML;20260302;C;;P;20260302;000000000000962907;0.00;0.00;0083;;;;
0900417995;000020;ZDML;20260302;C;;P;20260302;000000000000751914;0.00;0.00;0251;;;;
0900417995;000030;ZDML;20260302;C;;P;20260302;000000000001033702;0.00;0.00;0083;;;;
0900417995;000040;ZDML;20260302;C;;P;20260302;000000000000999250;0.00;0.00;0083;;;;
0900417995;000050;ZDML;20260302;C;;P;20260302;000000000000897419;0.00;0.00;0083;;;;
0900417995;000060;ZDML;20260302;C;;P;20260302;CS51;0.00;0.00;0082;;;;
0900417995;000070;ZDML;20260302;C;;P;20260302;VARIOS_LIVIANO;0.00;0.00;0027;;;;
0900417996;000010;ZNCA;20260302;C;;O;20260302;;0.00;0.00;;;;;
0900417997;000010;ZSNB;20260302;C;;M;20260302;000000000000719879;27.65;5.25;0010;;;;
0900417997;000030;ZSNB;20260302;C;;M;20260302;000000000000719901;24.92;4.73;0010;;;;
0900417997;000040;ZSNB;20260302;C;;M;20260302;000000000000719880;39.65;7.54;0010;;;;
0900417998;000010;ZSNB;20260302;C;;M;20260302;000000000000835072;1397.77;265.58;0019;;;;
0900417999;000010;ZSNB;20260302;C;;M;20260302;000000000000992547;9254.46;1758.35;0103;;;;
0900417999;000030;ZSNB;20260302;C;;M;20260302;000000000000997087;4.38;0.83;0103;;;;
0900418000;000010;ZSNB;20260302;C;;M;20260302;000000000000893855;14314.80;2719.81;0016;;;;
0900418001;000010;ZSNB;20260302;C;;M;20260302;000000000000156141;1772.29;336.74;0005;;;;
0900418003;000080;ZSNB;20260302;C;;M;20260302;000000000000839110;1555.66;295.58;0103;;;;
0900418004;000010;ZSNB;20260302;C;;M;20260302;000000000000719973;1984.21;377.00;0103;;;;
0900418004;000020;ZSNB;20260302;C;;M;20260302;000000000000732777;2417.35;459.30;0103;;;;
0900418004;000030;ZSNB;20260302;C;;M;20260302;000000000000773433;588.13;111.74;0005;;;;
0900418005;000010;ZDRL;20260302;C;;P;20260302;CS54;0.00;0.00;0082;;;;
0900418006;000020;ZSNB;20260302;C;;M;20260302;000000000000141960;793.77;150.82;0013;;;;
0900418008;000010;ZSNB;20260302;C;;M;20260302;000000000000162116;700.06;133.01;0103;;;;
0900418009;000010;ZDRL;20260302;C;;P;20260302;CS51;0.00;0.00;0082;;;;
0900418009;000020;ZDRL;20260302;C;;P;20260302;VARIOS_LIVIANO;0.00;0.00;0027;;;;
0900418010;000010;ZSNB;20260302;C;;M;20260302;000000000000113431;1315.04;249.86;0019;;;;
0900418011;000020;ZSNB;20260302;C;;M;20260302;000000000000154668;659.40;125.29;0103;;;;
0900418012;000010;ZBEN;20260302;C;;M;20260302;000000000000939752;208.94;39.70;0200;;;;
0900418014;000020;ZSNB;20260302;C;;M;20260302;000000000000757358;7.04;1.34;0103;;;;
0900418015;000010;ZSNB;20260302;C;;M;20260302;000000000000879214;1806.71;343.27;0034;;;;
0900418015;000030;ZSNB;20260302;C;;M;20260302;000000000000702529;188.44;35.80;0034;;;;
0900418015;000040;ZSNB;20260302;C;;M;20260302;000000000000700940;350.81;66.65;0034;;;;
0900418015;000050;ZSNB;20260302;C;;M;20260302;000000000000700936;420.40;79.88;0034;;;;
0900418015;000060;ZSNB;20260302;C;;M;20260302;000000000000713481;70.67;13.43;0034;;;;
0900418015;000070;ZSNB;20260302;C;;M;20260302;000000000000866448;415.54;78.95;0034;;;;
0900418015;000080;ZSNB;20260302;C;;M;20260302;000000000000858946;341.72;64.93;0034;;;;
0900418015;000090;ZSNB;20260302;C;;M;20260302;000000000000858954;916.24;174.09;0034;;;;
0900418015;000100;ZSNB;20260302;C;;M;20260302;000000000000700884;327.57;62.24;0034;;;;
0900418016;000010;ZSNB;20260302;C;;M;20260302;000000000000959113;3047.23;578.97;0016;;;;
0900418016;000020;ZSNB;20260302;C;;M;20260302;SN103;130.00;24.70;0016;;;;
0900418017;000010;ZNCA;20260302;C;;O;20260302;;0.00;0.00;;;;;
0900418018;000010;ZSNB;20260302;C;;M;20260302;000000000000851767;1660.74;315.54;0016;;;;
0900418018;000020;ZSNB;20260302;C;;M;20260302;000000000000839100;2095.40;398.13;0016;;;;
0900418019;000010;ZSNB;20260302;C;;M;20260302;000000000000126526;895.46;170.14;0103;;;;
0900418020;000010;ZDRL;20260302;C;;P;20260302;CS54;0.00;0.00;0082;;;;
0900418021;000010;ZDRL;20260302;C;;P;20260302;CS54;299.52;56.91;0082;;;;
0900418022;000010;ZDRL;20260228;C;;P;20260302;000000000001033702;0.00;0.00;0083;;;;
0900418022;000020;ZDRL;20260228;C;;P;20260302;000000000000897419;0.00;0.00;0083;;;;
0900418022;000030;ZDRL;20260228;C;;P;20260302;000000000000936548;0.00;0.00;0003;;;;
0900418022;000040;ZDRL;20260228;C;;P;20260302;CS54;0.00;0.00;0082;;;;
0900418023;000010;ZSNB;20260302;C;;M;20260302;000000000000819713;222.92;42.35;0200;;;;
0900418025;000010;ZSNB;20260302;C;;M;20260302;000000000000178649;986.27;187.39;0013;;;;
0900418026;000010;ZSNB;20260302;C;;M;20260302;000000000000794297;2949.93;560.49;0016;;;;
0900418027;000010;ZSNB;20260302;C;;M;20260302;000000000000835072;752.65;143.00;0019;;;;
0900418029;000010;ZDML;20260228;C;;P;20260302;000000000000853837;0.00;0.00;0003;;;;
0900418029;000020;ZDML;20260228;C;;P;20260302;000000000000936548;0.00;0.00;0003;;;;
0900418029;000030;ZDML;20260228;C;;P;20260302;000000000001033702;0.00;0.00;0083;;;;
0900418029;000040;ZDML;20260228;C;;P;20260302;000000000000999250;0.00;0.00;0083;;;;
0900418029;000050;ZDML;20260228;C;;P;20260302;000000000000897419;0.00;0.00;0083;;;;
0900418029;000060;ZDML;20260228;C;;P;20260302;CS51;0.00;0.00;0082;;;;
0900418030;000010;ZSNB;20260302;C;;M;20260302;000000000000111201;546.39;103.81;0103;;;;
0900418031;000010;ZSNB;20260302;C;;M;20260302;000000000000157537;906.31;172.20;0103;;;;
0900418031;000020;ZSNB;20260302;C;;M;20260302;000000000000157534;789.92;150.08;0103;;;;
0900418031;000030;ZSNB;20260302;C;;M;20260302;000000000000157372;2455.70;466.58;0103;;;;
0900418031;000040;ZSNB;20260302;C;;M;20260302;000000000000157520;626.28;118.99;0103;;;;
0900418031;000050;ZSNB;20260302;C;;M;20260302;000000000000157521;119.32;22.67;0103;;;;
0900418031;000060;ZSNB;20260302;C;;M;20260302;000000000000157522;95.45;18.14;0103;;;;
0900418031;000070;ZSNB;20260302;C;;M;20260302;000000000000156272;67.20;12.77;0103;;;;
0900418031;000090;ZSNB;20260302;C;;M;20260302;000000000000164169;1533.81;291.42;0103;;;;
0900418031;000100;ZSNB;20260302;C;;M;20260302;000000000000157567;687.16;130.56;0103;;;;
0900418031;000110;ZSNB;20260302;C;;M;20260302;000000000000112944;3633.99;690.46;0103;;;;
0900418031;000120;ZSNB;20260302;C;;M;20260302;000000000000163321;6005.93;1141.13;0103;;;;
0900418031;000130;ZSNB;20260302;C;;M;20260302;000000000000157532;1343.88;255.34;0103;;;;
0900418031;000140;ZSNB;20260302;C;;M;20260302;000000000000167499;441.21;83.83;0103;;;;
0900418031;000150;ZSNB;20260302;C;;M;20260302;000000000000167588;8644.49;1642.46;0103;;;;
0900418031;000170;ZSNB;20260302;C;;M;20260302;000000000000167501;100.57;19.11;0103;;;;
0900418031;000180;ZSNB;20260302;C;;M;20260302;000000000000159066;128.52;24.42;0103;;;;
0900418031;000190;ZSNB;20260302;C;;M;20260302;000000000000167500;126.13;23.96;0103;;;;
0900418032;000010;ZSNB;20260302;C;;M;20260302;000000000000102639;1068.35;202.99;0013;;;;
0900418034;000010;ZSNB;20260302;C;;M;20260302;000000000000905012;145.95;27.73;0103;;;;
0900418034;000020;ZSNB;20260302;C;;M;20260302;000000000000111237;506.46;96.23;0103;;;;
0900418034;000030;ZSNB;20260302;C;;M;20260302;000000000000781328;1151.86;218.85;0103;;;;
0900418035;000010;ZDRL;20260302;C;;P;20260302;CS54;149.76;28.45;0082;;;;
0900418037;000010;ZDRL;20260302;C;;P;20260302;CS54;299.52;56.91;0082;;;;
0900418038;000010;ZDRL;20260302;C;;P;20260302;CS54;299.52;56.91;0082;;;;
0900418039;000010;ZDRL;20260302;C;;P;20260302;CS54;599.04;113.82;0082;;;;
0900418040;000010;ZDRL;20260302;C;;P;20260302;CS54;449.28;85.36;0082;;;;
0900418042;000010;ZDRL;20260302;C;;P;20260302;CS54;299.52;56.91;0082;;;;
0900418044;000010;ZSNB;20260302;C;;M;20260302;000000000000170419;1205.54;229.05;0310;;;;
0900418044;000020;ZSNB;20260302;C;;M;20260302;000000000000956440;870.71;165.43;0013;;;;
0900418044;000030;ZSNB;20260302;C;;M;20260302;000000000000181752;1172.25;222.73;0013;;;;
0900418044;000050;ZSNB;20260302;C;;M;20260302;000000000001009245;2490.63;473.22;0276;;;;
0900418046;000030;ZSNB;20260302;C;;M;20260302;000000000000167409;56.90;10.81;0103;;;;
0900418048;000010;ZSNB;20260302;C;;M;20260302;000000000000701123;938.31;178.28;0013;;;;
0900418049;000010;ZSNB;20260302;C;;M;20260302;000000000000816349;3773.03;716.88;0016;;;;
0900418050;000010;ZSNB;20260302;C;;M;20260302;000000000000965214;1304.69;247.89;0016;;;;
0900418051;000010;ZSNB;20260302;C;;M;20260302;000000000000155206;127.32;24.19;0103;;;;
0900418053;000010;ZSNB;20260302;C;;M;20260302;000000000000904630;392.70;74.61;0251;;;;
0900418054;000010;ZSNB;20260302;C;;M;20260302;000000000000739721;913.12;173.49;0103;;;;
0900418054;000020;ZSNB;20260302;C;;M;20260302;000000000000165318;279.29;53.07;0103;;;;
0900418054;000040;ZSNB;20260302;C;;M;20260302;000000000001020418;2487.90;472.70;0104;;;;
0900418055;000010;ZSNB;20260302;C;;M;20260302;000000000000754274;1782.54;338.68;0013;;;;
0900418055;000020;ZSNB;20260302;C;;M;20260302;000000000000959209;6558.85;1246.18;0034;;;;
0900418055;000030;ZSNB;20260302;C;;M;20260302;000000000000972054;1009.08;191.73;0013;;;;
0900418055;000040;ZSNB;20260302;C;;M;20260302;000000000000104261;1189.30;225.97;0001;;;;
0900418056;000010;ZSNB;20260302;C;;M;20260302;000000000001034381;460.29;87.46;0016;;;;
0900418056;000020;ZSNB;20260302;C;;M;20260302;000000000000864224;1055.01;200.45;0016;;;;
0900418056;000030;ZSNB;20260302;C;;M;20260302;000000000000965006;567.20;107.77;0016;;;;
0900418056;000040;ZSNB;20260302;C;;M;20260302;000000000000851762;1418.28;269.47;0016;;;;
0900418056;000050;ZSNB;20260302;C;;M;20260302;000000000000851765;2291.63;435.41;0016;;;;
0900418056;000060;ZSNB;20260302;C;;M;20260302;000000000000846421;1611.62;306.21;0016;;;;
0900418056;000070;ZSNB;20260302;C;;M;20260302;000000000000797490;1720.77;326.95;0016;;;;
0900418056;000080;ZSNB;20260302;C;;M;20260302;000000000000846234;1380.41;262.28;0016;;;;
0900418056;000090;ZSNB;20260302;C;;M;20260302;000000000000794297;3708.40;704.58;0016;;;;
0900418056;000100;ZSNB;20260302;C;;M;20260302;000000000000841512;1449.78;275.46;0016;;;;
0900418056;000110;ZSNB;20260302;C;;M;20260302;000000000000974491;2289.88;435.08;0016;;;;
0900418057;000010;ZNCN;20260302;C;;O;20260302;CS54;560.01;106.40;0082;;;;
0900418057;000020;ZNCN;20260302;C;;O;20260302;000000000000897455;976.56;185.55;0083;;;;
0900418057;000030;ZNCN;20260302;C;;O;20260302;000000000000819714;271.75;51.63;0200;;;;
0900418057;000040;ZNCN;20260302;C;;O;20260302;VARIOS_LIVIANO;143.36;27.24;0027;;;;
0900418058;000010;ZSNB;20260302;C;;M;20260302;000000000000794297;3814.36;724.73;0016;;;;
0900418058;000020;ZSNB;20260302;C;;M;20260302;000000000000873674;3760.42;714.48;0016;;;;
0900418059;000010;S1;20260227;C;;N;20260302;CS24;1766.83;335.70;0082;;;;
0900418059;000020;S1;20260227;C;;N;20260302;MV01;2236.50;424.93;0055;;;;
0900418059;000030;S1;20260227;C;;N;20260302;KMFOR;1420.00;269.80;0084;;;;
0900418059;000040;S1;20260227;C;;N;20260302;MOV0003;548.20;104.16;0070;;;;
0900418060;000010;ZDRL;20260228;C;;P;20260302;VARIOS_LIVIANO;0.00;0.00;0027;;;;
0900418062;000010;ZSNB;20260302;C;;M;20260302;000000000000777702;2031.52;385.99;0103;;;;
0900418063;000060;ZSNB;20260302;C;;M;20260302;000000000000779144;527.88;100.30;0103;;;;
0900418064;000010;ZDRP;20260227;C;;P;20260302;CS24;0.00;0.00;0082;;;;
0900418064;000020;ZDRP;20260227;C;;P;20260302;MV01;0.00;0.00;0055;;;;
0900418064;000030;ZDRP;20260227;C;;P;20260302;KMFOR;0.00;0.00;0084;;;;
0900418064;000040;ZDRP;20260227;C;;P;20260302;MOV0003;0.00;0.00;0070;;;;
0900418067;000010;ZSNB;20260302;C;;M;20260302;000000000000112980;773.84;147.03;0103;;;;
0900418067;000020;ZSNB;20260302;C;;M;20260302;000000000000155514;170.96;32.48;0103;;;;
0900418068;000010;ZDRL;20260228;C;;P;20260302;000000000001033702;0.00;0.00;0083;;;;
0900418068;000020;ZDRL;20260228;C;;P;20260302;000000000000936548;0.00;0.00;0003;;;;
0900418068;000030;ZDRL;20260228;C;;P;20260302;000000000000897419;0.00;0.00;0083;;;;
0900418068;000040;ZDRL;20260228;C;;P;20260302;000000000000936488;0.00;0.00;0251;;;;
0900418068;000050;ZDRL;20260228;C;;P;20260302;CS54;0.00;0.00;0082;;;;
0900418070;000010;ZSNB;20260302;C;;M;20260302;000000000000153240;881.23;167.43;0103;;;;
0900418071;000010;ZSNB;20260302;C;;M;20260302;000000000000806880;610.00;115.90;0019;;;;
0900418072;000010;ZSNB;20260302;C;;M;20260302;000000000000744712;808.04;153.53;0013;;;;
0900418072;000020;ZSNB;20260302;C;;M;20260302;000000000000700940;350.81;66.65;0034;;;;
0900418072;000030;ZSNB;20260302;C;;M;20260302;000000000000746494;1746.74;331.88;0034;;;;
0900418073;000010;ZDRL;20260228;C;;P;20260302;SERV.EXTERNO;0.00;0.00;0086;;;;
0900418073;000020;ZDRL;20260228;C;;P;20260302;000000000000876727;0.00;0.00;0014;;;;
0900418073;000030;ZDRL;20260228;C;;P;20260302;CS58;0.00;0.00;0082;;;;
0900418073;000040;ZDRL;20260228;C;;P;20260302;CS54;0.00;0.00;0082;;;;
0900418073;000050;ZDRL;20260228;C;;P;20260302;VARIOS_LIVIANO;0.00;0.00;0027;;;;
0900418074;000010;ZSNB;20260302;C;;M;20260302;000000000000155105;837.25;159.08;0103;;;;
0900418075;000010;ZDRL;20260302;C;;P;20260302;000000000001065795;0.00;0.00;0003;;;;
0900418075;000020;ZDRL;20260302;C;;P;20260302;000000000000958523;0.00;0.00;0003;;;;
0900418075;000030;ZDRL;20260302;C;;P;20260302;000000000001019930;0.00;0.00;0003;;;;
0900418075;000040;ZDRL;20260302;C;;P;20260302;CS54;0.00;0.00;0082;;;;
0900418077;000010;ZSNB;20260302;C;;M;20260302;000000000000769220;2015.29;382.91;0016;;;;
0900418077;000020;ZSNB;20260302;C;;M;20260302;000000000001034383;532.21;101.12;0016;;;;
0900418077;000030;ZSNB;20260302;C;;M;20260302;000000000000113415;525.70;99.88;0019;;;;
0900418077;000040;ZSNB;20260302;C;;M;20260302;000000000000965215;3848.75;731.26;0016;;;;
0900418077;000050;ZSNB;20260302;C;;M;20260302;000000000000965004;1108.22;210.56;0016;;;;
0900418077;000060;ZSNB;20260302;C;;M;20260302;000000000000964989;479.07;91.02;0016;;;;
0900418077;000070;ZSNB;20260302;C;;M;20260302;000000000000964988;507.31;96.39;0016;;;;
0900418077;000080;ZSNB;20260302;C;;M;20260302;000000000000964990;557.15;105.86;0016;;;;
0900418077;000090;ZSNB;20260302;C;;M;20260302;000000000000965016;1490.37;283.17;0016;;;;
0900418078;000010;ZSNB;20260302;C;;M;20260302;000000000000965016;2235.56;424.75;0016;;;;
0900418078;000020;ZSNB;20260302;C;;M;20260302;000000000000809203;600.50;114.10;0016;;;;
0900418079;000010;ZDRL;20260228;C;;P;20260302;CS58;0.00;0.00;0082;;;;
